检测器版本,参数档,验证状态,事件编号,交易日,事件时间,区间均价确认结束时间,品种,合约,事件开始序号,事件锚点开始序号,事件锚点结束序号,事件结束序号,触发原因,合理价,合理价不确定性_跳,有效参考合约数,参考合约列表,价差基线最少样本数,噪声样本数,噪声覆盖秒数,最新成交价,区间成交均价,末笔向下偏离_跳,末笔向下偏离_基点,区间均价向下偏离_跳,区间均价向下偏离_基点,一秒合并成交均价,一秒合并均价向下偏离_跳,末笔触发阈值_跳,区间均价触发阈值_跳,突发偏离_跳,区间增量成交量,区间增量成交额,事件成交量,名义成交额缺口,回归标签,可见末笔恢复确认秒数,区间均价恢复确认秒数,买一恢复确认秒数,数据质量标记,日线边界判定
aggregated-tick-v1,AUTO_INFERRED_V1,validated,CF607|21:06:29.000,20260227,21:06:29.000,21:06:30.000,CF,CF607,389000,747,748,389000,interval_execution_drop,15348.75,0.37065,4,"CF605,CF609,CF701,CF611",20,115,290.0,15350.0,15083.684210526317,-0.25,-0.8143985666585227,53.01315789473701,172.69535921406307,15162.592592592591,37.23148148148139,20.0,25.5064,53.01315789473701,19.0,286590.0,19.0,5036.250000000016,quote_only_recovered_3s,,4.0,1.0,,建议排除
aggregated-tick-v1,AUTO_INFERRED_V1,validated,SR609|21:30:03.000,20260227,21:30:03.000,21:30:04.000,SR,SR609,1803000,2488,2489,1803000,interval_execution_drop,5320.5,0.7413,5,"SR605,SR607,SR701,SR611,SR603",20,157,290.0,5320.0,5294.747706422018,0.5,0.93976130062964,25.752293577981614,48.402017814080665,5296.74347826087,23.75652173913022,20.0,20.0,25.752293577981614,218.0,1154255.0,218.0,5613.999999999993,trade_recovered_3s,,2.0,1.0,,建议排除
aggregated-tick-v1,AUTO_INFERRED_V1,validated,OI607|21:17:21.000,20260303,21:17:21.000,21:17:22.000,OI,OI607,1041000,1841,1842,1042000,interval_execution_drop,9536.0,5.1891,5,"OI605,OI609,OI701,OI611,OI603",20,151,290.0,9535.0,9502.0,1.0,1.0486577181208054,34.0,35.65436241610738,9502.0,34.0,20.0,33.2912,14.75,3.0,28506.0,7.0,102.0,quote_only_recovered_3s,,,1.0,,建议排除
aggregated-tick-v1,AUTO_INFERRED_V1,validated,OI607|21:17:30.000,20260303,21:17:30.000,21:17:31.000,OI,OI607,1050000,1857,1858,1050000,interval_execution_drop,9537.0,4.4478,5,"OI605,OI609,OI701,OI611,OI603",20,156,290.0,9535.0,9502.0,2.0,2.097095522701059,35.0,36.699171647268535,9502.0,35.0,20.0,33.2912,35.0,31.0,294562.0,31.0,1085.0,quote_only_recovered_3s,,,1.0,,建议排除
aggregated-tick-v1,AUTO_INFERRED_V1,validated,OI609|21:27:59.000,20260306,21:27:59.000,21:28:00.000,OI,OI609,1679000,2814,2815,1680000,interval_execution_drop,9683.5,3.7065,5,"OI605,OI607,OI701,OI611,OI603",20,102,289.0,9683.0,9660.0,0.5,0.5163422316311251,23.5,24.26808488666288,9660.0,23.5,20.0,20.0,12.25,9.0,86940.0,17.0,211.5,quote_only_recovered_3s,,,1.0,,建议排除
aggregated-tick-v1,AUTO_INFERRED_V1,validated,PF604|22:02:07.000,20260306,22:02:07.000,22:02:08.000,PF,PF604,3727000,7338,7339,3728000,interval_execution_drop,7860.0,0.0,2,"PF605,PF608",20,230,290.0,7860.0,7764.0,0.0,0.0,48.0,122.13740458015268,7764.0,48.0,20.0,41.3956,48.0,11.0,85404.0,23.0,1056.0,quote_only_recovered_3s,,,1.0,,建议排除
aggregated-tick-v1,AUTO_INFERRED_V1,validated,PF605|22:01:51.000,20260306,22:01:51.000,22:01:52.000,PF,PF605,3711000,6583,6584,3711000,interval_execution_drop,7844.0,1.4826,3,"PF604,PF608,PF609",20,136,290.0,7844.0,7754.0,0.0,0.0,45.0,114.73737888832228,7754.0,45.0,20.0,41.6108,45.0,22.0,170588.0,22.0,1980.0,quote_only_recovered_3s,,,1.0,,建议排除
aggregated-tick-v1,AUTO_INFERRED_V1,validated,PF605|22:01:56.000,20260306,22:01:56.000,22:01:57.000,PF,PF605,3716000,6590,6591,3716000,interval_execution_drop,7844.0,1.4826,3,"PF604,PF608,PF609",20,138,290.0,7844.0,7754.0,0.0,0.0,45.0,114.73737888832228,7754.0,45.0,20.0,44.826,45.0,9.0,69786.0,9.0,810.0,trade_recovered_3s,,2.0,1.0,,建议排除
aggregated-tick-v1,AUTO_INFERRED_V1,validated,PF605|22:02:08.000,20260306,22:02:08.000,22:02:09.000,PF,PF605,3728000,6613,6613,3729000,interval_execution_drop,7844.0,1.4826,2,"PF604,PF608",20,136,290.0,7844.0,7754.0,0.0,0.0,45.0,114.73737888832228,7754.0,45.0,20.0,44.826,45.0,8.0,62032.0,9.0,720.0,trade_recovered_3s,,2.0,1.0,,建议排除
aggregated-tick-v1,AUTO_INFERRED_V1,validated,MA605|21:09:06.000,20260309,21:09:06.000,21:09:07.000,MA,MA605,546000,1139,1140,546000,interval_execution_drop,2702.5,2.2239,5,"MA609,MA606,MA607,MA604,MA608",20,291,290.0,2698.0,2515.3614363778297,4.5,16.651248843663275,187.1385636221703,692.4646202485487,2584.829989440338,117.67001055966192,42.0824,54.5192,178.6385636221703,1281.0,3222178.0,1281.0,239724.50000000015,trade_recovered_3s,,2.0,1.0,,建议排除
aggregated-tick-v1,AUTO_INFERRED_V1,validated,MA605|21:11:10.000,20260309,21:11:10.000,21:11:11.000,MA,MA605,670000,1387,1388,670000,interval_execution_drop,2691.0,2.2239,5,"MA609,MA606,MA607,MA604,MA608",20,291,290.0,2689.0,2430.668458781362,2.0,7.432181345224824,260.331541218638,967.4156121093944,2503.898589657488,187.10141034251183,48.0128,91.2504,257.831541218638,1116.0,2712626.0,1116.0,290530.0,trade_recovered_3s,,2.0,1.0,,建议排除
aggregated-tick-v1,AUTO_INFERRED_V1,validated,MA605|21:13:10.000,20260309,21:13:10.000,21:13:11.000,MA,MA605,790000,1627,1628,790000,interval_execution_drop,2687.0,2.2239,5,"MA609,MA606,MA607,MA604,MA608",20,291,290.0,2685.0,2414.6479113384485,2.0,7.44324525493115,272.35208866155153,1013.5916958003406,2484.6662286465175,202.3337713534825,41.5824,20.0,268.35208866155153,1173.0,2832382.0,1173.0,319468.99999999994,trade_recovered_3s,,2.0,1.0,,建议排除
aggregated-tick-v1,AUTO_INFERRED_V1,validated,MA606|21:08:16.000,20260309,21:08:16.000,21:08:17.000,MA,MA606,496000,947,948,496000,interval_execution_drop,2648.0,2.9652,5,"MA605,MA609,MA607,MA604,MA608",20,206,290.0,2644.0,2455.6666666666665,4.0,15.105740181268882,192.33333333333348,726.3343403826792,2500.7380952380954,147.2619047619046,20.2912,31.0824,187.83333333333348,33.0,81037.0,33.0,6347.0000000000055,quote_only_recovered_3s,,4.0,1.0,,建议排除
aggregated-tick-v1,AUTO_INFERRED_V1,validated,MA606|21:08:50.000,20260309,21:08:50.000,21:08:51.000,MA,MA606,530000,1012,1013,530000,interval_execution_drop,2639.0,1.4826,5,"MA605,MA609,MA607,MA604,MA608",20,212,290.0,2636.0,2473.3076923076924,3.0,11.367942402425165,165.69230769230762,627.8602034570202,2478.075,160.92500000000018,20.0,42.4432,160.69230769230762,39.0,96459.0,39.0,6461.999999999997,trade_recovered_3s,,2.0,1.0,,建议排除
aggregated-tick-v1,AUTO_INFERRED_V1,validated,MA606|21:09:04.000,20260309,21:09:04.000,21:09:05.000,MA,MA606,544000,1038,1039,544000,interval_execution_drop,2637.5,5.1891,5,"MA605,MA609,MA607,MA604,MA608",20,212,290.0,2634.0,2387.3571428571427,3.5,13.270142180094783,250.14285714285737,948.40893703453,2498.7872340425533,138.71276595744666,20.0,47.8736,244.14285714285737,28.0,66846.0,28.0,7004.0000000000055,trade_recovered_3s,,2.0,1.0,,建议排除
aggregated-tick-v1,AUTO_INFERRED_V1,validated,MA606|21:24:31.000,20260309,21:24:31.000,21:24:32.000,MA,MA606,1471000,2639,2640,1471000,interval_execution_drop,2609.5,0.7413,5,"MA605,MA609,MA607,MA604,MA608",20,130,290.0,2610.0,2481.290322580646,-0.5,-1.9160758766047137,128.20967741935465,491.318940100995,2489.4897959183672,120.01020408163276,20.0,20.0,128.20967741935465,93.0,230760.0,93.0,11923.499999999982,quote_only_recovered_3s,,,1.0,,建议排除
aggregated-tick-v1,AUTO_INFERRED_V1,validated,MA607|21:09:04.000,20260309,21:09:04.000,21:09:05.000,MA,MA607,544000,993,994,544000,interval_execution_drop,2607.0,7.412999999999999,5,"MA605,MA609,MA606,MA604,MA608",20,149,290.0,2614.0,2430.875,-7.0,-26.85078634445723,176.125,675.5849635596471,2515.0975609756097,91.90243902439032,20.0,39.5856,176.125,24.0,58341.0,24.0,4227.0,trade_recovered_3s,,2.0,1.0,,建议排除
aggregated-tick-v1,AUTO_INFERRED_V1,validated,MA607|21:10:49.000,20260309,21:10:49.000,21:10:50.000,MA,MA607,649000,1188,1189,649000,interval_execution_drop,2590.0,5.9304,5,"MA605,MA609,MA606,MA604,MA608",20,164,290.0,2599.0,2452.46875,-9.0,-34.74903474903475,137.53125,531.0086872586872,2487.975,102.02500000000008,20.0,80.3168,137.53125,32.0,78479.0,32.0,4401.0,trade_recovered_3s,,2.0,1.0,,建议排除
aggregated-tick-v1,AUTO_INFERRED_V1,validated,MA607|21:20:07.000,20260309,21:20:07.000,21:20:08.000,MA,MA607,1207000,2115,2116,1207000,interval_execution_drop,2596.0,1.4826,5,"MA605,MA609,MA606,MA604,MA608",20,126,290.0,2598.0,2431.872340425532,-2.0,-7.704160246533128,164.127659574468,632.2328951250693,2435.7916666666665,160.20833333333348,20.0,33.0888,163.627659574468,47.0,114298.0,47.0,7713.999999999996,quote_only_recovered_3s,,9.0,1.0,,建议排除
aggregated-tick-v1,AUTO_INFERRED_V1,validated,MA701|21:14:37.000,20260309,21:14:37.000,21:14:38.000,MA,MA701,877000,1198,1199,877000,interval_execution_drop,2527.0,1.4826,5,"MA605,MA609,MA606,MA607,MA604",20,134,289.0,2528.0,2362.5833333333335,-1.0,-3.957261574990107,164.41666666666652,650.6397572879562,2429.7894736842104,97.2105263157896,60.303999999999995,46.8736,164.41666666666652,12.0,28351.0,12.0,1972.9999999999984,trade_recovered_3s,,2.0,1.0,,建议排除
aggregated-tick-v1,AUTO_INFERRED_V1,validated,OI605|21:08:44.000,20260309,21:08:44.000,21:08:45.000,OI,OI605,524000,1079,1080,524000,interval_execution_drop,9873.75,1.11195,4,"OI609,OI607,OI701,OI611",20,290,290.0,9872.0,9685.253623188406,1.75,1.7723762501582478,188.496376811594,190.90657228671375,9727.948863636364,145.80113636363603,26.1868,91.418,185.746376811594,138.0,1336565.0,138.0,26012.499999999975,trade_recovered_3s,,2.0,1.0,,建议排除
aggregated-tick-v1,AUTO_INFERRED_V1,validated,OI609|21:32:33.000,20260309,21:32:33.000,21:32:34.000,OI,OI609,1953000,3387,3388,1953000,interval_execution_drop,9719.625,1.11195,4,"OI605,OI607,OI701,OI611",20,149,289.0,9719.0,9604.418604651162,0.625,0.6430289234409764,115.20639534883776,118.52967099948584,9617.574468085106,102.05053191489424,20.0,82.74719999999999,114.95639534883776,43.0,412990.0,43.0,4953.875000000024,trade_recovered_3s,,2.0,1.0,,建议排除
aggregated-tick-v1,AUTO_INFERRED_V1,validated,PF604|21:19:02.000,20260309,21:19:02.000,21:19:03.000,PF,PF604,1142000,2000,2001,1142000,interval_execution_drop,8251.0,4.4478,5,"PF606,PF605,PF607,PF608,PF609",20,245,290.0,8248.0,7570.140350877193,1.5,3.635922918434129,340.4298245614036,825.1844008275448,7605.848739495798,322.57563025210084,30.0824,20.0,339.9298245614036,114.0,862996.0,114.0,77618.00000000003,trade_recovered_3s,,2.0,1.0,,建议排除
aggregated-tick-v1,AUTO_INFERRED_V1,validated,PF604|21:20:05.000,20260309,21:20:05.000,21:20:06.000,PF,PF604,1205000,2114,2115,1205000,interval_execution_drop,8264.5,2.59455,5,"PF606,PF605,PF607,PF608,PF609",20,241,290.0,8240.0,7657.175572519084,12.25,29.64486659810031,303.6622137404579,734.8592503852814,7895.549738219896,184.47513089005224,44.6932,43.46879999999999,294.1622137404579,131.0,1003090.0,131.0,79559.49999999997,trade_recovered_3s,,2.0,1.0,,建议排除
aggregated-tick-v1,AUTO_INFERRED_V1,validated,PF604|21:26:42.000,20260309,21:26:42.000,21:26:43.000,PF,PF604,1602000,2858,2859,1602000,interval_execution_drop,8228.25,1.667925,4,"PF606,PF605,PF607,PF609",20,255,290.0,8188.0,7972.2945205479455,20.125,48.91684136967156,127.97773972602728,311.0691574175001,8002.355555555556,112.94722222222208,46.0128,20.0,104.72773972602728,292.0,2327910.0,292.0,74738.99999999993,trade_recovered_3s,,2.0,1.0,,建议排除
aggregated-tick-v1,AUTO_INFERRED_V1,validated,PF604|21:30:05.000,20260309,21:30:05.000,21:30:06.000,PF,PF604,1805000,3204,3205,1805000,interval_execution_drop,8210.0,0.7413,3,"PF606,PF605,PF607",20,246,290.0,8226.0,7559.076923076923,-8.0,-19.4884287454324,325.46153846153857,792.8417502108126,7598.926829268293,305.5365853658536,40.0824,20.0,319.96153846153857,156.0,1179216.0,156.0,101544.00000000004,trade_recovered_3s,,2.0,1.0,,建议排除
aggregated-tick-v1,AUTO_INFERRED_V1,validated,PF604|21:31:54.000,20260309,21:31:54.000,21:31:55.000,PF,PF604,1914000,3393,3394,1914000,interval_execution_drop,8183.0,2.2239,5,"PF606,PF605,PF607,PF608,PF609",20,225,290.0,8196.0,8057.757575757576,-6.5,-15.886594158621532,62.62121212121201,153.0519665677918,8117.8233082706765,32.58834586466173,33.152,20.0,62.62121212121201,429.0,3456778.0,429.0,53728.999999999905,trade_recovered_3s,,2.0,1.0,,建议排除
aggregated-tick-v1,AUTO_INFERRED_V1,validated,PF604|21:37:42.000,20260309,21:37:42.000,21:37:43.000,PF,PF604,2262000,4019,4020,2263000,interval_execution_drop,8162.5,1.85325,4,"PF606,PF605,PF607,PF609",20,240,290.0,8160.0,7972.938461538461,1.25,3.0627871362940273,94.78076923076924,232.23465661444223,8013.40614334471,74.54692832764522,20.0,20.0,92.03076923076924,390.0,3109446.0,879.0,73929.0,trade_recovered_3s,,3.0,1.0,,建议排除
aggregated-tick-v1,AUTO_INFERRED_V1,validated,PF604|21:54:05.000,20260309,21:54:05.000,21:54:06.000,PF,PF604,3245000,5613,5614,3245000,interval_execution_drop,8250.0,6.6716999999999995,5,"PF606,PF605,PF607,PF608,PF609",20,212,290.0,8260.0,7639.507352941177,-5.0,-12.12121212121212,305.2463235294117,739.9910873440284,7712.701639344263,268.64918032786863,39.9432,136.6336,305.2463235294117,272.0,2077946.0,272.0,166053.99999999997,quote_only_recovered_3s,,4.0,1.0,,建议排除
aggregated-tick-v1,AUTO_INFERRED_V1,validated,PF605|21:05:23.000,20260309,21:05:23.000,21:05:24.000,PF,PF605,323000,501,502,323000,interval_execution_drop,8212.0,6.6716999999999995,3,"PF606,PF607,PF608",20,103,290.0,8274.0,7886.75,-31.0,-75.4992693619094,162.625,396.06673161227474,7921.461538461538,145.26923076923094,107.858,20.0,162.625,24.0,189282.0,24.0,7806.0,quote_only_recovered_3s,,4.0,1.0,,建议排除
aggregated-tick-v1,AUTO_INFERRED_V1,validated,PF605|21:21:12.000,20260309,21:21:12.000,21:21:13.000,PF,PF605,1272000,2070,2071,1272000,interval_execution_drop,8105.0,2.9652,4,"PF604,PF606,PF608,PF609",20,104,290.0,8104.0,7376.375,0.5,1.2338062924120914,364.3125,898.98210980876,7582.0,261.5,39.323699999999995,20.0,364.3125,32.0,236044.0,32.0,23316.0,quote_only_recovered_3s,,4.0,1.0,,建议排除
aggregated-tick-v1,AUTO_INFERRED_V1,validated,PF605|21:23:00.000,20260309,21:23:00.000,21:23:01.000,PF,PF605,1380000,2256,2257,1380000,interval_execution_drop,8068.0,0.7413,5,"PF604,PF606,PF607,PF608,PF609",20,132,290.0,8066.0,7625.6,1.0,2.4789291026276645,221.19999999999985,548.339117501239,7778.44776119403,144.77611940298493,22.0064,20.0,218.69999999999985,50.0,381280.0,50.0,22119.99999999998,trade_recovered_3s,,2.0,1.0,,建议排除
aggregated-tick-v1,AUTO_INFERRED_V1,validated,PF605|21:24:47.000,20260309,21:24:47.000,21:24:48.000,PF,PF605,1487000,2449,2450,1487000,interval_execution_drop,8093.0,3.7065,5,"PF604,PF606,PF607,PF608,PF609",20,163,290.0,8074.0,7630.981818181818,9.5,23.47707895712344,231.0090909090909,570.8861754827404,7787.52,152.73999999999978,25.7216,20.0,230.2590909090909,55.0,419704.0,55.0,25411.0,quote_only_recovered_3s,,,1.0,,建议排除
aggregated-tick-v1,AUTO_INFERRED_V1,validated,PF605|21:30:13.000,20260309,21:30:13.000,21:30:14.000,PF,PF605,1813000,2986,2987,1813000,interval_execution_drop,8072.0,2.9652,4,"PF604,PF606,PF607,PF608",20,124,290.0,8080.0,8000.955056179775,-4.0,-9.910802775024775,35.52247191011247,88.0140532956206,8013.778947368421,29.110526315789684,22.2216,20.0,35.52247191011247,178.0,1424170.0,178.0,12646.00000000004,quote_only_recovered_3s,,4.0,1.0,,建议排除
aggregated-tick-v1,AUTO_INFERRED_V1,validated,PF606|21:34:18.000,20260309,21:34:18.000,21:34:19.000,PF,PF606,2058000,3136,3137,2058000,interval_execution_drop,7986.0,2.2239,5,"PF604,PF605,PF607,PF608,PF609",20,117,285.0,7980.0,7837.744680851064,3.0,7.513148009015778,74.127659574468,185.64402598163787,7857.164179104478,64.41791044776119,33.652,44.1776,72.377659574468,188.0,1473496.0,188.0,27871.999999999967,quote_only_recovered_3s,,,1.0,,建议排除
aggregated-tick-v1,AUTO_INFERRED_V1,validated,PR605|21:16:00.000,20260309,21:16:00.000,21:16:01.000,PR,PR605,960000,1582,1582,960000,interval_execution_drop,7671.5,7.04235,2,"PR606,PR607",20,115,289.0,7716.0,7166.790697674419,-22.25,-58.00690868800105,252.35465116279056,657.9017171681954,7346.1016949152545,162.69915254237276,24.6346,20.0,252.35465116279056,43.0,308172.0,43.0,21702.49999999999,trade_recovered_3s,,2.0,1.0,,建议排除
aggregated-tick-v1,AUTO_INFERRED_V1,validated,PX605|21:11:02.000,20260309,21:11:02.000,21:11:03.000,PX,PX605,662000,1325,1326,662000,interval_execution_drop,9417.5,1.4826,4,"PX609,PX606,PX607,PX608",20,139,290.0,9428.0,8272.959537572255,-5.25,-11.149455800371648,572.2702312138726,1215.3336473881022,8442.030303030304,487.734848484848,60.8388,100.1556,572.2702312138726,173.0,1431222.0,173.0,198005.4999999999,trade_recovered_3s,,2.0,1.0,,建议排除
aggregated-tick-v1,AUTO_INFERRED_V1,validated,PX605|21:14:42.000,20260309,21:14:42.000,21:14:43.000,PX,PX605,882000,1763,1764,882000,interval_execution_drop,9359.5,5.1891,4,"PX609,PX606,PX604,PX608",20,202,290.0,9354.0,8421.58371040724,2.75,5.876382285378493,468.9581447963801,1002.10084896924,8969.653012048193,194.9234939759035,41.4432,20.0,465.9581447963801,221.0,1861170.0,221.0,207279.5,trade_recovered_3s,,2.0,1.0,,建议排除
aggregated-tick-v1,AUTO_INFERRED_V1,validated,PX605|21:23:03.000,20260309,21:23:03.000,21:23:04.000,PX,PX605,1383000,2761,2762,1383000,interval_execution_drop,9304.0,2.2239,5,"PX609,PX606,PX607,PX604,PX608",20,275,290.0,9320.0,8287.32824427481,-8.0,-17.196904557179707,508.3358778625952,1092.7254468241513,8544.060790273556,379.96960486322223,38.5128,60.8296,508.3358778625952,262.0,2171280.0,262.0,266367.9999999999,trade_recovered_3s,,2.0,1.0,,建议排除
aggregated-tick-v1,AUTO_INFERRED_V1,validated,PX605|21:31:08.000,20260309,21:31:08.000,21:31:09.000,PX,PX605,1868000,3717,3718,1868000,interval_execution_drop,9388.0,3.7065,5,"PX609,PX606,PX607,PX604,PX608",20,285,290.0,9388.0,8645.336363636363,0.0,0.0,371.33181818181856,791.0775845373212,9007.139037433155,190.43048128342252,29.151999999999997,45.6776,367.33181818181856,440.0,3803948.0,440.0,326772.00000000035,trade_recovered_3s,,2.0,1.0,,建议排除
aggregated-tick-v1,AUTO_INFERRED_V1,validated,PX605|21:32:16.000,20260309,21:32:16.000,21:32:17.000,PX,PX605,1936000,3853,3854,1936000,interval_execution_drop,9261.0,5.559749999999999,4,"PX609,PX606,PX607,PX608",20,286,290.0,9238.0,8775.749077490775,11.5,24.835330957779934,242.62546125461267,523.9724894819408,9024.313725490196,118.3431372549021,27.9368,34.3168,239.12546125461267,542.0,4756456.0,542.0,263006.0000000001,trade_recovered_3s,,2.0,1.0,,建议排除
aggregated-tick-v1,AUTO_INFERRED_V1,validated,PX607|21:13:47.000,20260309,21:13:47.000,21:13:48.000,PX,PX607,827000,946,947,827000,interval_execution_drop,9151.0,6.6716999999999995,5,"PX605,PX609,PX606,PX604,PX608",20,100,288.0,9158.0,8037.2,-3.5,-7.649437219975958,556.9000000000001,1217.1347393727465,8159.454545454545,495.7727272727275,63.303999999999995,105.988,556.9000000000001,10.0,80372.0,10.0,11138.000000000002,quote_only_recovered_3s,,5.0,1.0,,建议排除
aggregated-tick-v1,AUTO_INFERRED_V1,validated,PX609|21:32:16.000,20260309,21:32:16.000,21:32:17.000,PX,PX609,1936000,2977,2978,1936000,interval_execution_drop,8789.0,8.8956,3,"PX606,PX607,PX608",20,113,290.0,8800.0,8385.291666666666,-5.5,-12.51564455569462,201.85416666666697,459.333636742899,8555.641791044776,116.67910447761189,37.0476,115.9752,201.85416666666697,48.0,402494.0,48.0,19378.00000000003,truncated,,,,,建议排除
aggregated-tick-v1,AUTO_INFERRED_V1,validated,PX609|21:39:21.000,20260309,21:39:21.000,21:39:22.000,PX,PX609,2361000,3628,3629,2361000,interval_execution_drop,8884.0,1.4826,5,"PX605,PX606,PX607,PX604,PX608",20,133,289.0,8874.0,7780.666666666667,5.0,11.256190904997748,551.6666666666665,1241.9330631847513,7899.6,492.1999999999998,20.0,68.54479999999998,551.6666666666665,27.0,210078.0,27.0,29789.999999999993,truncated,,,,,建议排除
aggregated-tick-v1,AUTO_INFERRED_V1,validated,SH604|21:04:22.000,20260309,21:04:22.000,21:04:23.000,SH,SH604,262000,512,513,262000,interval_execution_drop,2295.0,5.9304,5,"SH605,SH607,SH606,SH609,SH608",20,146,252.0,2294.0,2191.4117647058824,1.0,4.357298474945534,103.58823529411757,451.3648596693576,2227.76,67.23999999999978,39.0824,46.477999999999994,103.58823529411757,51.0,111762.0,51.0,5282.999999999996,trade_recovered_3s,,2.0,1.0,,建议排除
aggregated-tick-v1,AUTO_INFERRED_V1,validated,SH605|21:06:19.000,20260309,21:06:19.000,21:06:20.000,SH,SH605,379000,786,787,379000,interval_execution_drop,2359.0,2.9652,5,"SH604,SH607,SH606,SH609,SH608",20,278,290.0,2350.0,2219.5104408352668,9.0,38.15175922000848,139.48955916473324,591.30800832867,2252.7158469945357,106.2841530054643,38.5824,67.2344,128.98955916473324,431.0,956609.0,431.0,60120.00000000002,trade_recovered_3s,,2.0,1.0,,建议排除
aggregated-tick-v1,AUTO_INFERRED_V1,validated,SH606|21:06:01.000,20260309,21:06:01.000,21:06:02.000,SH,SH606,361000,625,626,361000,interval_execution_drop,2407.0,7.78365,5,"SH605,SH604,SH607,SH609,SH608",20,114,290.0,2400.0,2311.3,7.0,29.081844619858742,95.69999999999982,397.5903614457824,2339.740740740741,67.25925925925912,81.6648,59.8736,88.19999999999982,20.0,46226.0,20.0,1913.9999999999964,trade_recovered_3s,,2.0,1.0,,建议排除
aggregated-tick-v1,AUTO_INFERRED_V1,validated,TA604|21:12:45.000,20260309,21:12:45.000,21:12:46.000,TA,TA604,765000,1465,1466,765000,interval_execution_drop,6644.5,9.26625,5,"TA605,TA609,TA606,TA607,TA701",20,107,290.0,6686.0,6360.84,-20.75,-62.45767175859733,141.82999999999993,426.9094740010533,6533.025,55.73750000000018,91.6712,50.5384,141.82999999999993,50.0,318042.0,50.0,14182.999999999993,trade_recovered_3s,,2.0,1.0,,建议排除
aggregated-tick-v1,AUTO_INFERRED_V1,validated,TA604|21:29:43.000,20260309,21:29:43.000,21:29:44.000,TA,TA604,1783000,3213,3214,1783000,interval_execution_drop,6637.0,1.4826,5,"TA605,TA609,TA606,TA607,TA701",20,153,289.0,6638.0,6320.915662650603,-0.5,-1.506704836522525,158.0421686746986,476.2457998333542,6448.779661016949,94.11016949152554,20.0,20.95599999999999,158.0421686746986,83.0,524636.0,83.0,26234.999999999964,trade_recovered_3s,,2.0,1.0,,建议排除
aggregated-tick-v1,AUTO_INFERRED_V1,validated,TA604|21:29:55.000,20260309,21:29:55.000,21:29:56.000,TA,TA604,1795000,3237,3238,1795000,interval_execution_drop,6612.5,1.11195,4,"TA605,TA606,TA607,TA701",20,158,290.0,6614.0,6076.109090909091,-0.75,-2.268431001890359,268.1954545454546,811.1771782093144,6255.28,178.61000000000013,20.0,31.10159999999999,268.1954545454546,55.0,334186.0,55.0,29501.500000000007,trade_recovered_3s,,2.0,1.0,,建议排除
aggregated-tick-v1,AUTO_INFERRED_V1,validated,TA604|21:30:02.000,20260309,21:30:02.000,21:30:03.000,TA,TA604,1802000,3250,3251,1802000,interval_execution_drop,6605.0,1.85325,4,"TA605,TA609,TA606,TA701",20,162,290.0,6606.0,6142.774193548387,-0.5,-1.514004542013626,231.11290322580635,699.8119704036529,6499.9473684210525,52.52631578947376,20.0,28.886399999999995,231.11290322580635,62.0,380852.0,62.0,28657.999999999985,trade_recovered_3s,,2.0,1.0,,建议排除
aggregated-tick-v1,AUTO_INFERRED_V1,validated,TA604|21:30:19.000,20260309,21:30:19.000,21:30:20.000,TA,TA604,1819000,3283,3284,1819000,interval_execution_drop,6594.0,2.2239,5,"TA605,TA609,TA606,TA607,TA701",20,172,290.0,6596.0,5940.25,-1.0,-3.0330603579011224,326.875,991.4316044889292,6140.6875,226.65625,20.0,28.886399999999995,326.875,48.0,285132.0,48.0,31380.0,trade_recovered_3s,,2.0,1.0,,建议排除
aggregated-tick-v1,AUTO_INFERRED_V1,validated,TA604|21:31:09.000,20260309,21:31:09.000,21:31:10.000,TA,TA604,1869000,3368,3369,1869000,interval_execution_drop,6598.0,2.2239,5,"TA605,TA609,TA606,TA607,TA701",20,175,290.0,6598.0,6044.0,0.0,0.0,277.0,839.6483782964535,6078.7,259.6500000000001,20.0,28.886399999999995,277.0,57.0,344508.0,57.0,31578.0,trade_recovered_3s,,2.0,1.0,,建议排除
aggregated-tick-v1,AUTO_INFERRED_V1,validated,TA604|21:31:26.000,20260309,21:31:26.000,21:31:27.000,TA,TA604,1886000,3400,3401,1886000,interval_execution_drop,6570.0,1.4826,5,"TA605,TA609,TA606,TA607,TA701",20,173,290.0,6574.0,6088.258064516129,-2.0,-6.088280060882801,240.8709677419356,733.2449550743854,6515.340659340659,27.329670329670535,20.0,22.95599999999999,240.8709677419356,62.0,377472.0,62.0,29868.000000000015,trade_recovered_3s,,2.0,1.0,,建议排除
aggregated-tick-v1,AUTO_INFERRED_V1,validated,TA604|21:32:06.000,20260309,21:32:06.000,21:32:07.000,TA,TA604,1926000,3476,3477,1926000,interval_execution_drop,6538.0,8.1543,4,"TA605,TA609,TA606,TA607",20,178,290.0,6554.0,5921.622641509434,-8.0,-24.47231569287244,308.18867924528286,942.7613314324958,6299.68,119.15999999999984,20.0,46.1776,308.18867924528286,53.0,313846.0,53.0,32667.99999999998,quote_only_recovered_3s,,4.0,1.0,,建议排除
aggregated-tick-v1,AUTO_INFERRED_V1,validated,TA605|21:04:03.000,20260309,21:04:03.000,21:04:04.000,TA,TA605,243000,489,490,243000,interval_execution_drop,6866.5,4.8184499999999995,5,"TA609,TA604,TA606,TA607,TA701",20,103,233.0,6864.0,6028.5084745762715,1.25,3.6408650695405225,418.99576271186424,1220.405629394493,6621.538461538462,122.48076923076906,35.9542,52.1845,415.49576271186424,826.0,4979548.0,826.0,692180.9999999998,trade_recovered_3s,,2.0,1.0,,建议排除
aggregated-tick-v1,AUTO_INFERRED_V1,validated,TA605|21:15:14.000,20260309,21:15:14.000,21:15:15.000,TA,TA605,914000,1831,1832,914000,interval_execution_drop,6622.0,5.1891,4,"TA609,TA604,TA606,TA607",20,184,290.0,6618.0,5891.745583038869,2.0,6.040471156750226,365.1272084805655,1102.7701856857914,6062.866396761134,279.56680161943314,41.9954,20.0,363.1272084805655,1415.0,8336820.0,1415.0,1033310.0000000003,trade_recovered_3s,,2.0,1.0,,建议排除
aggregated-tick-v1,AUTO_INFERRED_V1,validated,TA605|21:27:26.000,20260309,21:27:26.000,21:27:27.000,TA,TA605,1646000,3295,3296,1646000,interval_execution_drop,6629.0,2.9652,5,"TA609,TA604,TA606,TA607,TA701",20,288,290.0,6636.0,5999.988924780803,-3.5,-10.559662090813092,314.5055376095984,948.8777722419622,6106.5873902633675,261.20630486831624,20.0,20.0,314.5055376095984,2167.0,13001976.0,2167.0,1363066.9999999993,trade_recovered_3s,,2.0,1.0,,建议排除
aggregated-tick-v1,AUTO_INFERRED_V1,validated,TA606|21:10:48.000,20260309,21:10:48.000,21:10:49.000,TA,TA606,648000,984,985,648000,interval_execution_drop,6592.0,0.0,5,"TA605,TA609,TA604,TA607,TA701",20,104,290.0,6592.0,5992.875,0.0,0.0,299.5625,908.8668082524272,6229.916666666667,181.04166666666652,66.1648,51.129999999999995,299.5625,16.0,95886.0,16.0,9586.0,trade_recovered_3s,,2.0,1.0,,建议排除
aggregated-tick-v1,AUTO_INFERRED_V1,validated,TA606|21:13:28.000,20260309,21:13:28.000,21:13:29.000,TA,TA606,808000,1286,1287,808000,interval_execution_drop,6598.0,2.59455,5,"TA605,TA609,TA604,TA607,TA701",20,121,290.0,6558.0,6003.8,20.0,60.62443164595332,297.0999999999999,900.5759321006362,6140.24,228.8800000000001,49.175799999999995,73.1776,297.0999999999999,20.0,120076.0,20.0,11883.999999999996,trade_recovered_3s,,2.0,1.0,,建议排除
aggregated-tick-v1,AUTO_INFERRED_V1,validated,TA606|21:31:09.000,20260309,21:31:09.000,21:31:10.000,TA,TA606,1869000,3222,3223,1869000,interval_execution_drop,6539.0,1.4826,5,"TA605,TA609,TA604,TA607,TA701",20,116,290.0,6534.0,6223.05,2.5,7.64642911760208,157.9749999999999,483.17785594127514,6345.0,97.0,20.0,61.95599999999999,155.4749999999999,80.0,497844.0,80.0,25275.999999999985,trade_recovered_3s,,2.0,1.0,,建议排除
aggregated-tick-v1,AUTO_INFERRED_V1,validated,TA606|21:35:29.000,20260309,21:35:29.000,21:35:30.000,TA,TA606,2129000,3695,3696,2129000,interval_execution_drop,6486.0,2.2239,5,"TA605,TA609,TA604,TA607,TA701",20,132,290.0,6494.0,6428.238095238095,-4.0,-12.334258402713536,28.880952380952294,89.05628239578259,6434.54128440367,25.729357798164983,20.0,20.0,28.380952380952294,210.0,1349930.0,210.0,12129.999999999964,quote_only_recovered_3s,,10.0,1.0,,建议排除
aggregated-tick-v1,AUTO_INFERRED_V1,validated,AP605|09:21:08.000,20260316,09:21:08.000,09:21:09.000,AP,AP605,44468000,2351,2352,44468000,interval_execution_drop,10018.5,8.8956,5,"AP610,AP701,AP604,AP611,AP612",20,193,290.0,10008.0,9843.736842105263,10.5,10.4806108698907,174.76315789473665,174.4404430750478,9892.015625,126.484375,42.5476,59.553999999999995,168.01315789473665,95.0,935155.0,95.0,16602.49999999998,trade_recovered_3s,,2.0,1.0,,建议排除
aggregated-tick-v1,AUTO_INFERRED_V1,validated,RM607|21:32:01.000,20260313,21:32:01.000,21:32:02.000,RM,RM607,1921000,2546,2547,1921000,interval_execution_drop,2418.5,0.7413,5,"RM605,RM609,RM701,RM611,RM608",20,117,288.0,2416.0,2392.605590062112,2.5,10.336985734959686,25.894409937888213,107.06805845725953,2395.997252747253,22.502747252747213,20.0,20.0,22.894409937888213,322.0,770419.0,322.0,8338.000000000004,trade_recovered_3s,,2.0,1.0,,建议排除
aggregated-tick-v1,AUTO_INFERRED_V1,validated,OI607|22:00:15.000,20260316,22:00:15.000,22:00:16.000,OI,OI607,3615000,5603,5604,3615000,interval_execution_drop,9780.5,1.4826,4,"OI605,OI609,OI701,OI611",20,160,290.0,9786.0,9732.517857142857,-5.5,-5.623434384745155,47.98214285714312,49.058987635747776,9745.328125,35.171875,20.0,20.0,47.98214285714312,56.0,545021.0,56.0,2687.0000000000146,trade_recovered_3s,,2.0,1.0,,建议排除
aggregated-tick-v1,AUTO_INFERRED_V1,validated,OI605|21:03:32.000,20260317,21:03:32.000,21:03:33.000,OI,OI605,212000,451,452,212000,interval_execution_drop,9828.75,1.4826,4,"OI609,OI607,OI701,OI611",20,132,202.0,9826.0,9758.893617021276,2.75,2.797914282080631,69.85638297872356,71.07351695660543,9784.06106870229,44.68893129770913,20.0,41.3704,67.85638297872356,94.0,917336.0,94.0,6566.500000000015,trade_recovered_3s,,2.0,1.0,,建议排除
aggregated-tick-v1,AUTO_INFERRED_V1,validated,OI607|21:06:20.000,20260317,21:06:20.000,21:06:21.000,OI,OI607,380000,714,715,380000,interval_execution_drop,9789.0,1.4826,5,"OI605,OI609,OI701,OI611,OI703",20,110,290.0,9788.0,9649.0,1.0,1.021554806415364,140.0,143.01767289815098,9678.4,110.60000000000036,20.0,43.9432,137.5,4.0,38596.0,4.0,560.0,trade_recovered_3s,,2.0,1.0,,建议排除
aggregated-tick-v1,AUTO_INFERRED_V1,validated,OI607|21:08:21.000,20260317,21:08:21.000,21:08:22.000,OI,OI607,501000,911,912,501000,interval_execution_drop,9759.0,4.4478,5,"OI605,OI609,OI701,OI611,OI703",20,129,290.0,9761.0,9704.608695652174,-2.0,-2.0493903063838506,54.39130434782601,55.73450594100421,9716.37037037037,42.62962962962956,20.0,20.0,54.39130434782601,23.0,223206.0,23.0,1250.9999999999982,trade_recovered_3s,,2.0,1.0,,建议排除
aggregated-tick-v1,AUTO_INFERRED_V1,validated,OI607|21:09:58.000,20260317,21:09:58.000,21:09:59.000,OI,OI607,598000,1069,1070,598000,interval_execution_drop,9766.25,1.11195,5,"OI605,OI609,OI701,OI611,OI703",20,145,288.0,9769.0,9660.833333333334,-2.75,-2.8158197875335977,105.41666666666606,107.93975852212064,9672.85,93.39999999999964,20.0,45.3736,105.41666666666606,18.0,173895.0,18.0,1897.499999999989,quote_only_recovered_3s,,4.0,1.0,,建议排除
aggregated-tick-v1,AUTO_INFERRED_V1,validated,OI607|21:11:31.000,20260317,21:11:31.000,21:11:32.000,OI,OI607,691000,1233,1234,691000,interval_execution_drop,9760.625,0.7413,4,"OI605,OI609,OI611,OI703",20,153,290.0,9761.0,9720.146341463416,-0.375,-0.384196708714862,40.4786585365855,41.47137968786374,9730.74,29.88500000000022,20.0,20.0,40.4786585365855,41.0,398526.0,41.0,1659.6250000000057,trade_recovered_3s,,2.0,1.0,,建议排除
aggregated-tick-v1,AUTO_INFERRED_V1,validated,OI607|21:14:04.000,20260317,21:14:04.000,21:14:05.000,OI,OI607,844000,1495,1496,844000,interval_execution_drop,9768.5,1.4826,5,"OI605,OI609,OI701,OI611,OI703",20,139,290.0,9766.0,9669.129032258064,2.5,2.55924655781338,99.3709677419356,101.72592285605324,9711.039215686274,57.460784313725526,20.0,20.0,99.3709677419356,31.0,299743.0,31.0,3080.5000000000036,quote_only_recovered_3s,,,1.0,,建议排除
aggregated-tick-v1,AUTO_INFERRED_V1,validated,SF607|09:53:58.000,20260318,09:53:58.000,09:53:59.000,SF,SF607,46438000,4833,4834,46438000,interval_execution_drop,5997.0,0.0,5,"SF605,SF606,SF608,SF609,SF604",20,166,289.0,5996.0,5881.721804511279,0.5,1.6675004168751042,57.6390977443607,192.22643903405267,5883.375464684015,56.81226765799238,20.0,20.0,57.6390977443607,266.0,1564538.0,266.0,30663.99999999989,quote_only_recovered_3s,,5.0,1.0,,建议排除
aggregated-tick-v1,AUTO_INFERRED_V1,validated,SR605|21:07:10.000,20260317,21:07:10.000,21:07:11.000,SR,SR605,430000,872,873,430000,interval_execution_drop,5415.5,0.0,5,"SR609,SR607,SR701,SR611,SR703",20,280,290.0,5415.0,5343.727626459144,0.5,0.9232757824762255,71.77237354085628,132.53138868222007,5344.015503875969,71.48449612403056,20.0,20.0,71.52237354085628,257.0,1373338.0,257.0,18445.500000000065,trade_recovered_3s,,2.0,1.0,,建议排除
aggregated-tick-v1,AUTO_INFERRED_V1,validated,SR607|09:52:59.000,20260318,09:52:59.000,09:53:00.000,SR,SR607,46379000,13734,13735,46379000,interval_execution_drop,5389.5,0.7413,5,"SR605,SR609,SR701,SR611,SR703",20,125,290.0,5390.0,5354.378752886836,-0.5,-0.9277298450691158,35.12124711316392,65.16605828585938,5366.53154875717,22.96845124283027,20.0,20.0,35.12124711316392,433.0,2318446.0,433.0,15207.499999999976,trade_recovered_3s,,2.0,1.0,,建议排除
aggregated-tick-v1,AUTO_INFERRED_V1,validated,MA607|21:16:24.000,20260319,21:16:24.000,21:16:25.000,MA,MA607,984000,1795,1796,984000,interval_execution_drop,2982.5,3.7065,5,"MA605,MA609,MA606,MA610,MA701",20,121,290.0,2980.0,2888.627450980392,2.5,8.382229673093043,93.87254901960796,314.7445063524156,2890.903846153846,91.5961538461538,34.8672,20.0,89.87254901960796,51.0,147320.0,51.0,4787.5000000000055,trade_recovered_3s,,2.0,1.0,,建议排除
aggregated-tick-v1,AUTO_INFERRED_V1,validated,MA607|21:17:10.000,20260319,21:17:10.000,21:17:11.000,MA,MA607,1030000,1881,1882,1030000,interval_execution_drop,2977.0,2.2239,5,"MA605,MA609,MA606,MA610,MA701",20,128,290.0,2976.0,2887.9454545454546,1.0,3.359086328518643,89.0545454545454,299.14190612880554,2919.16,57.840000000000146,31.651999999999997,20.0,86.5545454545454,55.0,158837.0,55.0,4897.999999999997,trade_recovered_3s,,2.0,1.0,,建议排除
aggregated-tick-v1,AUTO_INFERRED_V1,validated,MA607|21:18:02.000,20260319,21:18:02.000,21:18:03.000,MA,MA607,1082000,1979,1980,1082000,interval_execution_drop,2981.0,2.2239,5,"MA605,MA609,MA606,MA610,MA701",20,123,290.0,2979.0,2910.902777777778,2.0,6.709158000670916,70.09722222222217,235.1466696485145,2942.5045871559632,38.49541284403677,20.0,20.0,68.09722222222217,72.0,209585.0,72.0,5046.999999999996,trade_recovered_3s,,2.0,1.0,,建议排除
aggregated-tick-v1,AUTO_INFERRED_V1,validated,PF605|21:16:43.000,20260319,21:16:43.000,21:16:44.000,PF,PF605,1003000,1889,1890,1003000,interval_execution_drop,8266.0,2.2239,5,"PF606,PF607,PF608,PF604,PF609",20,181,289.0,8264.0,8159.406451612903,1.0,2.4195499637067504,53.29677419354857,128.95420806568734,8172.761904761905,46.619047619047706,20.0,36.303999999999995,52.54677419354857,155.0,1264708.0,155.0,16522.00000000006,quote_only_recovered_3s,,4.0,1.0,,建议排除
aggregated-tick-v1,AUTO_INFERRED_V1,validated,PF605|21:19:04.000,20260319,21:19:04.000,21:19:05.000,PF,PF605,1144000,2151,2152,1144000,interval_execution_drop,8241.0,0.7413,5,"PF606,PF607,PF608,PF604,PF609",20,173,290.0,8240.0,8035.0,0.5,1.2134449702705985,103.0,249.96966387574324,8098.333333333333,71.33333333333348,20.0,33.303999999999995,100.5,112.0,899920.0,112.0,23072.0,trade_recovered_3s,,2.0,1.0,,建议排除
aggregated-tick-v1,AUTO_INFERRED_V1,validated,PF606|21:13:22.000,20260319,21:13:22.000,21:13:23.000,PF,PF606,802000,1532,1533,802000,interval_execution_drop,8244.0,1.4826,5,"PF605,PF607,PF608,PF604,PF609",20,221,289.0,8242.0,7997.25,1.0,2.42600679281902,123.375,299.3085880640466,8110.263157894737,66.86842105263167,20.0,40.6584,122.875,120.0,959670.0,120.0,29610.0,trade_recovered_3s,,2.0,1.0,,建议排除
aggregated-tick-v1,AUTO_INFERRED_V1,validated,PF607|21:08:55.000,20260319,21:08:55.000,21:08:56.000,PF,PF607,535000,979,980,535000,interval_execution_drop,8296.0,0.7413,5,"PF606,PF605,PF608,PF604,PF609",20,113,290.0,8298.0,8052.153846153846,-1.0,-2.410800385728062,121.92307692307712,293.9322008753065,8095.032258064516,100.48387096774196,20.0,46.0824,121.92307692307712,26.0,209356.0,26.0,6340.000000000011,quote_only_recovered_3s,,4.0,1.0,,建议排除
aggregated-tick-v1,AUTO_INFERRED_V1,validated,PF607|21:17:03.000,20260319,21:17:03.000,21:17:04.000,PF,PF607,1023000,1820,1821,1023000,interval_execution_drop,8217.0,2.9652,5,"PF606,PF605,PF608,PF604,PF609",20,125,290.0,8218.0,8076.784810126583,-0.5,-1.2169891687963976,70.10759493670867,170.64036737667925,8097.977272727273,59.51136363636351,20.0,45.6648,70.10759493670867,79.0,638066.0,79.0,11076.999999999967,trade_recovered_3s,,2.0,1.0,,建议排除
aggregated-tick-v1,AUTO_INFERRED_V1,validated,PF607|21:18:25.000,20260319,21:18:25.000,21:18:26.000,PF,PF607,1105000,1967,1968,1105000,interval_execution_drop,8227.0,0.7413,5,"PF606,PF605,PF608,PF604,PF609",20,117,290.0,8224.0,8022.64705882353,1.5,3.6465297192172113,102.17647058823512,248.3930244031485,8049.736842105263,88.63157894736833,20.0,49.59519999999999,102.17647058823512,68.0,545540.0,68.0,13895.999999999978,trade_recovered_3s,,2.0,1.0,,建议排除
aggregated-tick-v1,AUTO_INFERRED_V1,validated,PF607|21:19:58.000,20260319,21:19:58.000,21:19:59.000,PF,PF607,1198000,2139,2140,1198000,interval_execution_drop,8185.0,1.4826,5,"PF606,PF605,PF608,PF604,PF609",20,130,290.0,8186.0,8013.205128205128,-0.5,-1.221747098350641,85.89743589743603,209.88988612690537,8087.909090909091,48.545454545454504,20.0,26.0888,85.89743589743603,78.0,625030.0,78.0,13400.00000000002,trade_recovered_3s,,2.0,1.0,,建议排除
aggregated-tick-v1,AUTO_INFERRED_V1,validated,PF607|21:20:04.000,20260319,21:20:04.000,21:20:05.000,PF,PF607,1204000,2151,2152,1204000,interval_execution_drop,8181.0,0.0,5,"PF606,PF605,PF608,PF604,PF609",20,133,290.0,8180.0,8078.314814814815,0.5,1.2223444566678892,51.34259259259261,125.51666689302678,8126.7172413793105,27.141379310344742,20.0,22.373599999999996,51.34259259259261,108.0,872458.0,108.0,11090.000000000004,trade_recovered_3s,,2.0,1.0,,建议排除
aggregated-tick-v1,AUTO_INFERRED_V1,validated,PF607|21:32:31.000,20260319,21:32:31.000,21:32:32.000,PF,PF607,1951000,3424,3425,1951000,interval_execution_drop,8247.0,0.7413,5,"PF606,PF605,PF608,PF604,PF609",20,117,290.0,8250.0,8050.813559322034,-1.5,-3.6376864314296102,98.09322033898296,237.88825109490233,8080.840579710145,83.0797101449275,20.0,67.1648,98.09322033898296,177.0,1424994.0,177.0,34724.99999999997,quote_only_recovered_3s,,,1.0,,建议排除
aggregated-tick-v1,AUTO_INFERRED_V1,validated,PR605|21:20:12.000,20260319,21:20:12.000,21:20:13.000,PR,PR605,1212000,2192,2193,1212000,interval_execution_drop,8456.0,1.4826,3,"PR606,PR607,PR604",20,233,290.0,8456.0,7847.872340425532,0.0,0.0,304.0638297872342,719.1670524769021,8147.62962962963,154.18518518518522,21.7912,58.95599999999999,303.0638297872342,47.0,368850.0,47.0,28582.00000000002,trade_recovered_3s,,2.0,1.0,,建议排除
aggregated-tick-v1,AUTO_INFERRED_V1,validated,PR605|21:26:36.000,20260319,21:26:36.000,21:26:37.000,PR,PR605,1596000,2881,2882,1596000,interval_execution_drop,8435.0,8.1543,3,"PR606,PR607,PR604",20,204,290.0,8414.0,7915.304347826087,10.5,24.896265560165972,259.8478260869565,616.1181412850184,8137.869158878505,148.5654205607475,35.044399999999996,63.52719999999999,250.8478260869565,69.0,546156.0,69.0,35859.0,trade_recovered_3s,,2.0,1.0,,建议排除
aggregated-tick-v1,AUTO_INFERRED_V1,validated,PR605|22:22:17.000,20260319,22:22:17.000,22:22:18.000,PR,PR605,4937000,7954,7955,4937000,interval_execution_drop,8185.0,0.7413,4,"PR606,PR607,PR604,PR609",20,221,290.0,8186.0,7922.469135802469,-0.5,-1.221747098350641,131.26543209876536,320.74632156081947,7948.373540856032,118.31322957198428,22.4716,20.0,130.76543209876536,243.0,1925160.0,243.0,63794.99999999996,trade_recovered_3s,,2.0,1.0,,建议排除
aggregated-tick-v1,AUTO_INFERRED_V1,validated,PX605|21:13:05.000,20260319,21:13:05.000,21:13:06.000,PX,PX605,785000,1581,1582,785000,interval_execution_drop,9743.0,5.1891,5,"PX609,PX606,PX607,PX608,PX701",20,286,290.0,9722.0,9326.166666666666,10.5,21.55393615929385,208.41666666666697,427.82852646344446,9477.29411764706,132.85294117647027,20.2912,56.1648,200.41666666666697,216.0,2014452.0,216.0,90036.00000000013,trade_recovered_3s,,2.0,1.0,,建议排除
aggregated-tick-v1,AUTO_INFERRED_V1,validated,PX605|21:13:37.000,20260319,21:13:37.000,21:13:38.000,PX,PX605,817000,1645,1646,817000,interval_execution_drop,9733.0,3.33585,4,"PX606,PX607,PX608,PX701",20,283,290.0,9716.0,9338.821705426357,8.5,17.46635158738313,197.08914728682157,404.9915694787251,9496.314136125657,118.34293193717258,20.7912,63.5604,185.08914728682157,258.0,2409416.0,258.0,101697.99999999993,trade_recovered_3s,,2.0,1.0,,建议排除
aggregated-tick-v1,AUTO_INFERRED_V1,validated,PX605|21:13:45.000,20260319,21:13:45.000,21:13:46.000,PX,PX605,825000,1661,1662,825000,interval_execution_drop,9735.0,2.9652,5,"PX609,PX606,PX607,PX608,PX701",20,283,290.0,9714.0,9310.20080321285,10.5,21.57164869029276,212.3995983935747,436.36281128623466,9379.506944444443,177.74652777777737,20.7912,60.09519999999999,200.3995983935747,249.0,2318240.0,249.0,105775.0000000002,trade_recovered_3s,,2.0,1.0,,建议排除
aggregated-tick-v1,AUTO_INFERRED_V1,validated,PX606|21:16:44.000,20260319,21:16:44.000,21:16:45.000,PX,PX606,1004000,1883,1884,1004000,interval_execution_drop,9652.0,8.1543,5,"PX605,PX609,PX607,PX608,PX701",20,137,290.0,9628.0,9219.466666666667,12.0,24.865312888520513,216.2666666666664,448.12819450200254,9405.391304347826,123.304347826087,27.6868,97.608,209.7666666666664,15.0,138292.0,15.0,6487.999999999993,quote_only_recovered_3s,,4.0,1.0,,建议排除
aggregated-tick-v1,AUTO_INFERRED_V1,validated,PX606|21:21:35.000,20260319,21:21:35.000,21:21:36.000,PX,PX606,1295000,2436,2437,1295000,interval_execution_drop,9670.0,4.4478,5,"PX605,PX609,PX607,PX608,PX701",20,100,290.0,9676.0,9360.866666666669,-3.0,-6.204756980351602,154.5666666666666,319.6828679765597,9451.15,109.42500000000018,40.0824,20.0,154.5666666666666,30.0,280826.0,30.0,9273.999999999996,quote_only_recovered_3s,,,1.0,,建议排除
aggregated-tick-v1,AUTO_INFERRED_V1,validated,PX609|21:12:26.000,20260319,21:12:26.000,21:12:27.000,PX,PX609,746000,1359,1360,746000,interval_execution_drop,9402.0,1.4826,5,"PX605,PX606,PX607,PX608,PX701",20,142,290.0,9400.0,9275.884615384615,1.0,2.127206977238885,63.05769230769238,134.136763045506,9279.471698113208,61.26415094339609,33.0824,53.6648,59.30769230769238,52.0,482346.0,52.0,6558.000000000007,quote_only_recovered_3s,,4.0,1.0,,建议排除
aggregated-tick-v1,AUTO_INFERRED_V1,validated,PX609|21:14:42.000,20260319,21:14:42.000,21:14:43.000,PX,PX609,882000,1613,1614,882000,interval_execution_drop,9387.0,5.9304,3,"PX605,PX606,PX607",20,162,290.0,9404.0,8991.2,-8.5,-18.110152338340257,197.89999999999964,421.6469585597095,9164.448979591836,111.27551020408193,37.5128,89.3928,197.89999999999964,30.0,269736.0,30.0,11873.999999999978,quote_only_recovered_3s,,7.0,1.0,,建议排除
aggregated-tick-v1,AUTO_INFERRED_V1,validated,PX609|21:16:41.000,20260319,21:16:41.000,21:16:42.000,PX,PX609,1001000,1833,1834,1001000,interval_execution_drop,9334.0,4.4478,5,"PX605,PX606,PX607,PX608,PX701",20,184,290.0,9348.0,9022.615384615385,-7.0,-14.998928647953717,155.69230769230762,333.60254487316826,9042.585365853658,145.707317073171,34.0824,103.4688,155.69230769230762,39.0,351882.0,39.0,12143.999999999996,trade_recovered_3s,,2.0,1.0,,建议排除
aggregated-tick-v1,AUTO_INFERRED_V1,validated,PX609|21:18:58.000,20260319,21:18:58.000,21:18:59.000,PX,PX609,1138000,2072,2073,1138000,interval_execution_drop,9331.0,5.9304,5,"PX605,PX606,PX607,PX608,PX701",20,163,289.0,9326.0,9040.91304347826,2.5,5.358482477762298,145.04347826086996,310.88517470982737,9097.666666666666,116.66666666666696,31.5824,96.9688,144.41847826086996,46.0,415882.0,46.0,13344.000000000036,trade_recovered_3s,,2.0,1.0,,建议排除
aggregated-tick-v1,AUTO_INFERRED_V1,validated,PX609|21:20:55.000,20260319,21:20:55.000,21:20:56.000,PX,PX609,1255000,2280,2281,1255000,interval_execution_drop,9334.0,2.59455,5,"PX605,PX606,PX607,PX608,PX701",20,156,290.0,9332.0,9081.846153846154,1.0,2.142704092564817,126.07692307692288,270.1455390549022,9177.565217391304,78.21739130434798,31.44,40.0256,126.07692307692288,65.0,590320.0,65.0,16389.99999999997,trade_recovered_3s,,2.0,1.0,,建议排除
aggregated-tick-v1,AUTO_INFERRED_V1,validated,TA605|21:13:01.000,20260319,21:13:01.000,21:13:02.000,TA,TA605,781000,1624,1625,781000,interval_execution_drop,6729.0,3.7065,5,"TA609,TA606,TA607,TA701,TA608",20,291,290.0,6726.0,6503.265270506108,1.5,4.458314757021846,112.8673647469459,335.46549189165074,6645.814831066257,41.59258446687136,25.2216,39.9432,110.8673647469459,1146.0,7452742.0,1146.0,258692.0,trade_recovered_3s,,2.0,1.0,,建议排除
aggregated-tick-v1,AUTO_INFERRED_V1,validated,TA605|21:13:08.000,20260319,21:13:08.000,21:13:09.000,TA,TA605,788000,1638,1639,788000,interval_execution_drop,6718.0,4.4478,5,"TA609,TA606,TA607,TA701,TA608",20,291,290.0,6712.0,6434.7625,3.0,8.931229532598987,141.6187500000001,421.6098541232512,6581.10067114094,68.44966442953,25.2216,39.9432,138.1187500000001,960.0,6177372.0,960.0,271908.0000000002,trade_recovered_3s,,2.0,1.0,,建议排除
aggregated-tick-v1,AUTO_INFERRED_V1,validated,TA605|21:13:15.000,20260319,21:13:15.000,21:13:16.000,TA,TA605,795000,1652,1653,795000,interval_execution_drop,6704.0,3.7065,5,"TA609,TA606,TA607,TA701,TA608",20,291,290.0,6700.0,6488.625429553264,2.0,5.966587112171838,107.68728522336778,321.2627840792595,6601.192738921516,51.40363053924193,25.2216,39.4432,103.68728522336778,1164.0,7552760.0,1164.0,250696.0000000002,trade_recovered_3s,,2.0,1.0,,建议排除
aggregated-tick-v1,AUTO_INFERRED_V1,validated,TA606|21:09:15.000,20260319,21:09:15.000,21:09:16.000,TA,TA606,555000,1096,1097,555000,interval_execution_drop,6769.0,5.9304,5,"TA605,TA609,TA607,TA701,TA608",20,182,290.0,6754.0,6403.609756097561,7.5,22.159846358398585,182.6951219512193,539.7994443823884,6508.178571428572,130.41071428571422,49.1584,81.38,175.1951219512193,41.0,262548.0,41.0,14980.999999999984,quote_only_recovered_3s,,11.0,1.0,,建议排除
aggregated-tick-v1,AUTO_INFERRED_V1,validated,TA606|21:14:46.000,20260319,21:14:46.000,21:14:47.000,TA,TA606,886000,1720,1721,886000,interval_execution_drop,6721.0,0.7413,5,"TA605,TA609,TA607,TA701,TA608",20,152,290.0,6724.0,6460.571428571428,-1.5,-4.463621484898081,130.21428571428578,387.4848555699621,6525.19587628866,97.90206185567013,20.0,60.09519999999999,130.21428571428578,77.0,497464.0,77.0,20053.00000000001,trade_recovered_3s,,2.0,1.0,,建议排除
aggregated-tick-v1,AUTO_INFERRED_V1,validated,TA606|21:20:09.000,20260319,21:20:09.000,21:20:10.000,TA,TA606,1209000,2351,2352,1209000,interval_execution_drop,6662.0,2.9652,5,"TA605,TA609,TA607,TA701,TA608",20,185,290.0,6658.0,6409.699115044248,2.0,6.004202942059441,126.15044247787591,378.71642893388145,6531.775280898876,65.1123595505619,20.0,20.0,123.65044247787591,113.0,724296.0,113.0,28509.999999999956,trade_recovered_3s,,2.0,1.0,,建议排除
aggregated-tick-v1,AUTO_INFERRED_V1,validated,TA607|21:12:13.000,20260319,21:12:13.000,21:12:14.000,TA,TA607,733000,1405,1406,733000,interval_execution_drop,6704.0,1.4826,5,"TA605,TA609,TA606,TA701,TA608",20,136,290.0,6698.0,6463.688888888889,3.0,8.949880668257757,120.15555555555557,358.45929461681254,6469.782608695652,117.108695652174,20.0,58.1648,118.65555555555557,45.0,290866.0,45.0,10814.0,quote_only_recovered_3s,,5.0,1.0,,建议排除
aggregated-tick-v1,AUTO_INFERRED_V1,validated,TA607|21:12:50.000,20260319,21:12:50.000,21:12:51.000,TA,TA607,770000,1477,1478,770000,interval_execution_drop,6685.0,3.7065,5,"TA605,TA609,TA606,TA701,TA608",20,144,290.0,6680.0,6374.756756756757,2.5,7.479431563201197,155.12162162162167,464.08862115668416,6439.688888888889,122.65555555555557,20.0,38.8736,153.12162162162167,37.0,235866.0,37.0,11479.000000000004,trade_recovered_3s,,2.0,1.0,,建议排除
aggregated-tick-v1,AUTO_INFERRED_V1,validated,TA607|21:19:08.000,20260319,21:19:08.000,21:19:09.000,TA,TA607,1148000,2206,2207,1148000,interval_execution_drop,6633.0,0.7413,5,"TA605,TA609,TA606,TA701,TA608",20,139,290.0,6630.0,6562.941176470588,1.5,4.522840343735866,35.029411764705856,105.62162449783162,6570.149068322981,31.425465838509353,20.0,23.873599999999996,33.654411764705856,153.0,1004130.0,153.0,10718.999999999993,trade_recovered_3s,,2.0,1.0,,建议排除
aggregated-tick-v1,AUTO_INFERRED_V1,validated,TA608|21:10:13.000,20260319,21:10:13.000,21:10:14.000,TA,TA608,613000,1152,1153,613000,interval_execution_drop,6666.5,1.85325,5,"TA605,TA609,TA606,TA607,TA701",20,101,290.0,6666.0,6433.315789473684,0.25,0.7500187504687617,116.59210526315792,349.78506041598416,6499.254901960784,83.62254901960796,21.2216,78.09519999999999,115.09210526315792,38.0,244466.0,38.0,8861.000000000002,trade_recovered_3s,,2.0,1.0,,建议排除
aggregated-tick-v1,AUTO_INFERRED_V1,validated,TA609|21:20:38.000,20260319,21:20:38.000,21:20:39.000,TA,TA609,1238000,2462,2463,1238000,interval_execution_drop,6514.0,1.4826,5,"TA605,TA606,TA607,TA701,TA608",20,250,290.0,6520.0,6314.538961038961,-3.0,-9.2109303039607,99.73051948051943,306.2036213709531,6398.112359550561,57.943820224719275,20.0,24.373599999999996,99.73051948051943,308.0,1944878.0,308.0,61433.99999999997,trade_recovered_3s,,2.0,1.0,,建议排除
aggregated-tick-v1,AUTO_INFERRED_V1,validated,TA610|21:13:26.000,20260319,21:13:26.000,21:13:27.000,TA,TA610,806000,1228,1229,806000,interval_execution_drop,6470.0,4.4478,5,"TA605,TA609,TA606,TA607,TA701",20,124,289.0,6472.0,6283.555555555556,-1.0,-3.091190108191654,93.22222222222216,288.16761119697736,6358.153846153846,55.92307692307713,20.0,44.803999999999995,92.22222222222216,9.0,56552.0,9.0,1677.999999999999,quote_only_recovered_3s,,4.0,1.0,,建议排除
aggregated-tick-v1,AUTO_INFERRED_V1,validated,SM606|09:08:49.000,20260323,09:08:49.000,09:08:50.000,SM,SM606,43729000,1043,1044,43729000,interval_execution_drop,6513.0,0.0,5,"SM605,SM607,SM609,SM608,SM604",20,204,290.0,6512.0,6426.116504854369,0.5,1.5353907569476433,43.44174757281553,133.40011537790735,6434.403508771929,39.298245614035295,20.0,20.0,43.44174757281553,103.0,661890.0,103.0,8949.0,trade_recovered_3s,,2.0,1.0,,建议排除
aggregated-tick-v1,AUTO_INFERRED_V1,validated,PX605|21:10:55.000,20260323,21:10:55.000,21:10:56.000,PX,PX605,655000,1385,1386,655000,interval_execution_drop,9693.0,3.7065,5,"PX609,PX606,PX607,PX608,PX610",20,290,290.0,9696.0,9586.190926275993,-1.5,-3.095017022593624,53.404536862003624,110.19196711441994,9591.758181818182,50.620909090908754,29.6694,45.303999999999995,53.404536862003624,1058.0,10142190.0,1058.0,113003.99999999968,trade_recovered_3s,,2.0,1.0,,建议排除
aggregated-tick-v1,AUTO_INFERRED_V1,validated,MA605|21:05:14.000,20260324,21:05:14.000,21:05:15.000,MA,MA605,314000,701,702,314000,interval_execution_drop,3164.5,0.7413,5,"MA609,MA610,MA606,MA701,MA607",20,233,290.0,3163.0,3014.0533596837945,1.5,4.740085321535788,150.4466403162055,475.41994095814664,3050.7238239757207,113.77617602427928,20.0,26.0824,150.4466403162055,506.0,1525111.0,506.0,76125.99999999999,trade_recovered_3s,,2.0,1.0,,建议排除
aggregated-tick-v1,AUTO_INFERRED_V1,validated,MA606|22:27:54.000,20260324,22:27:54.000,22:27:55.000,MA,MA606,5274000,8157,8158,5274000,interval_execution_drop,3062.0,7.412999999999999,5,"MA605,MA609,MA610,MA701,MA607",20,104,290.0,3053.0,2982.673333333333,9.0,29.39255388634879,79.32666666666682,259.06814718049253,2998.005882352941,63.99411764705883,32.652,37.1648,70.57666666666682,150.0,447401.0,150.0,11899.000000000024,quote_only_recovered_3s,,7.0,1.0,,建议排除
aggregated-tick-v1,AUTO_INFERRED_V1,validated,PF605|21:05:18.000,20260324,21:05:18.000,21:05:19.000,PF,PF605,318000,626,627,318000,interval_execution_drop,8262.0,3.7065,5,"PF606,PF607,PF608,PF604,PF609",20,134,290.0,8264.0,8073.069767441861,-1.0,-2.420721374969741,94.46511627906966,228.67372616574596,8083.155555555555,89.42222222222244,20.0,26.0128,93.96511627906966,43.0,347142.0,43.0,8123.999999999991,quote_only_recovered_3s,,4.0,1.0,,建议排除
aggregated-tick-v1,AUTO_INFERRED_V1,validated,PF605|21:12:58.000,20260324,21:12:58.000,21:12:59.000,PF,PF605,778000,1385,1386,778000,interval_execution_drop,8255.0,0.7413,5,"PF606,PF607,PF608,PF604,PF609",20,104,290.0,8254.0,8150.019801980198,0.5,1.2113870381586918,52.49009900990086,127.17165114452057,8160.293577981652,47.353211009174174,20.0,31.943199999999997,51.24009900990086,101.0,823152.0,101.0,10602.999999999976,trade_recovered_3s,,2.0,1.0,,建议排除
aggregated-tick-v1,AUTO_INFERRED_V1,validated,PF605|21:13:05.000,20260324,21:13:05.000,21:13:06.000,PF,PF605,785000,1398,1399,785000,interval_execution_drop,8254.0,0.7413,5,"PF606,PF607,PF608,PF604,PF609",20,105,290.0,8250.0,8104.493827160494,2.0,4.8461352071722805,74.75308641975289,181.13178197177828,8172.775193798449,40.61240310077528,20.0,26.0128,73.25308641975289,81.0,656464.0,81.0,12109.999999999967,quote_only_recovered_3s,,4.0,1.0,,建议排除
aggregated-tick-v1,AUTO_INFERRED_V1,validated,PF606|21:07:59.000,20260324,21:07:59.000,21:08:00.000,PF,PF606,479000,935,936,479000,interval_execution_drop,8241.0,2.59455,5,"PF607,PF605,PF608,PF604,PF609",20,257,290.0,8250.0,8050.414414414415,-4.5,-10.921004732435383,95.29279279279262,231.26512023490503,8118.113924050633,61.44303797468365,20.0,23.5128,95.29279279279262,111.0,893596.0,111.0,21154.999999999964,trade_recovered_3s,,2.0,1.0,,建议排除
aggregated-tick-v1,AUTO_INFERRED_V1,validated,PF606|21:14:07.000,20260324,21:14:07.000,21:14:08.000,PF,PF606,847000,1562,1563,847000,interval_execution_drop,8262.0,0.0,5,"PF607,PF605,PF608,PF604,PF609",20,192,290.0,8262.0,7940.932038834952,0.0,0.0,160.53398058252424,388.60803820509375,7950.301886792453,155.84905660377353,20.0,53.234399999999994,159.78398058252424,103.0,817916.0,103.0,33069.99999999999,quote_only_recovered_3s,,6.0,1.0,,建议排除
aggregated-tick-v1,AUTO_INFERRED_V1,validated,PF606|22:00:00.000,20260324,22:00:00.000,22:00:01.000,PF,PF606,3600000,5462,5463,3600000,interval_execution_drop,8190.0,0.7413,5,"PF607,PF605,PF608,PF604,PF609",20,133,289.0,8188.0,8029.768115942029,1.0,2.442002442002442,80.1159420289855,195.6433260781087,8047.0,71.5,20.0,20.0,78.1159420289855,345.0,2770270.0,345.0,55279.99999999999,quote_only_recovered_3s,,,1.0,,建议排除
aggregated-tick-v1,AUTO_INFERRED_V1,validated,PF606|22:10:28.000,20260324,22:10:28.000,22:10:29.000,PF,PF606,4228000,6382,6383,4228000,interval_execution_drop,8148.0,0.7413,5,"PF607,PF605,PF608,PF604,PF609",20,123,289.0,8150.0,7813.514563106796,-1.0,-2.454590083456063,167.24271844660188,410.5123182292633,7927.879003558719,110.06049822064053,20.0,20.0,167.24271844660188,206.0,1609584.0,206.0,68903.99999999997,trade_recovered_3s,,2.0,1.0,,建议排除
aggregated-tick-v1,AUTO_INFERRED_V1,validated,PF606|22:11:28.000,20260324,22:11:28.000,22:11:29.000,PF,PF606,4288000,6483,6484,4288000,interval_execution_drop,8146.0,0.7413,5,"PF607,PF605,PF608,PF604,PF609",20,144,290.0,8146.0,8079.989380530974,0.0,0.0,33.00530973451305,81.0343965983625,8092.518760195759,26.74061990212067,20.0,20.0,32.00530973451305,565.0,4565194.0,565.0,37295.999999999745,trade_recovered_3s,,2.0,1.0,,建议排除
aggregated-tick-v1,AUTO_INFERRED_V1,validated,PF606|22:11:48.000,20260324,22:11:48.000,22:11:49.000,PF,PF606,4308000,6521,6522,4308000,interval_execution_drop,8145.0,0.0,5,"PF607,PF605,PF608,PF604,PF609",20,153,290.0,8142.0,7863.8130081300815,1.5,3.6832412523020257,140.59349593495926,345.2265093553328,7906.884892086331,119.05755395683444,20.0,20.0,140.09349593495926,246.0,1934498.0,246.0,69171.99999999996,trade_recovered_3s,,2.0,1.0,,建议排除
aggregated-tick-v1,AUTO_INFERRED_V1,validated,PF606|22:15:25.000,20260324,22:15:25.000,22:15:26.000,PF,PF606,4525000,6861,6862,4525000,interval_execution_drop,8144.0,0.7413,5,"PF607,PF605,PF608,PF604,PF609",20,179,290.0,8146.0,8066.470383275261,-1.0,-2.455795677799607,38.76480836236942,95.1984488270369,8096.429184549356,23.785407725321875,20.0,20.0,38.76480836236942,574.0,4630154.0,574.0,44502.000000000095,quote_only_recovered_3s,,4.0,1.0,,建议排除
aggregated-tick-v1,AUTO_INFERRED_V1,validated,PF606|22:15:35.000,20260324,22:15:35.000,22:15:36.000,PF,PF606,4535000,6881,6882,4535000,interval_execution_drop,8135.0,0.7413,5,"PF607,PF605,PF608,PF604,PF609",20,175,290.0,8138.0,8006.3218390804595,-1.5,-3.687768899815612,64.33908045977023,158.17843997485,8043.211538461538,45.894230769230944,20.0,20.0,64.33908045977023,435.0,3482750.0,435.0,55975.0000000001,trade_recovered_3s,,2.0,1.0,,建议排除
aggregated-tick-v1,AUTO_INFERRED_V1,validated,PF607|21:04:14.000,20260324,21:04:14.000,21:04:15.000,PF,PF607,254000,466,467,254000,interval_execution_drop,8276.0,4.4478,5,"PF606,PF605,PF608,PF604,PF609",20,101,244.0,8274.0,7916.0,1.0,2.416626389560174,180.0,434.9927501208313,7950.909090909091,162.5454545454545,20.0,26.547599999999996,177.5,10.0,79160.0,10.0,3600.0,quote_only_recovered_3s,,4.0,1.0,,建议排除
aggregated-tick-v1,AUTO_INFERRED_V1,validated,PF607|21:08:02.000,20260324,21:08:02.000,21:08:03.000,PF,PF607,482000,829,830,482000,interval_execution_drop,8256.5,4.8184499999999995,4,"PF606,PF605,PF608,PF609",20,118,290.0,8254.0,7899.529411764706,1.25,3.027917398413371,178.48529411764684,432.35098193580046,8023.2,116.65000000000008,20.0,29.5128,173.48529411764684,17.0,134292.0,17.0,6068.499999999993,trade_recovered_3s,,2.0,1.0,,建议排除
aggregated-tick-v1,AUTO_INFERRED_V1,validated,PR605|21:03:32.000,20260324,21:03:32.000,21:03:33.000,PR,PR605,212000,415,416,212000,interval_execution_drop,8214.5,2.2239,4,"PR606,PR607,PR604,PR608",20,112,202.0,8214.0,7880.285714285715,0.25,0.6086797735711242,167.10714285714266,406.8589515056124,8073.586206896552,70.45689655172418,20.0,24.565,166.10714285714266,14.0,110324.0,14.0,4678.9999999999945,trade_recovered_3s,,2.0,1.0,,建议排除
aggregated-tick-v1,AUTO_INFERRED_V1,validated,PR605|21:04:46.000,20260324,21:04:46.000,21:04:47.000,PR,PR605,286000,547,548,286000,interval_execution_drop,8199.0,1.11195,4,"PR606,PR607,PR604,PR608",20,166,276.0,8200.0,7795.733333333334,-0.5,-1.2196609342602756,201.6333333333332,491.8485994226935,7889.684210526316,154.65789473684208,20.0,38.694799999999994,201.6333333333332,15.0,116936.0,15.0,6048.999999999996,trade_recovered_3s,,2.0,1.0,,建议排除
aggregated-tick-v1,AUTO_INFERRED_V1,validated,PR605|21:38:46.000,20260324,21:38:46.000,21:38:47.000,PR,PR605,2326000,3259,3260,2326000,interval_execution_drop,8136.5,1.4826,4,"PR606,PR607,PR604,PR608",20,122,289.0,8136.0,7941.764705882353,0.25,0.6145148405333988,97.36764705882342,239.33545642186056,7994.11320754717,71.19339622641519,20.0,20.0,96.86764705882342,85.0,675050.0,85.0,16552.49999999998,trade_recovered_3s,,2.0,1.0,,建议排除
aggregated-tick-v1,AUTO_INFERRED_V1,validated,PR605|22:39:44.000,20260324,22:39:44.000,22:39:45.000,PR,PR605,5984000,7481,7481,5984000,interval_execution_drop,8096.5,2.2239,4,"PR606,PR607,PR604,PR608",20,102,290.0,8094.0,7948.7692307692305,1.25,3.087753967763849,73.86538461538476,182.4625075412456,8013.167785234899,41.66610738255031,20.0,20.0,73.86538461538476,208.0,1653344.0,208.0,30728.00000000006,trade_recovered_3s,,2.0,1.0,,建议排除
aggregated-tick-v1,AUTO_INFERRED_V1,validated,PR605|22:41:13.000,20260324,22:41:13.000,22:41:14.000,PR,PR605,6073000,7613,7614,6073000,interval_execution_drop,8061.0,1.11195,4,"PR606,PR607,PR604,PR608",20,131,290.0,8060.0,7812.325925925926,0.5,1.240540875821858,124.33703703703712,308.4903536460418,7898.7444444444445,81.12777777777774,20.0,37.44959999999999,124.33703703703712,135.0,1054664.0,135.0,33571.00000000003,truncated,,,,,建议排除
aggregated-tick-v1,AUTO_INFERRED_V1,validated,PX605|21:03:00.000,20260324,21:03:00.000,21:03:01.000,PX,PX605,180000,399,400,180000,interval_execution_drop,9739.0,2.2239,5,"PX609,PX606,PX607,PX608,PX610",20,101,170.0,9738.0,9523.064102564103,0.5,1.0267994660642776,107.96794871794827,221.7228641912892,9584.4039408867,77.29802955665036,20.0,71.45599999999999,106.46794871794827,156.0,1485598.0,156.0,33685.99999999986,trade_recovered_3s,,2.0,1.0,,建议排除
aggregated-tick-v1,AUTO_INFERRED_V1,validated,PX605|21:03:53.000,20260324,21:03:53.000,21:03:54.000,PX,PX605,233000,505,506,233000,interval_execution_drop,9700.0,2.2239,5,"PX609,PX606,PX607,PX608,PX610",20,154,223.0,9696.0,9209.91111111111,2.0,4.123711340206186,245.0444444444447,505.2462772050406,9430.18918918919,134.90540540540496,20.0,97.108,239.5444444444447,90.0,828892.0,90.0,44108.00000000005,trade_recovered_3s,,2.0,1.0,,建议排除
aggregated-tick-v1,AUTO_INFERRED_V1,validated,PX605|21:04:01.000,20260324,21:04:01.000,21:04:02.000,PX,PX605,241000,521,522,241000,interval_execution_drop,9699.0,1.4826,5,"PX609,PX606,PX607,PX608,PX610",20,162,231.0,9694.0,9106.23076923077,2.5,5.155170636148056,296.38461538461524,611.1653064947216,9444.377358490568,127.31132075471668,20.0,102.0384,291.88461538461524,78.0,710286.0,78.0,46235.99999999998,trade_recovered_3s,,2.0,1.0,,建议排除
aggregated-tick-v1,AUTO_INFERRED_V1,validated,PX605|21:04:28.000,20260324,21:04:28.000,21:04:29.000,PX,PX605,268000,575,576,268000,interval_execution_drop,9733.0,3.7065,5,"PX609,PX606,PX607,PX608,PX610",20,189,258.0,9730.0,9095.638554216868,1.5,3.082297338949964,318.6807228915659,654.8458294288829,9430.819277108434,151.09036144578295,20.0,91.1428,314.6807228915659,83.0,754938.0,83.0,52900.99999999994,trade_recovered_3s,,2.0,1.0,,建议排除
aggregated-tick-v1,AUTO_INFERRED_V1,validated,PX605|21:04:44.000,20260324,21:04:44.000,21:04:45.000,PX,PX605,284000,607,608,284000,interval_execution_drop,9709.0,0.7413,5,"PX609,PX606,PX607,PX608,PX610",20,205,274.0,9708.0,9292.943089430892,0.5,1.0299721907508497,208.02845528455327,428.52704765589306,9457.439153439154,125.78042328042284,20.0,86.71239999999999,207.52845528455327,123.0,1143032.0,123.0,51175.0000000001,trade_recovered_3s,,2.0,1.0,,建议排除
aggregated-tick-v1,AUTO_INFERRED_V1,validated,PX605|21:05:15.000,20260324,21:05:15.000,21:05:16.000,PX,PX605,315000,669,670,315000,interval_execution_drop,9682.0,2.2239,5,"PX609,PX606,PX607,PX608,PX610",20,236,290.0,9676.0,9416.766666666666,3.0,6.197066721751704,132.6166666666668,273.94477724987973,9551.277027027028,65.36148648648668,20.0,64.45599999999999,129.6166666666668,180.0,1695018.0,180.0,47742.00000000005,trade_recovered_3s,,2.0,1.0,,建议排除
aggregated-tick-v1,AUTO_INFERRED_V1,validated,PX605|21:05:20.000,20260324,21:05:20.000,21:05:21.000,PX,PX605,320000,679,680,320000,interval_execution_drop,9689.0,4.4478,5,"PX609,PX606,PX607,PX608,PX610",20,241,290.0,9680.0,9124.36,4.5,9.288884301785531,282.3199999999997,582.7639591289085,9207.008695652174,240.9956521739132,20.0,63.95599999999999,278.3199999999997,100.0,912436.0,100.0,56463.99999999994,trade_recovered_3s,,2.0,1.0,,建议排除
aggregated-tick-v1,AUTO_INFERRED_V1,validated,PX605|21:06:05.000,20260324,21:06:05.000,21:06:06.000,PX,PX605,365000,768,769,365000,interval_execution_drop,9731.0,2.9652,5,"PX609,PX606,PX607,PX608,PX610",20,286,290.0,9730.0,9418.634146341465,0.5,1.027643613194944,156.18292682926858,321.0007744923823,9549.9940652819,90.50296735905069,20.0,56.41799999999999,156.18292682926858,205.0,1930820.0,205.0,64035.00000000012,trade_recovered_3s,,2.0,1.0,,建议排除
aggregated-tick-v1,AUTO_INFERRED_V1,validated,PX605|21:08:07.000,20260324,21:08:07.000,21:08:08.000,PX,PX605,487000,1004,1005,487000,interval_execution_drop,9709.0,1.4826,5,"PX609,PX606,PX607,PX608,PX610",20,289,290.0,9706.0,9420.783673469388,1.5,3.089916572252549,144.10816326530585,296.8548012468964,9458.584837545126,125.207581227437,20.0,52.59519999999999,144.10816326530585,245.0,2308092.0,245.0,70612.99999999987,trade_recovered_3s,,2.0,1.0,,建议排除
aggregated-tick-v1,AUTO_INFERRED_V1,validated,PX605|21:13:22.000,20260324,21:13:22.000,21:13:23.000,PX,PX605,802000,1606,1607,802000,interval_execution_drop,9709.0,2.9652,5,"PX609,PX606,PX607,PX608,PX610",20,277,290.0,9698.0,9509.91489361702,5.5,11.329694098259344,99.5425531914898,205.05212316714344,9526.284584980238,91.35770750988104,20.0,46.5192,96.0425531914898,470.0,4469660.0,470.0,93570.0000000004,trade_recovered_3s,,2.0,1.0,,建议排除
aggregated-tick-v1,AUTO_INFERRED_V1,validated,PX605|21:14:48.000,20260324,21:14:48.000,21:14:49.000,PX,PX605,888000,1760,1761,888000,interval_execution_drop,9701.0,3.7065,5,"PX609,PX606,PX607,PX608,PX610",20,267,290.0,9692.0,9453.916256157636,4.5,9.277394083084218,123.54187192118206,254.69925146104953,9478.813483146068,111.09325842696671,20.0,53.94959999999999,120.04187192118206,406.0,3838290.0,406.0,100315.99999999984,trade_recovered_3s,,2.0,1.0,,建议排除
aggregated-tick-v1,AUTO_INFERRED_V1,validated,PX605|21:15:05.000,20260324,21:15:05.000,21:15:06.000,PX,PX605,905000,1794,1795,905000,interval_execution_drop,9677.0,1.4826,5,"PX609,PX606,PX607,PX608,PX610",20,267,290.0,9656.0,9249.886639676111,10.5,21.70094037408288,213.5566801619434,441.3695983506116,9553.799696509865,61.600151745068615,20.0,37.3736,205.5566801619434,247.0,2284722.0,247.0,105497.00000000004,trade_recovered_3s,,2.0,1.0,,建议排除
aggregated-tick-v1,AUTO_INFERRED_V1,validated,PX605|21:15:30.000,20260324,21:15:30.000,21:15:31.000,PX,PX605,930000,1844,1845,930000,interval_execution_drop,9646.0,2.2239,5,"PX609,PX606,PX607,PX608,PX610",20,269,290.0,9632.0,9165.856502242152,7.0,14.51378809869376,240.07174887892415,497.76435595878945,9485.41796875,80.291015625,20.0,33.6584,233.57174887892415,223.0,2043986.0,223.0,107072.00000000016,trade_recovered_3s,,2.0,1.0,,建议排除
aggregated-tick-v1,AUTO_INFERRED_V1,validated,PX605|21:18:25.000,20260324,21:18:25.000,21:18:26.000,PX,PX605,1105000,2186,2187,1105000,interval_execution_drop,9675.0,3.7065,5,"PX609,PX606,PX607,PX608,PX610",20,269,290.0,9674.0,9182.475471698112,0.5,1.0335917312661498,246.26226415094337,509.0692798985909,9190.527881040893,242.2360594795537,21.2912,53.59519999999999,244.26226415094337,265.0,2433356.0,265.0,130518.99999999996,trade_recovered_3s,,2.0,1.0,,建议排除
aggregated-tick-v1,AUTO_INFERRED_V1,validated,PX605|21:40:42.000,20260324,21:40:42.000,21:40:43.000,PX,PX605,2442000,4568,4568,2442000,interval_execution_drop,9600.0,2.9652,5,"PX609,PX606,PX607,PX608,PX610",20,256,290.0,9608.0,9135.052631578948,-4.0,-8.333333333333334,232.4736842105267,484.3201754385973,9226.72,186.64000000000033,24.2216,20.0,232.4736842105267,418.0,3818452.0,418.0,194348.00000000032,trade_recovered_3s,,2.0,1.0,,建议排除
aggregated-tick-v1,AUTO_INFERRED_V1,validated,PX605|21:58:10.000,20260324,21:58:10.000,21:58:11.000,PX,PX605,3490000,6275,6276,3490000,interval_execution_drop,9573.0,1.85325,4,"PX609,PX606,PX607,PX608",20,204,290.0,9566.0,9135.7578125,3.5,7.312232320066855,218.62109375,456.7452078763188,9190.933333333332,191.03333333333376,20.0,20.0,217.62109375,512.0,4677508.0,512.0,223868.0,trade_recovered_3s,,2.0,1.0,,建议排除
aggregated-tick-v1,AUTO_INFERRED_V1,validated,PX605|22:04:11.000,20260324,22:04:11.000,22:04:12.000,PX,PX605,3851000,6931,6932,3851000,interval_execution_drop,9520.0,6.6716999999999995,5,"PX609,PX606,PX607,PX608,PX610",20,245,290.0,9510.0,9083.532567049808,5.0,10.504201680672267,218.23371647509612,458.47419427541206,9172.415584415585,173.7922077922076,24.5064,20.0,209.73371647509612,522.0,4741604.0,522.0,227836.00000000035,trade_recovered_3s,,2.0,1.0,,建议排除
aggregated-tick-v1,AUTO_INFERRED_V1,validated,PX605|22:04:45.000,20260324,22:04:45.000,22:04:46.000,PX,PX605,3885000,6996,6997,3885000,interval_execution_drop,9521.0,4.4478,5,"PX609,PX606,PX607,PX608,PX610",20,250,290.0,9518.0,9211.35,1.5,3.150929524209642,154.82499999999982,325.2284423905048,9262.169712793731,129.4151436031334,20.0,20.0,151.32499999999982,680.0,6263718.0,680.0,210561.99999999977,trade_recovered_3s,,2.0,1.0,,建议排除
aggregated-tick-v1,AUTO_INFERRED_V1,validated,PX605|22:10:28.000,20260324,22:10:28.000,22:10:29.000,PX,PX605,4228000,7639,7640,4228000,interval_execution_drop,9454.0,0.7413,4,"PX609,PX607,PX608,PX610",20,270,290.0,9448.0,9382.825745682889,3.0,6.346519991537973,35.58712715855563,75.28480465105909,9394.372372372372,29.813813813813795,20.0,20.0,32.58712715855563,1274.0,11953720.0,1274.0,90675.99999999977,trade_recovered_3s,,2.0,1.0,,建议排除
aggregated-tick-v1,AUTO_INFERRED_V1,validated,PX609|21:18:29.000,20260324,21:18:29.000,21:18:30.000,PX,PX609,1109000,1902,1903,1109000,interval_execution_drop,9416.0,1.4826,5,"PX605,PX606,PX607,PX608,PX610",20,105,289.0,9424.0,9029.92857142857,-4.0,-8.496176720475786,193.03571428571468,410.016385483676,9262.590163934428,76.70491803278674,20.0,30.373599999999996,193.03571428571468,28.0,252838.0,28.0,10810.000000000022,trade_recovered_3s,,2.0,1.0,,建议排除
aggregated-tick-v1,AUTO_INFERRED_V1,validated,PX609|21:22:43.000,20260324,21:22:43.000,21:22:44.000,PX,PX609,1363000,2304,2305,1363000,interval_execution_drop,9389.0,2.2239,5,"PX605,PX606,PX607,PX608,PX610",20,107,290.0,9390.0,8939.692307692309,-0.5,-1.0650761529449355,224.65384615384573,478.5469084116429,9187.52,100.73999999999978,20.0,64.5256,224.65384615384573,26.0,232432.0,26.0,11681.999999999978,trade_recovered_3s,,2.0,1.0,,建议排除
aggregated-tick-v1,AUTO_INFERRED_V1,validated,PX609|21:36:04.000,20260324,21:36:04.000,21:36:05.000,PX,PX609,2164000,3510,3511,2164000,interval_execution_drop,9370.5,1.11195,5,"PX605,PX606,PX607,PX608,PX610",20,113,290.0,9370.0,8863.888888888889,0.25,0.5335894562723441,253.30555555555569,540.644694638612,9024.64,172.9300000000003,20.7216,28.303999999999995,253.30555555555569,36.0,319100.0,36.0,18238.000000000007,trade_recovered_3s,,2.0,1.0,,建议排除
aggregated-tick-v1,AUTO_INFERRED_V1,validated,SH605|21:03:22.000,20260324,21:03:22.000,21:03:23.000,SH,SH605,202000,432,433,202000,interval_execution_drop,2589.0,3.7065,5,"SH607,SH609,SH606,SH608,SH701",20,123,192.0,2585.0,2419.093220338983,4.0,15.44998068752414,169.90677966101703,656.2641161105331,2483.0604395604396,105.9395604395604,20.0,48.1584,165.40677966101703,118.0,285453.0,118.0,20049.000000000007,trade_recovered_3s,,2.0,1.0,,建议排除
aggregated-tick-v1,AUTO_INFERRED_V1,validated,SH605|21:03:56.000,20260324,21:03:56.000,21:03:57.000,SH,SH605,236000,500,501,236000,interval_execution_drop,2589.0,1.4826,5,"SH607,SH609,SH606,SH608,SH701",20,157,226.0,2584.0,2425.3230769230768,5.0,19.312475859405176,163.67692307692323,632.2013251329596,2477.9139784946237,111.08602150537628,20.0,72.09519999999999,159.67692307692323,130.0,315292.0,130.0,21278.000000000025,trade_recovered_3s,,2.0,1.0,,建议排除
aggregated-tick-v1,AUTO_INFERRED_V1,validated,SH605|21:50:12.000,20260324,21:50:12.000,21:50:13.000,SH,SH605,3012000,5591,5592,3012000,interval_execution_drop,2585.0,0.7413,5,"SH607,SH609,SH606,SH608,SH701",20,162,290.0,2578.0,2429.25,7.0,27.07930367504835,155.75,602.514506769826,2468.032258064516,116.9677419354839,20.0,20.0,150.25,528.0,1282644.0,528.0,82236.0,trade_recovered_3s,,2.0,1.0,,建议排除
aggregated-tick-v1,AUTO_INFERRED_V1,validated,SH607|22:28:49.000,20260324,22:28:49.000,22:28:50.000,SH,SH607,5329000,5886,5887,5329000,interval_execution_drop,2595.0,1.4826,5,"SH605,SH609,SH606,SH608,SH701",20,166,290.0,2593.0,2467.6444444444446,2.0,7.707129094412331,127.35555555555538,490.7728537786334,2543.4880952380954,51.51190476190459,20.0,31.234399999999994,125.85555555555538,90.0,222088.0,90.0,11461.999999999984,quote_only_recovered_3s,,4.0,1.0,,建议排除
aggregated-tick-v1,AUTO_INFERRED_V1,validated,TA605|21:03:44.000,20260324,21:03:44.000,21:03:45.000,TA,TA605,224000,489,490,224000,interval_execution_drop,6697.0,1.4826,5,"TA609,TA606,TA607,TA701,TA608",20,145,214.0,6700.0,6291.484764542936,-1.5,-4.4796177392862475,202.75761772853184,605.5177474347673,6388.276923076923,154.36153846153866,20.0,41.803999999999995,202.75761772853184,361.0,2271226.0,361.0,146391.0,trade_recovered_3s,,2.0,1.0,,建议排除
aggregated-tick-v1,AUTO_INFERRED_V1,validated,TA605|21:04:34.000,20260324,21:04:34.000,21:04:35.000,TA,TA605,274000,589,590,274000,interval_execution_drop,6719.0,0.7413,5,"TA609,TA606,TA607,TA701,TA608",20,195,264.0,6718.0,6414.4731182795695,0.5,1.488316713796696,152.26344086021527,453.2324478649063,6476.612005856516,121.19399707174216,20.0,42.7692,151.76344086021527,558.0,3579276.0,558.0,169926.00000000023,trade_recovered_3s,,2.0,1.0,,建议排除
aggregated-tick-v1,AUTO_INFERRED_V1,validated,TA605|21:05:54.000,20260324,21:05:54.000,21:05:55.000,TA,TA605,354000,749,750,354000,interval_execution_drop,6709.0,1.4826,5,"TA609,TA606,TA607,TA701,TA608",20,275,290.0,6712.0,6381.578767123287,-1.5,-4.471605306304964,163.71061643835628,488.03284077614035,6512.328193832599,98.33590308370049,20.0,31.873599999999996,163.71061643835628,584.0,3726842.0,584.0,191214.00000000015,trade_recovered_3s,,2.0,1.0,,建议排除
aggregated-tick-v1,AUTO_INFERRED_V1,validated,TA605|21:12:16.000,20260324,21:12:16.000,21:12:17.000,TA,TA605,736000,1511,1512,736000,interval_execution_drop,6696.0,0.7413,5,"TA609,TA606,TA607,TA701,TA608",20,288,290.0,6694.0,6306.598639455782,1.0,2.986857825567503,194.7006802721089,581.5432505140649,6374.476517754868,160.76174112256604,20.0,54.6648,193.7006802721089,735.0,4635350.0,735.0,286210.0000000001,trade_recovered_3s,,2.0,1.0,,建议排除
aggregated-tick-v1,AUTO_INFERRED_V1,validated,TA606|21:04:58.000,20260324,21:04:58.000,21:04:59.000,TA,TA606,298000,582,583,298000,interval_execution_drop,6721.0,0.7413,5,"TA605,TA609,TA607,TA701,TA608",20,146,288.0,6720.0,6331.6,0.5,1.4878738282993602,194.69999999999985,579.3780687397704,6377.928571428572,171.53571428571422,20.0,23.5128,194.69999999999985,25.0,158290.0,25.0,9734.99999999999,trade_recovered_3s,,2.0,1.0,,建议排除
aggregated-tick-v1,AUTO_INFERRED_V1,validated,TA606|21:05:16.000,20260324,21:05:16.000,21:05:17.000,TA,TA606,316000,618,619,316000,interval_execution_drop,6700.0,0.7413,5,"TA605,TA609,TA607,TA701,TA608",20,155,290.0,6700.0,6537.36,0.0,0.0,81.32000000000016,242.74626865671692,6596.823529411765,51.58823529411757,20.0,23.0128,80.82000000000016,50.0,326868.0,50.0,8132.000000000016,quote_only_recovered_3s,,8.0,1.0,,建议排除
aggregated-tick-v1,AUTO_INFERRED_V1,validated,TA606|21:05:32.000,20260324,21:05:32.000,21:05:33.000,TA,TA606,332000,649,650,332000,interval_execution_drop,6705.0,1.4826,5,"TA605,TA609,TA607,TA701,TA608",20,164,290.0,6706.0,6293.04,-0.5,-1.4914243102162563,205.98,614.4071588366891,6602.243243243243,51.37837837837833,20.0,28.443199999999997,205.98,25.0,157326.0,25.0,10299.0,trade_recovered_3s,,2.0,1.0,,建议排除
aggregated-tick-v1,AUTO_INFERRED_V1,validated,TA606|21:05:37.000,20260324,21:05:37.000,21:05:38.000,TA,TA606,337000,659,660,337000,interval_execution_drop,6715.0,1.4826,5,"TA605,TA609,TA607,TA701,TA608",20,168,290.0,6714.0,6614.047619047619,0.5,1.4892032762472078,50.47619047619037,150.3386164592416,6646.037037037037,34.481481481481296,20.0,28.443199999999997,50.47619047619037,84.0,555580.0,84.0,8479.999999999982,trade_recovered_3s,,2.0,1.0,,建议排除
aggregated-tick-v1,AUTO_INFERRED_V1,validated,TA606|21:07:34.000,20260324,21:07:34.000,21:07:35.000,TA,TA606,454000,888,889,454000,interval_execution_drop,6713.0,0.7413,5,"TA605,TA609,TA607,TA701,TA608",20,152,290.0,6712.0,6371.555555555556,0.5,1.48964695367198,170.72222222222217,508.631676514888,6577.48717948718,67.75641025641016,20.0,21.5128,170.72222222222217,36.0,229376.0,36.0,12291.999999999996,trade_recovered_3s,,2.0,1.0,,建议排除
aggregated-tick-v1,AUTO_INFERRED_V1,validated,TA606|21:11:02.000,20260324,21:11:02.000,21:11:03.000,TA,TA606,662000,1280,1281,662000,interval_execution_drop,6738.0,1.4826,5,"TA605,TA609,TA607,TA701,TA608",20,140,290.0,6736.0,6556.10752688172,1.0,2.96823983377857,90.94623655913983,269.95024208708764,6584.275229357798,76.8623853211011,20.0,69.5256,89.69623655913983,93.0,609718.0,93.0,16916.000000000007,quote_only_recovered_3s,,4.0,1.0,,建议排除
aggregated-tick-v1,AUTO_INFERRED_V1,validated,TA607|21:08:22.000,20260324,21:08:22.000,21:08:23.000,TA,TA607,502000,955,956,502000,interval_execution_drop,6717.0,0.0,5,"TA605,TA609,TA606,TA701,TA608",20,105,290.0,6718.0,6338.846153846154,-0.5,-1.4887598630340926,189.07692307692287,562.9802682058147,6618.659090909091,49.170454545454504,20.0,29.5128,189.07692307692287,26.0,164810.0,26.0,9831.999999999987,trade_recovered_3s,,2.0,1.0,,建议排除
aggregated-tick-v1,AUTO_INFERRED_V1,validated,TA607|21:08:32.000,20260324,21:08:32.000,21:08:33.000,TA,TA607,512000,975,976,512000,interval_execution_drop,6725.0,0.0,5,"TA605,TA609,TA606,TA701,TA608",20,107,289.0,6718.0,6545.709677419355,3.5,10.408921933085502,89.64516129032245,266.60271015709276,6639.854838709677,42.57258064516145,20.0,29.5128,89.64516129032245,62.0,405834.0,62.0,11115.999999999984,trade_recovered_3s,,2.0,1.0,,建议排除
aggregated-tick-v1,AUTO_INFERRED_V1,validated,TA608|22:51:51.000,20260324,22:51:51.000,22:51:52.000,TA,TA608,6711000,11152,11153,6711000,interval_execution_drop,6514.0,0.0,5,"TA605,TA609,TA606,TA607,TA701",20,107,290.0,6510.0,6351.906976744186,2.0,6.140620202640467,81.04651162790697,248.83792332793053,6366.6277372262775,73.68613138686123,20.0,20.0,80.04651162790697,129.0,819396.0,129.0,20909.999999999996,quote_only_recovered_3s,,,1.0,,建议排除
aggregated-tick-v1,AUTO_INFERRED_V1,validated,TA609|21:04:11.000,20260324,21:04:11.000,21:04:12.000,TA,TA609,251000,534,535,251000,interval_execution_drop,6604.0,0.7413,5,"TA605,TA606,TA607,TA701,TA608",20,164,241.0,6602.0,6267.363636363636,1.0,3.0284675953967293,168.31818181818198,509.7461593524591,6343.890909090909,130.0545454545454,20.0,67.4908,168.31818181818198,88.0,551528.0,88.0,29624.00000000003,trade_recovered_3s,,2.0,1.0,,建议排除
aggregated-tick-v1,AUTO_INFERRED_V1,validated,TA609|21:05:44.000,20260324,21:05:44.000,21:05:45.000,TA,TA609,344000,719,720,344000,interval_execution_drop,6597.0,2.2239,5,"TA605,TA606,TA607,TA701,TA608",20,251,290.0,6592.0,6411.884615384615,2.5,7.579202667879339,92.55769230769238,280.6054033884868,6460.315789473684,68.34210526315792,20.0,37.803999999999995,89.30769230769238,208.0,1333672.0,208.0,38504.00000000003,quote_only_recovered_3s,,8.0,1.0,,建议排除
aggregated-tick-v1,AUTO_INFERRED_V1,validated,TA609|21:13:02.000,20260324,21:13:02.000,21:13:03.000,TA,TA609,782000,1552,1553,782000,interval_execution_drop,6582.0,2.2239,5,"TA605,TA606,TA607,TA701,TA608",20,222,290.0,6582.0,6232.524390243902,0.0,0.0,174.7378048780488,530.9565629840438,6441.088319088319,70.45584045584064,20.0,44.303999999999995,174.7378048780488,164.0,1022134.0,164.0,57314.0,trade_recovered_3s,,2.0,1.0,,建议排除
aggregated-tick-v1,AUTO_INFERRED_V1,validated,TA609|21:56:09.000,20260324,21:56:09.000,21:56:10.000,TA,TA609,3369000,5950,5951,3369000,interval_execution_drop,6552.0,1.4826,5,"TA605,TA606,TA607,TA701,TA608",20,138,290.0,6550.0,6251.175,1.0,3.0525030525030523,150.4124999999999,459.13461538461513,6299.655913978495,126.17204301075252,20.0,20.0,150.4124999999999,400.0,2500470.0,400.0,120329.99999999993,truncated,,,,,建议排除
aggregated-tick-v1,AUTO_INFERRED_V1,validated,TA609|22:08:00.000,20260324,22:08:00.000,22:08:01.000,TA,TA609,4080000,7199,7200,4080000,interval_execution_drop,6506.0,0.7413,5,"TA605,TA606,TA607,TA701,TA608",20,181,290.0,6504.0,6311.304940374787,1.0,3.074085459575776,97.34752981260635,299.2546259225526,6428.4518664047155,38.77406679764226,20.0,20.0,96.34752981260635,587.0,3704736.0,587.0,114285.99999999984,trade_recovered_3s,,2.0,1.0,,建议排除
aggregated-tick-v1,AUTO_INFERRED_V1,validated,TA701|21:03:24.000,20260324,21:03:24.000,21:03:25.000,TA,TA701,204000,389,390,204000,interval_execution_drop,6245.0,1.4826,5,"TA605,TA609,TA606,TA607,TA608",20,111,194.0,6264.0,6000.0,-9.5,-30.424339471577262,122.5,392.3138510808647,6024.666666666667,110.16666666666652,20.0,28.47799999999999,122.5,11.0,66000.0,11.0,2695.0,trade_recovered_3s,,2.0,1.0,,建议排除
aggregated-tick-v1,AUTO_INFERRED_V1,validated,TA701|21:04:07.000,20260324,21:04:07.000,21:04:08.000,TA,TA701,247000,466,467,247000,interval_execution_drop,6251.0,0.7413,5,"TA605,TA609,TA606,TA607,TA608",20,146,237.0,6272.0,5922.8,-10.5,-33.59462486002239,164.0999999999999,525.0359942409211,5956.363636363636,147.31818181818198,20.0,41.803999999999995,164.0999999999999,10.0,59228.0,10.0,3281.999999999998,quote_only_recovered_3s,,6.0,1.0,,建议排除
aggregated-tick-v1,AUTO_INFERRED_V1,validated,TA701|21:05:06.000,20260324,21:05:06.000,21:05:07.000,TA,TA701,306000,557,558,306000,interval_execution_drop,6246.0,1.11195,5,"TA605,TA609,TA606,TA607,TA608",20,186,290.0,6260.0,5980.615384615385,-7.0,-22.414345180915788,132.69230769230762,424.8873124953814,6141.037037037037,52.481481481481296,20.0,28.443199999999997,132.69230769230762,13.0,77748.0,13.0,3449.999999999998,quote_only_recovered_3s,,4.0,1.0,,建议排除
aggregated-tick-v1,AUTO_INFERRED_V1,validated,TA701|21:05:16.000,20260324,21:05:16.000,21:05:17.000,TA,TA701,316000,575,576,316000,interval_execution_drop,6231.0,2.9652,5,"TA605,TA609,TA606,TA607,TA608",20,193,290.0,6240.0,6052.666666666667,-4.5,-14.443909484833895,89.16666666666652,286.2033916439304,6159.636363636364,35.68181818181802,20.0,27.943199999999997,89.16666666666652,18.0,108948.0,18.0,3209.9999999999945,trade_recovered_3s,,2.0,1.0,,建议排除
aggregated-tick-v1,AUTO_INFERRED_V1,validated,TA701|21:38:46.000,20260324,21:38:46.000,21:38:47.000,TA,TA701,2326000,3411,3412,2326000,interval_execution_drop,6217.0,0.7413,5,"TA605,TA609,TA606,TA607,TA608",20,158,290.0,6226.0,5936.127659574468,-4.5,-14.47643557986167,140.43617021276577,451.7811491483538,5942.958333333333,137.02083333333348,20.0,20.0,140.43617021276577,47.0,278998.0,47.0,13200.999999999982,trade_recovered_3s,,2.0,1.0,,建议排除
aggregated-tick-v1,AUTO_INFERRED_V1,validated,TA701|21:40:20.000,20260324,21:40:20.000,21:40:21.000,TA,TA701,2420000,3545,3546,2420000,interval_execution_drop,6222.0,1.11195,5,"TA605,TA609,TA606,TA607,TA608",20,157,290.0,6230.0,6074.545454545455,-4.0,-12.857602057216328,73.72727272727252,236.98898337278212,6106.377358490566,57.811320754717144,20.0,20.0,73.72727272727252,88.0,534560.0,88.0,12975.999999999964,quote_only_recovered_3s,,4.0,1.0,,建议排除
aggregated-tick-v1,AUTO_INFERRED_V1,validated,FG605|21:14:07.000,20260325,21:14:07.000,21:14:08.000,FG,FG605,847000,1703,1704,847000,interval_execution_drop,1046.5,0.7413,5,"FG609,FG607,FG606,FG608,FG701",20,291,290.0,1045.0,1022.411673151751,1.5,14.33349259436216,24.08832684824904,230.17990299330185,1024.532327586207,21.967672413793025,20.0,20.0,23.08832684824904,3855.0,3941397.0,3855.0,92860.50000000004,trade_recovered_3s,,2.0,1.0,,建议排除
aggregated-tick-v1,AUTO_INFERRED_V1,validated,MA605|21:03:20.000,20260330,21:03:20.000,21:03:21.000,MA,MA605,200000,476,477,200000,interval_execution_drop,3281.5,8.1543,5,"MA609,MA610,MA606,MA607,MA701",20,121,190.0,3276.0,3180.8372456964007,5.5,16.760627761694348,100.66275430359929,306.75835533627696,3231.136645962733,50.36335403726707,20.0,32.152,95.16275430359929,639.0,2032555.0,639.0,64323.49999999994,trade_recovered_3s,,2.0,1.0,,建议排除
aggregated-tick-v1,AUTO_INFERRED_V1,validated,MA609|21:03:18.000,20260330,21:03:18.000,21:03:19.000,MA,MA609,198000,460,461,198000,interval_execution_drop,2999.0,1.4826,5,"MA605,MA610,MA606,MA607,MA701",20,112,188.0,3006.0,2912.5066666666667,-7.0,-23.34111370456819,86.49333333333334,288.4072468600645,2941.456310679612,57.54368932038824,25.7216,45.5128,86.49333333333334,75.0,218438.0,75.0,6487.0,trade_recovered_3s,,2.0,1.0,,建议排除
aggregated-tick-v1,AUTO_INFERRED_V1,validated,MA610|21:03:06.000,20260330,21:03:06.000,21:03:07.000,MA,MA610,186000,399,400,186000,interval_execution_drop,2953.5,2.9652,5,"MA605,MA609,MA606,MA607,MA701",20,103,176.0,2955.0,2885.8048780487807,-1.5,-5.078720162519045,67.69512195121933,229.20305383856217,2915.7846153846153,37.715384615384664,20.0,36.6172,67.69512195121933,41.0,118318.0,41.0,2775.4999999999927,trade_recovered_3s,,2.0,1.0,,建议排除
aggregated-tick-v1,AUTO_INFERRED_V1,validated,MA610|21:03:13.000,20260330,21:03:13.000,21:03:14.000,MA,MA610,193000,413,414,193000,interval_execution_drop,2950.5,2.9652,5,"MA605,MA609,MA606,MA607,MA701",20,110,183.0,2953.0,2878.9756097560976,-2.5,-8.47314014573801,71.52439024390242,242.41447295001663,2911.107692307692,39.392307692307895,20.0,39.0824,71.52439024390242,41.0,118038.0,41.0,2932.499999999999,trade_recovered_3s,,2.0,1.0,,建议排除
aggregated-tick-v1,AUTO_INFERRED_V1,validated,SR605|22:09:12.000,20260330,22:09:12.000,22:09:13.000,SR,SR605,4152000,7592,7593,4152000,interval_execution_drop,5426.0,0.7413,5,"SR609,SR607,SR701,SR611,SR703",20,238,290.0,5425.0,5381.550960118168,1.0,1.8429782528566163,44.449039881831595,81.91861386257204,5386.561122244489,39.438877755511385,20.0,20.0,43.449039881831595,1354.0,7286620.0,1354.0,60183.99999999998,trade_recovered_3s,,2.0,1.0,,建议排除
