commodity,contract,trade_date,candidate_score,candidate_level,sample_status,trigger_reasons,main_reference_contract
AU,AU2601,2026-01-05,0.0,none,valid,目标合约流动性偏弱,AU2602
AU,AU2602,2026-01-05,0.0,none,valid,无明显触发项,AU2602
AU,AU2604,2026-01-05,0.0,none,valid,无明显触发项,AU2602
AU,AU2606,2026-01-05,0.0,none,valid,无明显触发项,AU2602
AU,AU2608,2026-01-05,0.0,none,valid,无明显触发项,AU2602
AU,AU2610,2026-01-05,0.0,none,valid,无明显触发项,AU2602
AU,AU2612,2026-01-05,0.0,none,valid,无明显触发项,AU2602
AU,AU2603,2026-01-05,0.0,none,valid,无明显触发项,AU2602
AU,AU2601,2026-01-06,0.0,none,invalid_lifecycle_edge,样本状态=invalid_lifecycle_edge,AU2602
AU,AU2602,2026-01-06,0.0,none,valid,无明显触发项,AU2602
AU,AU2604,2026-01-06,0.0,none,valid,无明显触发项,AU2602
AU,AU2606,2026-01-06,0.0,none,valid,无明显触发项,AU2602
AU,AU2608,2026-01-06,0.0,none,valid,无明显触发项,AU2602
AU,AU2610,2026-01-06,0.0,none,valid,无明显触发项,AU2602
AU,AU2612,2026-01-06,0.0,none,valid,无明显触发项,AU2602
AU,AU2603,2026-01-06,0.0,none,valid,无明显触发项,AU2602
AU,AU2601,2026-01-07,0.0,none,invalid_lifecycle_edge,样本状态=invalid_lifecycle_edge,AU2602
AU,AU2602,2026-01-07,0.0,none,valid,无明显触发项,AU2602
AU,AU2604,2026-01-07,0.0,none,valid,无明显触发项,AU2602
AU,AU2606,2026-01-07,0.0,none,valid,无明显触发项,AU2602
AU,AU2608,2026-01-07,0.0,none,valid,无明显触发项,AU2602
AU,AU2610,2026-01-07,0.0,none,valid,无明显触发项,AU2602
AU,AU2612,2026-01-07,0.0,none,valid,无明显触发项,AU2602
AU,AU2603,2026-01-07,0.0,none,valid,无明显触发项,AU2602
AU,AU2601,2026-01-08,0.0,none,invalid_lifecycle_edge,样本状态=invalid_lifecycle_edge,AU2602
AU,AU2602,2026-01-08,0.0,none,valid,无明显触发项,AU2602
AU,AU2604,2026-01-08,0.0,none,valid,无明显触发项,AU2602
AU,AU2606,2026-01-08,0.0,none,valid,无明显触发项,AU2602
AU,AU2608,2026-01-08,0.0,none,valid,无明显触发项,AU2602
AU,AU2610,2026-01-08,0.0,none,valid,无明显触发项,AU2602
AU,AU2612,2026-01-08,0.0,none,valid,无明显触发项,AU2602
AU,AU2603,2026-01-08,0.0,none,valid,无明显触发项,AU2602
AU,AU2602,2026-01-09,0.0,none,valid,无明显触发项,AU2602
AU,AU2604,2026-01-09,0.0,none,valid,无明显触发项,AU2602
AU,AU2606,2026-01-09,0.0,none,valid,无明显触发项,AU2602
AU,AU2608,2026-01-09,0.0,none,valid,无明显触发项,AU2602
AU,AU2610,2026-01-09,0.0,none,valid,无明显触发项,AU2602
AU,AU2612,2026-01-09,0.0,none,valid,无明显触发项,AU2602
AU,AU2603,2026-01-09,0.0,none,valid,无明显触发项,AU2602
AU,AU2604,2026-01-12,9.0,none,valid,振幅异常,AU2602
AU,AU2606,2026-01-12,9.0,none,valid,振幅异常,AU2602
AU,AU2608,2026-01-12,9.0,none,valid,振幅异常,AU2602
AU,AU2610,2026-01-12,9.0,none,valid,振幅异常,AU2602
AU,AU2612,2026-01-12,9.0,none,valid,振幅异常,AU2602
AU,AU2602,2026-01-12,7.0,none,valid,无明显触发项,AU2602
AU,AU2601,2026-01-12,0.0,none,invalid_lifecycle_edge,样本状态=invalid_lifecycle_edge,AU2602
AU,AU2603,2026-01-12,0.0,none,valid,无明显触发项,AU2602
AU,AU2602,2026-01-13,0.0,none,valid,无明显触发项,AU2602
AU,AU2604,2026-01-13,0.0,none,valid,无明显触发项,AU2602
AU,AU2606,2026-01-13,0.0,none,valid,无明显触发项,AU2602
AU,AU2608,2026-01-13,0.0,none,valid,无明显触发项,AU2602
AU,AU2610,2026-01-13,0.0,none,valid,无明显触发项,AU2602
AU,AU2612,2026-01-13,0.0,none,valid,无明显触发项,AU2602
AU,AU2603,2026-01-13,0.0,none,valid,无明显触发项,AU2602
AU,AU2601,2026-01-14,0.0,none,invalid_lifecycle_edge,样本状态=invalid_lifecycle_edge,AU2602
AU,AU2602,2026-01-14,0.0,none,valid,无明显触发项,AU2602
AU,AU2604,2026-01-14,0.0,none,valid,无明显触发项,AU2602
AU,AU2606,2026-01-14,0.0,none,valid,无明显触发项,AU2602
AU,AU2608,2026-01-14,0.0,none,valid,无明显触发项,AU2602
AU,AU2610,2026-01-14,0.0,none,valid,无明显触发项,AU2602
AU,AU2612,2026-01-14,0.0,none,valid,无明显触发项,AU2602
AU,AU2603,2026-01-14,0.0,none,valid,无明显触发项,AU2602
AU,AU2602,2026-01-15,0.0,none,valid,无明显触发项,AU2602
AU,AU2604,2026-01-15,0.0,none,valid,无明显触发项,AU2602
AU,AU2606,2026-01-15,0.0,none,valid,无明显触发项,AU2602
AU,AU2608,2026-01-15,0.0,none,valid,无明显触发项,AU2602
AU,AU2610,2026-01-15,0.0,none,valid,无明显触发项,AU2602
AU,AU2612,2026-01-15,0.0,none,valid,无明显触发项,AU2602
AU,AU2603,2026-01-15,0.0,none,valid,无明显触发项,AU2602
AU,AU2602,2026-01-16,0.0,none,valid,无明显触发项,AU2602
AU,AU2604,2026-01-16,0.0,none,valid,无明显触发项,AU2602
AU,AU2606,2026-01-16,0.0,none,valid,无明显触发项,AU2602
AU,AU2608,2026-01-16,0.0,none,valid,无明显触发项,AU2602
AU,AU2610,2026-01-16,0.0,none,valid,无明显触发项,AU2602
AU,AU2612,2026-01-16,0.0,none,valid,无明显触发项,AU2602
AU,AU2603,2026-01-16,0.0,none,valid,无明显触发项,AU2602
AU,AU2702,2026-01-16,0.0,none,invalid_lifecycle_edge,样本状态=invalid_lifecycle_edge,AU2602
AU,AU2610,2026-01-19,16.0,none,valid,振幅异常,AU2604
AU,AU2612,2026-01-19,16.0,none,valid,振幅异常,AU2604
AU,AU2602,2026-01-19,12.0,none,valid,振幅异常,AU2604
AU,AU2604,2026-01-19,12.0,none,valid,振幅异常,AU2604
AU,AU2606,2026-01-19,12.0,none,valid,振幅异常,AU2604
AU,AU2608,2026-01-19,12.0,none,valid,振幅异常,AU2604
AU,AU2603,2026-01-19,12.0,none,valid,振幅异常,AU2604
AU,AU2702,2026-01-19,0.0,none,invalid_lifecycle_edge,样本状态=invalid_lifecycle_edge,AU2604
AU,AU2602,2026-01-20,0.0,none,valid,无明显触发项,AU2604
AU,AU2604,2026-01-20,0.0,none,valid,无明显触发项,AU2604
AU,AU2606,2026-01-20,0.0,none,valid,无明显触发项,AU2604
AU,AU2608,2026-01-20,0.0,none,valid,无明显触发项,AU2604
AU,AU2610,2026-01-20,0.0,none,valid,无明显触发项,AU2604
AU,AU2612,2026-01-20,0.0,none,valid,无明显触发项,AU2604
AU,AU2603,2026-01-20,0.0,none,valid,无明显触发项,AU2604
AU,AU2702,2026-01-20,0.0,none,invalid_lifecycle_edge,样本状态=invalid_lifecycle_edge,AU2604
AU,AU2602,2026-01-21,20.0,none,valid,振幅异常,AU2604
AU,AU2604,2026-01-21,20.0,none,valid,振幅异常,AU2604
AU,AU2606,2026-01-21,20.0,none,valid,振幅异常,AU2604
AU,AU2608,2026-01-21,20.0,none,valid,振幅异常,AU2604
AU,AU2610,2026-01-21,20.0,none,valid,振幅异常,AU2604
AU,AU2612,2026-01-21,20.0,none,valid,振幅异常,AU2604
AU,AU2603,2026-01-21,20.0,none,valid,振幅异常,AU2604
AU,AU2702,2026-01-21,0.0,none,invalid_lifecycle_edge,样本状态=invalid_lifecycle_edge,AU2604
AU,AU2602,2026-01-22,0.0,none,valid,无明显触发项,AU2604
AU,AU2604,2026-01-22,0.0,none,valid,无明显触发项,AU2604
AU,AU2606,2026-01-22,0.0,none,valid,无明显触发项,AU2604
AU,AU2608,2026-01-22,0.0,none,valid,无明显触发项,AU2604
AU,AU2610,2026-01-22,0.0,none,valid,无明显触发项,AU2604
AU,AU2612,2026-01-22,0.0,none,valid,无明显触发项,AU2604
AU,AU2603,2026-01-22,0.0,none,valid,无明显触发项,AU2604
AU,AU2702,2026-01-22,0.0,none,invalid_lifecycle_edge,样本状态=invalid_lifecycle_edge,AU2604
AU,AU2602,2026-01-23,3.0,none,valid,无明显触发项,AU2604
AU,AU2604,2026-01-23,3.0,none,valid,无明显触发项,AU2604
AU,AU2606,2026-01-23,3.0,none,valid,无明显触发项,AU2604
AU,AU2608,2026-01-23,3.0,none,valid,无明显触发项,AU2604
AU,AU2610,2026-01-23,3.0,none,valid,无明显触发项,AU2604
AU,AU2612,2026-01-23,3.0,none,valid,无明显触发项,AU2604
AU,AU2603,2026-01-23,3.0,none,valid,无明显触发项,AU2604
AU,AU2702,2026-01-23,0.0,none,invalid_lifecycle_edge,样本状态=invalid_lifecycle_edge,AU2604
AU,AU2606,2026-01-26,20.0,none,valid,振幅异常,AU2604
AU,AU2604,2026-01-26,16.0,none,valid,振幅异常,AU2604
AU,AU2608,2026-01-26,16.0,none,valid,振幅异常,AU2604
AU,AU2610,2026-01-26,16.0,none,valid,振幅异常,AU2604
AU,AU2612,2026-01-26,16.0,none,valid,振幅异常,AU2604
AU,AU2603,2026-01-26,16.0,none,valid,振幅异常,AU2604
AU,AU2602,2026-01-26,12.0,none,valid,振幅异常,AU2604
AU,AU2702,2026-01-26,0.0,none,valid,无明显触发项,AU2604
AU,AU2604,2026-01-27,8.0,none,valid,振幅异常,AU2604
AU,AU2602,2026-01-27,0.0,none,valid,无明显触发项,AU2604
AU,AU2606,2026-01-27,0.0,none,valid,无明显触发项,AU2604
AU,AU2608,2026-01-27,0.0,none,valid,无明显触发项,AU2604
AU,AU2610,2026-01-27,0.0,none,valid,无明显触发项,AU2604
AU,AU2612,2026-01-27,0.0,none,valid,无明显触发项,AU2604
AU,AU2603,2026-01-27,0.0,none,valid,无明显触发项,AU2604
AU,AU2702,2026-01-27,0.0,none,valid,无明显触发项,AU2604
AU,AU2602,2026-01-28,20.0,none,valid,振幅异常,AU2604
AU,AU2604,2026-01-28,20.0,none,valid,振幅异常,AU2604
AU,AU2606,2026-01-28,20.0,none,valid,振幅异常,AU2604
AU,AU2608,2026-01-28,20.0,none,valid,振幅异常,AU2604
AU,AU2610,2026-01-28,20.0,none,valid,振幅异常,AU2604
AU,AU2612,2026-01-28,20.0,none,valid,振幅异常,AU2604
AU,AU2603,2026-01-28,20.0,none,valid,振幅异常,AU2604
AU,AU2702,2026-01-28,0.0,none,valid,无明显触发项,AU2604
AU,AU2602,2026-01-29,20.0,none,valid,振幅异常,AU2604
AU,AU2604,2026-01-29,20.0,none,valid,振幅异常,AU2604
AU,AU2606,2026-01-29,20.0,none,valid,振幅异常,AU2604
AU,AU2608,2026-01-29,20.0,none,valid,振幅异常,AU2604
AU,AU2610,2026-01-29,20.0,none,valid,振幅异常,AU2604
AU,AU2612,2026-01-29,20.0,none,valid,振幅异常,AU2604
AU,AU2603,2026-01-29,20.0,none,valid,振幅异常,AU2604
AU,AU2702,2026-01-29,0.0,none,valid,无明显触发项,AU2604
AU,AU2604,2026-01-30,20.0,none,valid,振幅异常,AU2604
AU,AU2606,2026-01-30,20.0,none,valid,振幅异常,AU2604
AU,AU2608,2026-01-30,20.0,none,valid,振幅异常,AU2604
AU,AU2610,2026-01-30,20.0,none,valid,振幅异常,AU2604
AU,AU2612,2026-01-30,20.0,none,valid,振幅异常,AU2604
AU,AU2603,2026-01-30,20.0,none,valid,振幅异常,AU2604
AU,AU2602,2026-01-30,10.0,none,valid,振幅异常；目标合约流动性偏弱,AU2604
AU,AU2702,2026-01-30,0.0,none,valid,无明显触发项,AU2604
AU,AU2604,2026-02-02,20.0,none,valid,振幅异常,AU2604
AU,AU2606,2026-02-02,20.0,none,valid,振幅异常,AU2604
AU,AU2608,2026-02-02,20.0,none,valid,振幅异常,AU2604
AU,AU2610,2026-02-02,20.0,none,valid,振幅异常,AU2604
AU,AU2612,2026-02-02,20.0,none,valid,振幅异常,AU2604
AU,AU2603,2026-02-02,20.0,none,valid,振幅异常,AU2604
AU,AU2602,2026-02-02,10.0,none,valid,振幅异常；目标合约流动性偏弱,AU2604
AU,AU2702,2026-02-02,0.0,none,valid,无明显触发项,AU2604
AU,AU2610,2026-02-03,3.0,none,valid,无明显触发项,AU2604
AU,AU2612,2026-02-03,3.0,none,valid,无明显触发项,AU2604
AU,AU2602,2026-02-03,0.0,none,valid,目标合约流动性偏弱,AU2604
AU,AU2604,2026-02-03,0.0,none,valid,无明显触发项,AU2604
AU,AU2606,2026-02-03,0.0,none,valid,无明显触发项,AU2604
AU,AU2608,2026-02-03,0.0,none,valid,无明显触发项,AU2604
AU,AU2603,2026-02-03,0.0,none,valid,无明显触发项,AU2604
AU,AU2702,2026-02-03,0.0,none,valid,无明显触发项,AU2604
AU,AU2602,2026-02-04,0.0,none,valid,目标合约流动性偏弱,AU2604
AU,AU2604,2026-02-04,0.0,none,valid,无明显触发项,AU2604
AU,AU2606,2026-02-04,0.0,none,valid,无明显触发项,AU2604
AU,AU2608,2026-02-04,0.0,none,valid,无明显触发项,AU2604
AU,AU2610,2026-02-04,0.0,none,valid,无明显触发项,AU2604
AU,AU2612,2026-02-04,0.0,none,valid,无明显触发项,AU2604
AU,AU2603,2026-02-04,0.0,none,valid,无明显触发项,AU2604
AU,AU2702,2026-02-04,0.0,none,valid,无明显触发项,AU2604
AU,AU2602,2026-02-05,0.0,none,valid,目标合约流动性偏弱,AU2604
AU,AU2604,2026-02-05,0.0,none,valid,无明显触发项,AU2604
AU,AU2606,2026-02-05,0.0,none,valid,无明显触发项,AU2604
AU,AU2608,2026-02-05,0.0,none,valid,无明显触发项,AU2604
AU,AU2610,2026-02-05,0.0,none,valid,无明显触发项,AU2604
AU,AU2612,2026-02-05,0.0,none,valid,无明显触发项,AU2604
AU,AU2603,2026-02-05,0.0,none,valid,无明显触发项,AU2604
AU,AU2702,2026-02-05,0.0,none,valid,无明显触发项,AU2604
AU,AU2602,2026-02-06,0.0,none,valid,目标合约流动性偏弱,AU2604
AU,AU2604,2026-02-06,0.0,none,valid,无明显触发项,AU2604
AU,AU2606,2026-02-06,0.0,none,valid,无明显触发项,AU2604
AU,AU2608,2026-02-06,0.0,none,valid,无明显触发项,AU2604
AU,AU2610,2026-02-06,0.0,none,valid,无明显触发项,AU2604
AU,AU2612,2026-02-06,0.0,none,valid,无明显触发项,AU2604
AU,AU2603,2026-02-06,0.0,none,valid,无明显触发项,AU2604
AU,AU2702,2026-02-06,0.0,none,valid,无明显触发项,AU2604
AU,AU2602,2026-02-09,0.0,none,valid,目标合约流动性偏弱,AU2604
AU,AU2604,2026-02-09,0.0,none,valid,无明显触发项,AU2604
AU,AU2606,2026-02-09,0.0,none,valid,无明显触发项,AU2604
AU,AU2608,2026-02-09,0.0,none,valid,无明显触发项,AU2604
AU,AU2610,2026-02-09,0.0,none,valid,无明显触发项,AU2604
AU,AU2612,2026-02-09,0.0,none,valid,无明显触发项,AU2604
AU,AU2603,2026-02-09,0.0,none,valid,无明显触发项,AU2604
AU,AU2702,2026-02-09,0.0,none,valid,无明显触发项,AU2604
AU,AU2602,2026-02-10,0.0,none,valid,目标合约流动性偏弱,AU2604
AU,AU2604,2026-02-10,0.0,none,valid,无明显触发项,AU2604
AU,AU2606,2026-02-10,0.0,none,valid,无明显触发项,AU2604
AU,AU2608,2026-02-10,0.0,none,valid,无明显触发项,AU2604
AU,AU2610,2026-02-10,0.0,none,valid,无明显触发项,AU2604
AU,AU2612,2026-02-10,0.0,none,valid,无明显触发项,AU2604
AU,AU2603,2026-02-10,0.0,none,valid,无明显触发项,AU2604
AU,AU2702,2026-02-10,0.0,none,valid,无明显触发项,AU2604
AU,AU2602,2026-02-11,0.0,none,valid,目标合约流动性偏弱,AU2604
AU,AU2604,2026-02-11,0.0,none,valid,无明显触发项,AU2604
AU,AU2606,2026-02-11,0.0,none,valid,无明显触发项,AU2604
AU,AU2608,2026-02-11,0.0,none,valid,无明显触发项,AU2604
AU,AU2610,2026-02-11,0.0,none,valid,无明显触发项,AU2604
AU,AU2612,2026-02-11,0.0,none,valid,无明显触发项,AU2604
AU,AU2603,2026-02-11,0.0,none,valid,无明显触发项,AU2604
AU,AU2702,2026-02-11,0.0,none,valid,无明显触发项,AU2604
AU,AU2602,2026-02-12,0.0,none,valid,目标合约流动性偏弱,AU2604
AU,AU2604,2026-02-12,0.0,none,valid,无明显触发项,AU2604
AU,AU2606,2026-02-12,0.0,none,valid,无明显触发项,AU2604
AU,AU2608,2026-02-12,0.0,none,valid,无明显触发项,AU2604
AU,AU2610,2026-02-12,0.0,none,valid,无明显触发项,AU2604
AU,AU2612,2026-02-12,0.0,none,valid,无明显触发项,AU2604
AU,AU2603,2026-02-12,0.0,none,valid,无明显触发项,AU2604
AU,AU2702,2026-02-12,0.0,none,valid,无明显触发项,AU2604
AU,AU2602,2026-02-13,0.0,none,valid,目标合约流动性偏弱,AU2604
AU,AU2604,2026-02-13,0.0,none,valid,无明显触发项,AU2604
AU,AU2606,2026-02-13,0.0,none,valid,无明显触发项,AU2604
AU,AU2608,2026-02-13,0.0,none,valid,无明显触发项,AU2604
AU,AU2610,2026-02-13,0.0,none,valid,无明显触发项,AU2604
AU,AU2612,2026-02-13,0.0,none,valid,无明显触发项,AU2604
AU,AU2603,2026-02-13,0.0,none,valid,无明显触发项,AU2604
AU,AU2702,2026-02-13,0.0,none,valid,无明显触发项,AU2604
AU,AU2602,2026-02-24,0.0,none,invalid_lifecycle_edge,样本状态=invalid_lifecycle_edge,AU2604
AU,AU2604,2026-02-24,0.0,none,valid,无明显触发项,AU2604
AU,AU2606,2026-02-24,0.0,none,valid,无明显触发项,AU2604
AU,AU2608,2026-02-24,0.0,none,valid,无明显触发项,AU2604
AU,AU2610,2026-02-24,0.0,none,valid,无明显触发项,AU2604
AU,AU2612,2026-02-24,0.0,none,valid,无明显触发项,AU2604
AU,AU2603,2026-02-24,0.0,none,valid,无明显触发项,AU2604
AU,AU2702,2026-02-24,0.0,none,valid,无明显触发项,AU2604
AU,AU2604,2026-02-25,0.0,none,valid,无明显触发项,AU2604
AU,AU2606,2026-02-25,0.0,none,valid,无明显触发项,AU2604
AU,AU2608,2026-02-25,0.0,none,valid,无明显触发项,AU2604
AU,AU2610,2026-02-25,0.0,none,valid,无明显触发项,AU2604
AU,AU2612,2026-02-25,0.0,none,valid,无明显触发项,AU2604
AU,AU2603,2026-02-25,0.0,none,valid,无明显触发项,AU2604
AU,AU2702,2026-02-25,0.0,none,valid,无明显触发项,AU2604
AU,AU2605,2026-02-25,0.0,none,invalid_lifecycle_edge,样本状态=invalid_lifecycle_edge,AU2604
AU,AU2604,2026-02-26,0.0,none,valid,无明显触发项,AU2604
AU,AU2606,2026-02-26,0.0,none,valid,无明显触发项,AU2604
AU,AU2608,2026-02-26,0.0,none,valid,无明显触发项,AU2604
AU,AU2610,2026-02-26,0.0,none,valid,无明显触发项,AU2604
AU,AU2612,2026-02-26,0.0,none,valid,无明显触发项,AU2604
AU,AU2603,2026-02-26,0.0,none,valid,无明显触发项,AU2604
AU,AU2702,2026-02-26,0.0,none,valid,无明显触发项,AU2604
AU,AU2605,2026-02-26,0.0,none,invalid_lifecycle_edge,样本状态=invalid_lifecycle_edge,AU2604
AU,AU2604,2026-02-27,0.0,none,valid,无明显触发项,AU2604
AU,AU2606,2026-02-27,0.0,none,valid,无明显触发项,AU2604
AU,AU2608,2026-02-27,0.0,none,valid,无明显触发项,AU2604
AU,AU2610,2026-02-27,0.0,none,valid,无明显触发项,AU2604
AU,AU2612,2026-02-27,0.0,none,valid,无明显触发项,AU2604
AU,AU2603,2026-02-27,0.0,none,valid,无明显触发项,AU2604
AU,AU2702,2026-02-27,0.0,none,valid,无明显触发项,AU2604
AU,AU2605,2026-02-27,0.0,none,invalid_lifecycle_edge,样本状态=invalid_lifecycle_edge,AU2604
AU,AU2604,2026-03-02,0.0,none,valid,无明显触发项,AU2604
AU,AU2606,2026-03-02,0.0,none,valid,无明显触发项,AU2604
AU,AU2608,2026-03-02,0.0,none,valid,无明显触发项,AU2604
AU,AU2610,2026-03-02,0.0,none,valid,无明显触发项,AU2604
AU,AU2612,2026-03-02,0.0,none,valid,无明显触发项,AU2604
AU,AU2603,2026-03-02,0.0,none,valid,目标合约流动性偏弱,AU2604
AU,AU2702,2026-03-02,0.0,none,valid,无明显触发项,AU2604
AU,AU2605,2026-03-02,0.0,none,invalid_lifecycle_edge,样本状态=invalid_lifecycle_edge,AU2604
AU,AU2604,2026-03-03,0.0,none,valid,无明显触发项,AU2604
AU,AU2606,2026-03-03,0.0,none,valid,无明显触发项,AU2604
AU,AU2608,2026-03-03,0.0,none,valid,无明显触发项,AU2604
AU,AU2610,2026-03-03,0.0,none,valid,无明显触发项,AU2604
AU,AU2612,2026-03-03,0.0,none,valid,无明显触发项,AU2604
AU,AU2603,2026-03-03,0.0,none,valid,目标合约流动性偏弱,AU2604
AU,AU2702,2026-03-03,0.0,none,valid,无明显触发项,AU2604
AU,AU2605,2026-03-03,0.0,none,invalid_lifecycle_edge,样本状态=invalid_lifecycle_edge,AU2604
AU,AU2604,2026-03-04,0.0,none,valid,无明显触发项,AU2604
AU,AU2606,2026-03-04,0.0,none,valid,无明显触发项,AU2604
AU,AU2608,2026-03-04,0.0,none,valid,无明显触发项,AU2604
AU,AU2610,2026-03-04,0.0,none,valid,无明显触发项,AU2604
AU,AU2612,2026-03-04,0.0,none,valid,无明显触发项,AU2604
AU,AU2603,2026-03-04,0.0,none,valid,目标合约流动性偏弱,AU2604
AU,AU2702,2026-03-04,0.0,none,valid,无明显触发项,AU2604
AU,AU2605,2026-03-04,0.0,none,invalid_lifecycle_edge,样本状态=invalid_lifecycle_edge,AU2604
AU,AU2604,2026-03-05,0.0,none,valid,无明显触发项,AU2604
AU,AU2606,2026-03-05,0.0,none,valid,无明显触发项,AU2604
AU,AU2608,2026-03-05,0.0,none,valid,无明显触发项,AU2604
AU,AU2610,2026-03-05,0.0,none,valid,无明显触发项,AU2604
AU,AU2612,2026-03-05,0.0,none,valid,无明显触发项,AU2604
AU,AU2603,2026-03-05,0.0,none,valid,目标合约流动性偏弱,AU2604
AU,AU2702,2026-03-05,0.0,none,valid,无明显触发项,AU2604
AU,AU2605,2026-03-05,0.0,none,invalid_lifecycle_edge,样本状态=invalid_lifecycle_edge,AU2604
AU,AU2604,2026-03-06,0.0,none,valid,无明显触发项,AU2604
AU,AU2606,2026-03-06,0.0,none,valid,无明显触发项,AU2604
AU,AU2608,2026-03-06,0.0,none,valid,无明显触发项,AU2604
AU,AU2610,2026-03-06,0.0,none,valid,无明显触发项,AU2604
AU,AU2612,2026-03-06,0.0,none,valid,无明显触发项,AU2604
AU,AU2603,2026-03-06,0.0,none,valid,目标合约流动性偏弱,AU2604
AU,AU2702,2026-03-06,0.0,none,valid,无明显触发项,AU2604
AU,AU2605,2026-03-06,0.0,none,invalid_lifecycle_edge,样本状态=invalid_lifecycle_edge,AU2604
AU,AU2604,2026-03-09,0.0,none,valid,无明显触发项,AU2604
AU,AU2606,2026-03-09,0.0,none,valid,无明显触发项,AU2604
AU,AU2608,2026-03-09,0.0,none,valid,无明显触发项,AU2604
AU,AU2610,2026-03-09,0.0,none,valid,无明显触发项,AU2604
AU,AU2612,2026-03-09,0.0,none,valid,无明显触发项,AU2604
AU,AU2603,2026-03-09,0.0,none,invalid_lifecycle_edge,样本状态=invalid_lifecycle_edge,AU2604
AU,AU2702,2026-03-09,0.0,none,valid,无明显触发项,AU2604
AU,AU2605,2026-03-09,0.0,none,valid,无明显触发项,AU2604
AU,AU2604,2026-03-10,0.0,none,valid,无明显触发项,AU2604
AU,AU2606,2026-03-10,0.0,none,valid,无明显触发项,AU2604
AU,AU2608,2026-03-10,0.0,none,valid,无明显触发项,AU2604
AU,AU2610,2026-03-10,0.0,none,valid,无明显触发项,AU2604
AU,AU2612,2026-03-10,0.0,none,valid,无明显触发项,AU2604
AU,AU2702,2026-03-10,0.0,none,valid,无明显触发项,AU2604
AU,AU2605,2026-03-10,0.0,none,valid,无明显触发项,AU2604
AU,AU2604,2026-03-11,0.0,none,valid,无明显触发项,AU2604
AU,AU2606,2026-03-11,0.0,none,valid,无明显触发项,AU2604
AU,AU2608,2026-03-11,0.0,none,valid,无明显触发项,AU2604
AU,AU2610,2026-03-11,0.0,none,valid,无明显触发项,AU2604
AU,AU2612,2026-03-11,0.0,none,valid,无明显触发项,AU2604
AU,AU2702,2026-03-11,0.0,none,valid,无明显触发项,AU2604
AU,AU2605,2026-03-11,0.0,none,valid,无明显触发项,AU2604
AU,AU2604,2026-03-12,0.0,none,valid,无明显触发项,AU2604
AU,AU2606,2026-03-12,0.0,none,valid,无明显触发项,AU2604
AU,AU2608,2026-03-12,0.0,none,valid,无明显触发项,AU2604
AU,AU2610,2026-03-12,0.0,none,valid,无明显触发项,AU2604
AU,AU2612,2026-03-12,0.0,none,valid,无明显触发项,AU2604
AU,AU2603,2026-03-12,0.0,none,invalid_lifecycle_edge,样本状态=invalid_lifecycle_edge,AU2604
AU,AU2702,2026-03-12,0.0,none,valid,无明显触发项,AU2604
AU,AU2605,2026-03-12,0.0,none,valid,无明显触发项,AU2604
AU,AU2604,2026-03-13,0.0,none,valid,无明显触发项,AU2604
AU,AU2606,2026-03-13,0.0,none,valid,无明显触发项,AU2604
AU,AU2608,2026-03-13,0.0,none,valid,无明显触发项,AU2604
AU,AU2610,2026-03-13,0.0,none,valid,无明显触发项,AU2604
AU,AU2612,2026-03-13,0.0,none,valid,无明显触发项,AU2604
AU,AU2603,2026-03-13,0.0,none,invalid_lifecycle_edge,样本状态=invalid_lifecycle_edge,AU2604
AU,AU2702,2026-03-13,0.0,none,valid,无明显触发项,AU2604
AU,AU2605,2026-03-13,0.0,none,valid,无明显触发项,AU2604
AU,AU2604,2026-03-16,0.0,none,valid,无明显触发项,AU2604
AU,AU2606,2026-03-16,0.0,none,valid,无明显触发项,AU2604
AU,AU2608,2026-03-16,0.0,none,valid,无明显触发项,AU2604
AU,AU2610,2026-03-16,0.0,none,valid,无明显触发项,AU2604
AU,AU2612,2026-03-16,0.0,none,valid,无明显触发项,AU2604
AU,AU2603,2026-03-16,0.0,none,invalid_lifecycle_edge,样本状态=invalid_lifecycle_edge,AU2604
AU,AU2702,2026-03-16,0.0,none,valid,无明显触发项,AU2604
AU,AU2605,2026-03-16,0.0,none,valid,无明显触发项,AU2604
AU,AU2604,2026-03-17,0.0,none,valid,无明显触发项,AU2604
AU,AU2606,2026-03-17,0.0,none,valid,无明显触发项,AU2604
AU,AU2608,2026-03-17,0.0,none,valid,无明显触发项,AU2604
AU,AU2610,2026-03-17,0.0,none,valid,无明显触发项,AU2604
AU,AU2612,2026-03-17,0.0,none,valid,无明显触发项,AU2604
AU,AU2702,2026-03-17,0.0,none,valid,无明显触发项,AU2604
AU,AU2605,2026-03-17,0.0,none,valid,无明显触发项,AU2604
AU,AU2704,2026-03-17,0.0,none,invalid_lifecycle_edge,样本状态=invalid_lifecycle_edge,AU2604
AU,AU2604,2026-03-18,0.0,none,valid,无明显触发项,AU2604
AU,AU2606,2026-03-18,0.0,none,valid,无明显触发项,AU2604
AU,AU2608,2026-03-18,0.0,none,valid,无明显触发项,AU2604
AU,AU2610,2026-03-18,0.0,none,valid,无明显触发项,AU2604
AU,AU2612,2026-03-18,0.0,none,valid,无明显触发项,AU2604
AU,AU2702,2026-03-18,0.0,none,valid,无明显触发项,AU2604
AU,AU2605,2026-03-18,0.0,none,valid,无明显触发项,AU2604
AU,AU2704,2026-03-18,0.0,none,invalid_lifecycle_edge,样本状态=invalid_lifecycle_edge,AU2604
AU,AU2702,2026-03-19,9.0,none,valid,振幅异常,AU2604
AU,AU2604,2026-03-19,5.0,none,valid,无明显触发项,AU2604
AU,AU2606,2026-03-19,5.0,none,valid,无明显触发项,AU2604
AU,AU2608,2026-03-19,5.0,none,valid,无明显触发项,AU2604
AU,AU2610,2026-03-19,5.0,none,valid,无明显触发项,AU2604
AU,AU2612,2026-03-19,5.0,none,valid,无明显触发项,AU2604
AU,AU2605,2026-03-19,0.0,none,valid,无明显触发项,AU2604
AU,AU2704,2026-03-19,0.0,none,invalid_lifecycle_edge,样本状态=invalid_lifecycle_edge,AU2604
AU,AU2702,2026-03-20,20.0,none,valid,振幅异常,AU2604
AU,AU2604,2026-03-20,17.0,none,valid,振幅异常,AU2604
AU,AU2606,2026-03-20,17.0,none,valid,振幅异常,AU2604
AU,AU2608,2026-03-20,17.0,none,valid,振幅异常,AU2604
AU,AU2610,2026-03-20,17.0,none,valid,振幅异常,AU2604
AU,AU2612,2026-03-20,17.0,none,valid,振幅异常,AU2604
AU,AU2605,2026-03-20,0.0,none,valid,无明显触发项,AU2604
AU,AU2704,2026-03-20,0.0,none,invalid_lifecycle_edge,样本状态=invalid_lifecycle_edge,AU2604
AU,AU2604,2026-03-23,20.0,none,valid,振幅异常,AU2604
AU,AU2606,2026-03-23,20.0,none,valid,振幅异常,AU2604
AU,AU2608,2026-03-23,20.0,none,valid,振幅异常,AU2604
AU,AU2610,2026-03-23,20.0,none,valid,振幅异常,AU2604
AU,AU2612,2026-03-23,20.0,none,valid,振幅异常,AU2604
AU,AU2702,2026-03-23,20.0,none,valid,振幅异常,AU2604
AU,AU2605,2026-03-23,20.0,none,valid,振幅异常,AU2604
AU,AU2704,2026-03-23,0.0,none,invalid_lifecycle_edge,样本状态=invalid_lifecycle_edge,AU2604
AU,AU2604,2026-03-24,4.0,none,valid,无明显触发项,AU2606
AU,AU2606,2026-03-24,4.0,none,valid,无明显触发项,AU2606
AU,AU2608,2026-03-24,4.0,none,valid,无明显触发项,AU2606
AU,AU2610,2026-03-24,4.0,none,valid,无明显触发项,AU2606
AU,AU2612,2026-03-24,4.0,none,valid,无明显触发项,AU2606
AU,AU2702,2026-03-24,4.0,none,valid,无明显触发项,AU2606
AU,AU2605,2026-03-24,0.0,none,valid,无明显触发项,AU2606
AU,AU2704,2026-03-24,0.0,none,invalid_lifecycle_edge,样本状态=invalid_lifecycle_edge,AU2606
AU,AU2604,2026-03-25,11.0,none,valid,振幅异常,AU2606
AU,AU2606,2026-03-25,11.0,none,valid,振幅异常,AU2606
AU,AU2608,2026-03-25,11.0,none,valid,振幅异常,AU2606
AU,AU2610,2026-03-25,11.0,none,valid,振幅异常,AU2606
AU,AU2612,2026-03-25,9.0,none,valid,振幅异常,AU2606
AU,AU2702,2026-03-25,9.0,none,valid,振幅异常,AU2606
AU,AU2605,2026-03-25,7.0,none,valid,无明显触发项,AU2606
AU,AU2704,2026-03-25,0.0,none,invalid_lifecycle_edge,样本状态=invalid_lifecycle_edge,AU2606
AU,AU2604,2026-03-26,0.0,none,valid,无明显触发项,AU2606
AU,AU2606,2026-03-26,0.0,none,valid,无明显触发项,AU2606
AU,AU2608,2026-03-26,0.0,none,valid,无明显触发项,AU2606
AU,AU2610,2026-03-26,0.0,none,valid,无明显触发项,AU2606
AU,AU2612,2026-03-26,0.0,none,valid,无明显触发项,AU2606
AU,AU2702,2026-03-26,0.0,none,valid,无明显触发项,AU2606
AU,AU2605,2026-03-26,0.0,none,valid,无明显触发项,AU2606
AU,AU2704,2026-03-26,0.0,none,invalid_lifecycle_edge,样本状态=invalid_lifecycle_edge,AU2606
AU,AU2604,2026-03-27,0.0,none,valid,无明显触发项,AU2606
AU,AU2606,2026-03-27,0.0,none,valid,无明显触发项,AU2606
AU,AU2608,2026-03-27,0.0,none,valid,无明显触发项,AU2606
AU,AU2610,2026-03-27,0.0,none,valid,无明显触发项,AU2606
AU,AU2612,2026-03-27,0.0,none,valid,无明显触发项,AU2606
AU,AU2702,2026-03-27,0.0,none,valid,无明显触发项,AU2606
AU,AU2605,2026-03-27,0.0,none,valid,无明显触发项,AU2606
AU,AU2704,2026-03-27,0.0,none,valid,无明显触发项,AU2606
AU,AU2604,2026-03-30,0.0,none,valid,无明显触发项,AU2606
AU,AU2606,2026-03-30,0.0,none,valid,无明显触发项,AU2606
AU,AU2608,2026-03-30,0.0,none,valid,无明显触发项,AU2606
AU,AU2610,2026-03-30,0.0,none,valid,无明显触发项,AU2606
AU,AU2612,2026-03-30,0.0,none,valid,无明显触发项,AU2606
AU,AU2702,2026-03-30,0.0,none,valid,无明显触发项,AU2606
AU,AU2605,2026-03-30,0.0,none,valid,无明显触发项,AU2606
AU,AU2704,2026-03-30,0.0,none,valid,无明显触发项,AU2606
AU,AU2604,2026-03-31,0.0,none,valid,无明显触发项,AU2606
AU,AU2606,2026-03-31,0.0,none,valid,无明显触发项,AU2606
AU,AU2608,2026-03-31,0.0,none,valid,无明显触发项,AU2606
AU,AU2610,2026-03-31,0.0,none,valid,无明显触发项,AU2606
AU,AU2612,2026-03-31,0.0,none,valid,无明显触发项,AU2606
AU,AU2702,2026-03-31,0.0,none,valid,无明显触发项,AU2606
AU,AU2605,2026-03-31,0.0,none,valid,无明显触发项,AU2606
AU,AU2704,2026-03-31,0.0,none,valid,无明显触发项,AU2606
AU,AU2604,2026-04-01,0.0,none,valid,目标合约流动性偏弱,AU2606
AU,AU2606,2026-04-01,0.0,none,valid,无明显触发项,AU2606
AU,AU2608,2026-04-01,0.0,none,valid,无明显触发项,AU2606
AU,AU2610,2026-04-01,0.0,none,valid,无明显触发项,AU2606
AU,AU2612,2026-04-01,0.0,none,valid,无明显触发项,AU2606
AU,AU2702,2026-04-01,0.0,none,valid,无明显触发项,AU2606
AU,AU2605,2026-04-01,0.0,none,valid,无明显触发项,AU2606
AU,AU2704,2026-04-01,0.0,none,valid,无明显触发项,AU2606
AU,AU2606,2026-04-02,3.0,none,valid,无明显触发项,AU2606
AU,AU2608,2026-04-02,3.0,none,valid,无明显触发项,AU2606
AU,AU2610,2026-04-02,3.0,none,valid,无明显触发项,AU2606
AU,AU2612,2026-04-02,3.0,none,valid,无明显触发项,AU2606
AU,AU2702,2026-04-02,3.0,none,valid,无明显触发项,AU2606
AU,AU2605,2026-04-02,3.0,none,valid,无明显触发项,AU2606
AU,AU2604,2026-04-02,0.0,none,valid,目标合约流动性偏弱,AU2606
AU,AU2704,2026-04-02,0.0,none,valid,无明显触发项,AU2606
AU,AU2604,2026-04-03,0.0,none,valid,目标合约流动性偏弱,AU2606
AU,AU2606,2026-04-03,0.0,none,valid,无明显触发项,AU2606
AU,AU2608,2026-04-03,0.0,none,valid,无明显触发项,AU2606
AU,AU2610,2026-04-03,0.0,none,valid,无明显触发项,AU2606
AU,AU2612,2026-04-03,0.0,none,valid,无明显触发项,AU2606
AU,AU2702,2026-04-03,0.0,none,valid,无明显触发项,AU2606
AU,AU2605,2026-04-03,0.0,none,valid,无明显触发项,AU2606
AU,AU2704,2026-04-03,0.0,none,valid,无明显触发项,AU2606
AU,AU2604,2026-04-07,0.0,none,invalid_lifecycle_edge,样本状态=invalid_lifecycle_edge,AU2606
AU,AU2606,2026-04-07,0.0,none,valid,无明显触发项,AU2606
AU,AU2608,2026-04-07,0.0,none,valid,无明显触发项,AU2606
AU,AU2610,2026-04-07,0.0,none,valid,无明显触发项,AU2606
AU,AU2612,2026-04-07,0.0,none,valid,无明显触发项,AU2606
AU,AU2702,2026-04-07,0.0,none,valid,无明显触发项,AU2606
AU,AU2605,2026-04-07,0.0,none,valid,无明显触发项,AU2606
AU,AU2704,2026-04-07,0.0,none,valid,无明显触发项,AU2606
AU,AU2604,2026-04-08,0.0,none,invalid_lifecycle_edge,样本状态=invalid_lifecycle_edge,AU2606
AU,AU2606,2026-04-08,0.0,none,valid,无明显触发项,AU2606
AU,AU2608,2026-04-08,0.0,none,valid,无明显触发项,AU2606
AU,AU2610,2026-04-08,0.0,none,valid,无明显触发项,AU2606
AU,AU2612,2026-04-08,0.0,none,valid,无明显触发项,AU2606
AU,AU2702,2026-04-08,0.0,none,valid,无明显触发项,AU2606
AU,AU2605,2026-04-08,0.0,none,valid,无明显触发项,AU2606
AU,AU2704,2026-04-08,0.0,none,valid,无明显触发项,AU2606
AU,AU2604,2026-04-09,0.0,none,invalid_lifecycle_edge,样本状态=invalid_lifecycle_edge,AU2606
AU,AU2606,2026-04-09,0.0,none,valid,无明显触发项,AU2606
AU,AU2608,2026-04-09,0.0,none,valid,无明显触发项,AU2606
AU,AU2610,2026-04-09,0.0,none,valid,无明显触发项,AU2606
AU,AU2612,2026-04-09,0.0,none,valid,无明显触发项,AU2606
AU,AU2702,2026-04-09,0.0,none,valid,无明显触发项,AU2606
AU,AU2605,2026-04-09,0.0,none,valid,无明显触发项,AU2606
AU,AU2704,2026-04-09,0.0,none,valid,无明显触发项,AU2606
AU,AU2604,2026-04-10,0.0,none,invalid_lifecycle_edge,样本状态=invalid_lifecycle_edge,AU2606
AU,AU2606,2026-04-10,0.0,none,valid,无明显触发项,AU2606
AU,AU2608,2026-04-10,0.0,none,valid,无明显触发项,AU2606
AU,AU2610,2026-04-10,0.0,none,valid,无明显触发项,AU2606
AU,AU2612,2026-04-10,0.0,none,valid,无明显触发项,AU2606
AU,AU2702,2026-04-10,0.0,none,valid,无明显触发项,AU2606
AU,AU2605,2026-04-10,0.0,none,valid,无明显触发项,AU2606
AU,AU2704,2026-04-10,0.0,none,valid,无明显触发项,AU2606
AU,AU2604,2026-04-13,0.0,none,invalid_lifecycle_edge,样本状态=invalid_lifecycle_edge,AU2606
AU,AU2606,2026-04-13,0.0,none,valid,无明显触发项,AU2606
AU,AU2608,2026-04-13,0.0,none,valid,无明显触发项,AU2606
AU,AU2610,2026-04-13,0.0,none,valid,无明显触发项,AU2606
AU,AU2612,2026-04-13,0.0,none,valid,无明显触发项,AU2606
AU,AU2702,2026-04-13,0.0,none,valid,无明显触发项,AU2606
AU,AU2605,2026-04-13,0.0,none,valid,无明显触发项,AU2606
AU,AU2704,2026-04-13,0.0,none,valid,无明显触发项,AU2606
AU,AU2604,2026-04-14,0.0,none,invalid_lifecycle_edge,样本状态=invalid_lifecycle_edge,AU2606
AU,AU2606,2026-04-14,0.0,none,valid,无明显触发项,AU2606
AU,AU2608,2026-04-14,0.0,none,valid,无明显触发项,AU2606
AU,AU2610,2026-04-14,0.0,none,valid,无明显触发项,AU2606
AU,AU2612,2026-04-14,0.0,none,valid,无明显触发项,AU2606
AU,AU2702,2026-04-14,0.0,none,valid,无明显触发项,AU2606
AU,AU2605,2026-04-14,0.0,none,valid,无明显触发项,AU2606
AU,AU2704,2026-04-14,0.0,none,valid,无明显触发项,AU2606
AU,AU2604,2026-04-15,0.0,none,invalid_lifecycle_edge,样本状态=invalid_lifecycle_edge,AU2606
AU,AU2606,2026-04-15,0.0,none,valid,无明显触发项,AU2606
AU,AU2608,2026-04-15,0.0,none,valid,无明显触发项,AU2606
AU,AU2610,2026-04-15,0.0,none,valid,无明显触发项,AU2606
AU,AU2612,2026-04-15,0.0,none,valid,无明显触发项,AU2606
AU,AU2702,2026-04-15,0.0,none,valid,无明显触发项,AU2606
AU,AU2605,2026-04-15,0.0,none,valid,无明显触发项,AU2606
AU,AU2704,2026-04-15,0.0,none,valid,无明显触发项,AU2606
AU,AU2606,2026-04-16,0.0,none,valid,无明显触发项,AU2606
AU,AU2608,2026-04-16,0.0,none,valid,无明显触发项,AU2606
AU,AU2610,2026-04-16,0.0,none,valid,无明显触发项,AU2606
AU,AU2612,2026-04-16,0.0,none,valid,无明显触发项,AU2606
AU,AU2702,2026-04-16,0.0,none,valid,无明显触发项,AU2606
AU,AU2605,2026-04-16,0.0,none,valid,无明显触发项,AU2606
AU,AU2704,2026-04-16,0.0,none,valid,无明显触发项,AU2606
AU,AU2607,2026-04-16,0.0,none,invalid_lifecycle_edge,样本状态=invalid_lifecycle_edge,AU2606
AU,AU2606,2026-04-17,0.0,none,valid,无明显触发项,AU2606
AU,AU2608,2026-04-17,0.0,none,valid,无明显触发项,AU2606
AU,AU2610,2026-04-17,0.0,none,valid,无明显触发项,AU2606
AU,AU2612,2026-04-17,0.0,none,valid,无明显触发项,AU2606
AU,AU2702,2026-04-17,0.0,none,valid,无明显触发项,AU2606
AU,AU2605,2026-04-17,0.0,none,valid,无明显触发项,AU2606
AU,AU2704,2026-04-17,0.0,none,valid,无明显触发项,AU2606
AU,AU2607,2026-04-17,0.0,none,invalid_lifecycle_edge,样本状态=invalid_lifecycle_edge,AU2606
AU,AU2606,2026-04-20,0.0,none,valid,无明显触发项,AU2606
AU,AU2608,2026-04-20,0.0,none,valid,无明显触发项,AU2606
AU,AU2610,2026-04-20,0.0,none,valid,无明显触发项,AU2606
AU,AU2612,2026-04-20,0.0,none,valid,无明显触发项,AU2606
AU,AU2702,2026-04-20,0.0,none,valid,无明显触发项,AU2606
AU,AU2605,2026-04-20,0.0,none,valid,无明显触发项,AU2606
AU,AU2704,2026-04-20,0.0,none,valid,无明显触发项,AU2606
AU,AU2607,2026-04-20,0.0,none,invalid_lifecycle_edge,样本状态=invalid_lifecycle_edge,AU2606
AU,AU2606,2026-04-21,0.0,none,valid,无明显触发项,AU2606
AU,AU2608,2026-04-21,0.0,none,valid,无明显触发项,AU2606
AU,AU2610,2026-04-21,0.0,none,valid,无明显触发项,AU2606
AU,AU2612,2026-04-21,0.0,none,valid,无明显触发项,AU2606
AU,AU2702,2026-04-21,0.0,none,valid,无明显触发项,AU2606
AU,AU2605,2026-04-21,0.0,none,valid,无明显触发项,AU2606
AU,AU2704,2026-04-21,0.0,none,valid,无明显触发项,AU2606
AU,AU2607,2026-04-21,0.0,none,invalid_lifecycle_edge,样本状态=invalid_lifecycle_edge,AU2606
AU,AU2606,2026-04-22,0.0,none,valid,无明显触发项,AU2606
AU,AU2608,2026-04-22,0.0,none,valid,无明显触发项,AU2606
AU,AU2610,2026-04-22,0.0,none,valid,无明显触发项,AU2606
AU,AU2612,2026-04-22,0.0,none,valid,无明显触发项,AU2606
AU,AU2702,2026-04-22,0.0,none,valid,无明显触发项,AU2606
AU,AU2605,2026-04-22,0.0,none,valid,无明显触发项,AU2606
AU,AU2704,2026-04-22,0.0,none,valid,无明显触发项,AU2606
AU,AU2607,2026-04-22,0.0,none,invalid_lifecycle_edge,样本状态=invalid_lifecycle_edge,AU2606
AU,AU2606,2026-04-23,0.0,none,valid,无明显触发项,AU2606
AU,AU2608,2026-04-23,0.0,none,valid,无明显触发项,AU2606
AU,AU2610,2026-04-23,0.0,none,valid,无明显触发项,AU2606
AU,AU2612,2026-04-23,0.0,none,valid,无明显触发项,AU2606
AU,AU2702,2026-04-23,0.0,none,valid,无明显触发项,AU2606
AU,AU2605,2026-04-23,0.0,none,valid,无明显触发项,AU2606
AU,AU2704,2026-04-23,0.0,none,valid,无明显触发项,AU2606
AU,AU2607,2026-04-23,0.0,none,invalid_lifecycle_edge,样本状态=invalid_lifecycle_edge,AU2606
AU,AU2606,2026-04-24,0.0,none,valid,无明显触发项,AU2606
AU,AU2608,2026-04-24,0.0,none,valid,无明显触发项,AU2606
AU,AU2610,2026-04-24,0.0,none,valid,无明显触发项,AU2606
AU,AU2612,2026-04-24,0.0,none,valid,无明显触发项,AU2606
AU,AU2702,2026-04-24,0.0,none,valid,无明显触发项,AU2606
AU,AU2605,2026-04-24,0.0,none,valid,无明显触发项,AU2606
AU,AU2704,2026-04-24,0.0,none,valid,无明显触发项,AU2606
AU,AU2607,2026-04-24,0.0,none,invalid_lifecycle_edge,样本状态=invalid_lifecycle_edge,AU2606
AU,AU2606,2026-04-27,0.0,none,valid,无明显触发项,AU2606
AU,AU2608,2026-04-27,0.0,none,valid,无明显触发项,AU2606
AU,AU2610,2026-04-27,0.0,none,valid,无明显触发项,AU2606
AU,AU2612,2026-04-27,0.0,none,valid,无明显触发项,AU2606
AU,AU2702,2026-04-27,0.0,none,valid,无明显触发项,AU2606
AU,AU2605,2026-04-27,0.0,none,valid,无明显触发项,AU2606
AU,AU2704,2026-04-27,0.0,none,valid,无明显触发项,AU2606
AU,AU2607,2026-04-27,0.0,none,valid,无明显触发项,AU2606
AU,AU2606,2026-04-28,0.0,none,valid,无明显触发项,AU2606
AU,AU2608,2026-04-28,0.0,none,valid,无明显触发项,AU2606
AU,AU2610,2026-04-28,0.0,none,valid,无明显触发项,AU2606
AU,AU2612,2026-04-28,0.0,none,valid,无明显触发项,AU2606
AU,AU2702,2026-04-28,0.0,none,valid,无明显触发项,AU2606
AU,AU2605,2026-04-28,0.0,none,valid,无明显触发项,AU2606
AU,AU2704,2026-04-28,0.0,none,valid,无明显触发项,AU2606
AU,AU2607,2026-04-28,0.0,none,valid,无明显触发项,AU2606
AU,AU2704,2026-04-29,34.0,low,valid,结构失真,AU2606
AU,AU2606,2026-04-29,0.0,none,valid,无明显触发项,AU2606
AU,AU2608,2026-04-29,0.0,none,valid,无明显触发项,AU2606
AU,AU2610,2026-04-29,0.0,none,valid,无明显触发项,AU2606
AU,AU2612,2026-04-29,0.0,none,valid,无明显触发项,AU2606
AU,AU2702,2026-04-29,0.0,none,valid,无明显触发项,AU2606
AU,AU2605,2026-04-29,0.0,none,valid,无明显触发项,AU2606
AU,AU2607,2026-04-29,0.0,none,valid,无明显触发项,AU2606
AU,AU2606,2026-04-30,0.0,none,valid,无明显触发项,AU2606
AU,AU2608,2026-04-30,0.0,none,valid,无明显触发项,AU2606
AU,AU2610,2026-04-30,0.0,none,valid,无明显触发项,AU2606
AU,AU2612,2026-04-30,0.0,none,valid,无明显触发项,AU2606
AU,AU2702,2026-04-30,0.0,none,valid,无明显触发项,AU2606
AU,AU2605,2026-04-30,0.0,none,valid,无明显触发项,AU2606
AU,AU2704,2026-04-30,0.0,none,valid,无明显触发项,AU2606
AU,AU2607,2026-04-30,0.0,none,valid,无明显触发项,AU2606
AU,AU2606,2026-05-06,0.0,none,valid,无明显触发项,AU2606
AU,AU2608,2026-05-06,0.0,none,valid,无明显触发项,AU2606
AU,AU2610,2026-05-06,0.0,none,valid,无明显触发项,AU2606
AU,AU2612,2026-05-06,0.0,none,valid,无明显触发项,AU2606
AU,AU2702,2026-05-06,0.0,none,valid,无明显触发项,AU2606
AU,AU2605,2026-05-06,0.0,none,invalid_lifecycle_edge,样本状态=invalid_lifecycle_edge,AU2606
AU,AU2704,2026-05-06,0.0,none,valid,无明显触发项,AU2606
AU,AU2607,2026-05-06,0.0,none,valid,无明显触发项,AU2606
AU,AU2606,2026-05-07,0.0,none,valid,无明显触发项,AU2606
AU,AU2608,2026-05-07,0.0,none,valid,无明显触发项,AU2606
AU,AU2610,2026-05-07,0.0,none,valid,无明显触发项,AU2606
AU,AU2612,2026-05-07,0.0,none,valid,无明显触发项,AU2606
AU,AU2702,2026-05-07,0.0,none,valid,无明显触发项,AU2606
AU,AU2605,2026-05-07,0.0,none,invalid_lifecycle_edge,样本状态=invalid_lifecycle_edge,AU2606
AU,AU2704,2026-05-07,0.0,none,valid,无明显触发项,AU2606
AU,AU2607,2026-05-07,0.0,none,valid,无明显触发项,AU2606
AU,AU2606,2026-05-08,0.0,none,valid,无明显触发项,AU2606
AU,AU2608,2026-05-08,0.0,none,valid,无明显触发项,AU2606
AU,AU2610,2026-05-08,0.0,none,valid,无明显触发项,AU2606
AU,AU2612,2026-05-08,0.0,none,valid,无明显触发项,AU2606
AU,AU2702,2026-05-08,0.0,none,valid,无明显触发项,AU2606
AU,AU2605,2026-05-08,0.0,none,invalid_lifecycle_edge,样本状态=invalid_lifecycle_edge,AU2606
AU,AU2704,2026-05-08,0.0,none,valid,无明显触发项,AU2606
AU,AU2607,2026-05-08,0.0,none,valid,无明显触发项,AU2606
AU,AU2606,2026-05-11,4.0,none,valid,无明显触发项,AU2606
AU,AU2610,2026-05-11,4.0,none,valid,无明显触发项,AU2606
AU,AU2612,2026-05-11,4.0,none,valid,无明显触发项,AU2606
AU,AU2702,2026-05-11,4.0,none,valid,无明显触发项,AU2606
AU,AU2608,2026-05-11,0.0,none,valid,无明显触发项,AU2606
AU,AU2704,2026-05-11,0.0,none,valid,无明显触发项,AU2606
AU,AU2607,2026-05-11,0.0,none,valid,无明显触发项,AU2606
AU,AU2606,2026-05-12,0.0,none,valid,无明显触发项,AU2606
AU,AU2608,2026-05-12,0.0,none,valid,无明显触发项,AU2606
AU,AU2610,2026-05-12,0.0,none,valid,无明显触发项,AU2606
AU,AU2612,2026-05-12,0.0,none,valid,无明显触发项,AU2606
AU,AU2702,2026-05-12,0.0,none,valid,无明显触发项,AU2606
AU,AU2704,2026-05-12,0.0,none,valid,无明显触发项,AU2606
AU,AU2607,2026-05-12,0.0,none,valid,无明显触发项,AU2606
AU,AU2606,2026-05-13,0.0,none,valid,无明显触发项,AU2606
AU,AU2608,2026-05-13,0.0,none,valid,无明显触发项,AU2606
AU,AU2610,2026-05-13,0.0,none,valid,无明显触发项,AU2606
AU,AU2612,2026-05-13,0.0,none,valid,无明显触发项,AU2606
AU,AU2702,2026-05-13,0.0,none,valid,无明显触发项,AU2606
AU,AU2605,2026-05-13,0.0,none,invalid_lifecycle_edge,样本状态=invalid_lifecycle_edge,AU2606
AU,AU2704,2026-05-13,0.0,none,valid,无明显触发项,AU2606
AU,AU2607,2026-05-13,0.0,none,valid,无明显触发项,AU2606
AU,AU2606,2026-05-14,0.0,none,valid,无明显触发项,AU2606
AU,AU2608,2026-05-14,0.0,none,valid,无明显触发项,AU2606
AU,AU2610,2026-05-14,0.0,none,valid,无明显触发项,AU2606
AU,AU2612,2026-05-14,0.0,none,valid,无明显触发项,AU2606
AU,AU2702,2026-05-14,0.0,none,valid,无明显触发项,AU2606
AU,AU2605,2026-05-14,0.0,none,invalid_lifecycle_edge,样本状态=invalid_lifecycle_edge,AU2606
AU,AU2704,2026-05-14,0.0,none,valid,无明显触发项,AU2606
AU,AU2607,2026-05-14,0.0,none,valid,无明显触发项,AU2606
AU,AU2606,2026-05-15,20.0,none,valid,振幅异常,AU2606
AU,AU2608,2026-05-15,20.0,none,valid,振幅异常,AU2606
AU,AU2610,2026-05-15,20.0,none,valid,振幅异常,AU2606
AU,AU2612,2026-05-15,20.0,none,valid,振幅异常,AU2606
AU,AU2702,2026-05-15,20.0,none,valid,振幅异常,AU2606
AU,AU2704,2026-05-15,20.0,none,valid,振幅异常,AU2606
AU,AU2607,2026-05-15,20.0,none,valid,振幅异常,AU2606
AU,AU2606,2026-05-18,0.0,none,valid,无明显触发项,AU2606
AU,AU2608,2026-05-18,0.0,none,valid,无明显触发项,AU2606
AU,AU2610,2026-05-18,0.0,none,valid,无明显触发项,AU2606
AU,AU2612,2026-05-18,0.0,none,valid,无明显触发项,AU2606
AU,AU2702,2026-05-18,0.0,none,valid,无明显触发项,AU2606
AU,AU2704,2026-05-18,0.0,none,valid,无明显触发项,AU2606
AU,AU2607,2026-05-18,0.0,none,valid,无明显触发项,AU2606
AU,AU2706,2026-05-18,0.0,none,invalid_lifecycle_edge,样本状态=invalid_lifecycle_edge,AU2606
AU,AU2606,2026-05-19,0.0,none,valid,无明显触发项,AU2606
AU,AU2608,2026-05-19,0.0,none,valid,无明显触发项,AU2606
AU,AU2610,2026-05-19,0.0,none,valid,无明显触发项,AU2606
AU,AU2612,2026-05-19,0.0,none,valid,无明显触发项,AU2606
AU,AU2702,2026-05-19,0.0,none,valid,无明显触发项,AU2606
AU,AU2704,2026-05-19,0.0,none,valid,无明显触发项,AU2606
AU,AU2607,2026-05-19,0.0,none,valid,无明显触发项,AU2606
AU,AU2706,2026-05-19,0.0,none,invalid_lifecycle_edge,样本状态=invalid_lifecycle_edge,AU2606
AU,AU2606,2026-05-20,20.0,none,valid,振幅异常,AU2606
AU,AU2608,2026-05-20,0.0,none,valid,无明显触发项,AU2606
AU,AU2610,2026-05-20,0.0,none,valid,无明显触发项,AU2606
AU,AU2612,2026-05-20,0.0,none,valid,无明显触发项,AU2606
AU,AU2702,2026-05-20,0.0,none,valid,无明显触发项,AU2606
AU,AU2704,2026-05-20,0.0,none,valid,无明显触发项,AU2606
AU,AU2607,2026-05-20,0.0,none,valid,无明显触发项,AU2606
AU,AU2706,2026-05-20,0.0,none,invalid_lifecycle_edge,样本状态=invalid_lifecycle_edge,AU2606
AU,AU2702,2026-05-21,4.0,none,valid,无明显触发项,AU2606
AU,AU2704,2026-05-21,4.0,none,valid,无明显触发项,AU2606
AU,AU2607,2026-05-21,4.0,none,valid,无明显触发项,AU2606
AU,AU2606,2026-05-21,0.0,none,valid,无明显触发项,AU2606
AU,AU2608,2026-05-21,0.0,none,valid,无明显触发项,AU2606
AU,AU2610,2026-05-21,0.0,none,valid,无明显触发项,AU2606
AU,AU2612,2026-05-21,0.0,none,valid,无明显触发项,AU2606
AU,AU2706,2026-05-21,0.0,none,invalid_lifecycle_edge,样本状态=invalid_lifecycle_edge,AU2606
AU,AU2606,2026-05-22,0.0,none,valid,无明显触发项,AU2606
AU,AU2608,2026-05-22,0.0,none,valid,无明显触发项,AU2606
AU,AU2610,2026-05-22,0.0,none,valid,无明显触发项,AU2606
AU,AU2612,2026-05-22,0.0,none,valid,无明显触发项,AU2606
AU,AU2702,2026-05-22,0.0,none,valid,无明显触发项,AU2606
AU,AU2704,2026-05-22,0.0,none,valid,无明显触发项,AU2606
AU,AU2607,2026-05-22,0.0,none,valid,无明显触发项,AU2606
AU,AU2706,2026-05-22,0.0,none,invalid_lifecycle_edge,样本状态=invalid_lifecycle_edge,AU2606
AU,AU2606,2026-05-25,0.0,none,valid,无明显触发项,AU2608
AU,AU2608,2026-05-25,0.0,none,valid,无明显触发项,AU2608
AU,AU2610,2026-05-25,0.0,none,valid,无明显触发项,AU2608
AU,AU2612,2026-05-25,0.0,none,valid,无明显触发项,AU2608
AU,AU2702,2026-05-25,0.0,none,valid,无明显触发项,AU2608
AU,AU2704,2026-05-25,0.0,none,valid,无明显触发项,AU2608
AU,AU2607,2026-05-25,0.0,none,valid,无明显触发项,AU2608
AU,AU2706,2026-05-25,0.0,none,invalid_lifecycle_edge,样本状态=invalid_lifecycle_edge,AU2608
AU,AU2606,2026-05-26,0.0,none,valid,无明显触发项,AU2608
AU,AU2608,2026-05-26,0.0,none,valid,无明显触发项,AU2608
AU,AU2610,2026-05-26,0.0,none,valid,无明显触发项,AU2608
AU,AU2612,2026-05-26,0.0,none,valid,无明显触发项,AU2608
AU,AU2702,2026-05-26,0.0,none,valid,无明显触发项,AU2608
AU,AU2704,2026-05-26,0.0,none,valid,无明显触发项,AU2608
AU,AU2607,2026-05-26,0.0,none,valid,无明显触发项,AU2608
AU,AU2706,2026-05-26,0.0,none,invalid_lifecycle_edge,样本状态=invalid_lifecycle_edge,AU2608
AU,AU2606,2026-05-27,0.0,none,valid,无明显触发项,AU2608
AU,AU2608,2026-05-27,0.0,none,valid,无明显触发项,AU2608
AU,AU2610,2026-05-27,0.0,none,valid,无明显触发项,AU2608
AU,AU2612,2026-05-27,0.0,none,valid,无明显触发项,AU2608
AU,AU2702,2026-05-27,0.0,none,valid,无明显触发项,AU2608
AU,AU2704,2026-05-27,0.0,none,valid,无明显触发项,AU2608
AU,AU2607,2026-05-27,0.0,none,valid,无明显触发项,AU2608
AU,AU2706,2026-05-27,0.0,none,invalid_lifecycle_edge,样本状态=invalid_lifecycle_edge,AU2608
AU,AU2608,2026-05-28,3.0,none,valid,无明显触发项,AU2608
AU,AU2610,2026-05-28,3.0,none,valid,无明显触发项,AU2608
AU,AU2612,2026-05-28,3.0,none,valid,无明显触发项,AU2608
AU,AU2704,2026-05-28,3.0,none,valid,无明显触发项,AU2608
AU,AU2607,2026-05-28,3.0,none,valid,无明显触发项,AU2608
AU,AU2606,2026-05-28,0.0,none,valid,无明显触发项,AU2608
AU,AU2702,2026-05-28,0.0,none,valid,无明显触发项,AU2608
AU,AU2706,2026-05-28,0.0,none,valid,无明显触发项,AU2608
AU,AU2608,2026-05-29,13.0,none,valid,振幅异常,AU2608
AU,AU2610,2026-05-29,13.0,none,valid,振幅异常,AU2608
AU,AU2612,2026-05-29,13.0,none,valid,振幅异常,AU2608
AU,AU2702,2026-05-29,13.0,none,valid,振幅异常,AU2608
AU,AU2704,2026-05-29,13.0,none,valid,振幅异常,AU2608
AU,AU2607,2026-05-29,13.0,none,valid,振幅异常,AU2608
AU,AU2606,2026-05-29,3.0,none,valid,无明显触发项,AU2608
AU,AU2706,2026-05-29,0.0,none,valid,无明显触发项,AU2608
AU,AU2608,2026-06-01,3.0,none,valid,无明显触发项,AU2608
AU,AU2610,2026-06-01,3.0,none,valid,无明显触发项,AU2608
AU,AU2612,2026-06-01,3.0,none,valid,无明显触发项,AU2608
AU,AU2606,2026-06-01,0.0,none,valid,目标合约流动性偏弱,AU2608
AU,AU2702,2026-06-01,0.0,none,valid,无明显触发项,AU2608
AU,AU2704,2026-06-01,0.0,none,valid,无明显触发项,AU2608
AU,AU2607,2026-06-01,0.0,none,valid,无明显触发项,AU2608
AU,AU2706,2026-06-01,0.0,none,valid,无明显触发项,AU2608
