trade_date,market_time_key,display_time,from_state,to_state,reason,grid_anchor,buy_limit,sell_limit,fair_price,order_actions_last_minute
20260303,43140000,08:59:00.000,PAUSED,PAUSED,start,,,,,0
20260303,43273000,09:01:13.000,PAUSED,FLAT_QUOTING,fair_recovered,9866.0,9624.0,10108.0,9866.5,0
20260303,43294000,09:01:34.000,FLAT_QUOTING,PAUSED,fair_invalid_or_session_guard,9866.0,9624.0,10108.0,,2
20260303,43297000,09:01:37.000,PAUSED,FLAT_QUOTING,fair_recovered,9873.0,9631.0,10115.0,9873.375,4
20260303,43323000,09:02:03.000,FLAT_QUOTING,PAUSED,fair_invalid_or_session_guard,9873.0,9631.0,10115.0,,6
20260303,43326000,09:02:06.000,PAUSED,FLAT_QUOTING,fair_recovered,9874.0,9632.0,10116.0,9873.875,8
20260303,43330000,09:02:10.000,FLAT_QUOTING,PAUSED,fair_invalid_or_session_guard,9874.0,9632.0,10116.0,,10
20260303,43333000,09:02:13.000,PAUSED,FLAT_QUOTING,fair_recovered,9876.0,9634.0,10118.0,9876.0,10
20260303,43337000,09:02:17.000,FLAT_QUOTING,PAUSED,fair_invalid_or_session_guard,9876.0,9634.0,10118.0,,12
20260303,43345000,09:02:25.000,PAUSED,FLAT_QUOTING,fair_recovered,9876.0,9634.0,10118.0,9876.125,14
20260303,43348000,09:02:28.000,FLAT_QUOTING,PAUSED,fair_invalid_or_session_guard,9876.0,9634.0,10118.0,,16
20260303,43357000,09:02:37.000,PAUSED,FLAT_QUOTING,fair_recovered,9879.0,9637.0,10121.0,9878.75,14
20260303,43367000,09:02:47.000,FLAT_QUOTING,SHORT_PENDING_HEDGE,target_fill,9879.0,9637.0,10121.0,9877.0,17
20260303,43368000,09:02:48.000,SHORT_PENDING_HEDGE,HEDGED_POSITION,hedge_fill,9879.0,9637.0,10121.0,9877.25,18
20260303,43369000,09:02:49.000,HEDGED_POSITION,FLATTENING,reversion_exit,9879.0,9637.0,10121.0,9877.25,18
20260303,43369000,09:02:49.000,FLATTENING,COOLDOWN,reversion_exit,9879.0,9637.0,10121.0,9877.25,20
20260303,43371000,09:02:51.000,COOLDOWN,PAUSED,order_action_limit,9879.0,9637.0,10121.0,9878.5,20
20260303,43372000,09:02:52.000,PAUSED,PAUSED,order_action_limit,9879.0,9637.0,10121.0,9878.5,20
20260303,43373000,09:02:53.000,PAUSED,PAUSED,order_action_limit,9879.0,9637.0,10121.0,9878.25,20
20260303,43374000,09:02:54.000,PAUSED,PAUSED,order_action_limit,9879.0,9637.0,10121.0,9877.75,20
20260303,43375000,09:02:55.000,PAUSED,PAUSED,order_action_limit,9879.0,9637.0,10121.0,9877.625,20
20260303,43376000,09:02:56.000,PAUSED,PAUSED,order_action_limit,9879.0,9637.0,10121.0,9877.25,20
20260303,43377000,09:02:57.000,PAUSED,PAUSED,order_action_limit,9879.0,9637.0,10121.0,9877.5,20
20260303,43378000,09:02:58.000,PAUSED,PAUSED,order_action_limit,9879.0,9637.0,10121.0,9877.75,20
20260303,43381000,09:03:01.000,PAUSED,PAUSED,order_action_limit,9879.0,9637.0,10121.0,9876.125,20
20260303,43382000,09:03:02.000,PAUSED,PAUSED,order_action_limit,9879.0,9637.0,10121.0,9876.25,20
20260303,43383000,09:03:03.000,PAUSED,FLAT_QUOTING,fair_recovered,9876.0,9634.0,10118.0,9876.25,18
20260303,43390000,09:03:10.000,FLAT_QUOTING,PAUSED,fair_invalid_or_session_guard,9876.0,9634.0,10118.0,,16
20260303,43395000,09:03:15.000,PAUSED,FLAT_QUOTING,fair_recovered,9876.0,9634.0,10118.0,9876.0,16
20260303,43399000,09:03:19.000,FLAT_QUOTING,PAUSED,fair_invalid_or_session_guard,9876.0,9634.0,10118.0,9882.0,16
20260303,43403000,09:03:23.000,PAUSED,FLAT_QUOTING,fair_recovered,9881.0,9639.0,10123.0,9881.0,18
20260303,43451000,09:04:11.000,FLAT_QUOTING,PAUSED,fair_invalid_or_session_guard,9881.0,9639.0,10123.0,,6
20260303,43455000,09:04:15.000,PAUSED,FLAT_QUOTING,fair_recovered,9877.0,9635.0,10119.0,9876.625,6
20260303,43479000,09:04:39.000,FLAT_QUOTING,PAUSED,fair_invalid_or_session_guard,9877.0,9635.0,10119.0,,4
20260303,43490000,09:04:50.000,PAUSED,FLAT_QUOTING,fair_recovered,9877.0,9635.0,10119.0,9877.25,6
20260303,43549000,09:05:49.000,FLAT_QUOTING,PAUSED,fair_invalid_or_session_guard,9877.0,9635.0,10119.0,,2
20260303,43552000,09:05:52.000,PAUSED,FLAT_QUOTING,fair_recovered,9888.0,9646.0,10130.0,9888.0,2
20260303,43558000,09:05:58.000,FLAT_QUOTING,PAUSED,fair_invalid_or_session_guard,9888.0,9646.0,10130.0,,4
20260303,43564000,09:06:04.000,PAUSED,FLAT_QUOTING,fair_recovered,9889.0,9647.0,10131.0,9888.75,6
20260303,43569000,09:06:09.000,FLAT_QUOTING,PAUSED,fair_invalid_or_session_guard,9889.0,9647.0,10131.0,,8
20260303,43580000,09:06:20.000,PAUSED,FLAT_QUOTING,fair_recovered,9888.0,9646.0,10130.0,9888.0,10
20260303,43584000,09:06:24.000,FLAT_QUOTING,PAUSED,fair_invalid_or_session_guard,9888.0,9646.0,10130.0,,12
20260303,43591000,09:06:31.000,PAUSED,FLAT_QUOTING,fair_recovered,9890.0,9648.0,10132.0,9889.5,14
20260303,43594000,09:06:34.000,FLAT_QUOTING,SHORT_PENDING_HEDGE,target_fill,9890.0,9648.0,10132.0,,17
20260303,43595000,09:06:35.000,SHORT_PENDING_HEDGE,HEDGED_POSITION,hedge_fill,9890.0,9648.0,10132.0,9890.125,18
20260303,43616000,09:06:56.000,HEDGED_POSITION,FLATTENING,reference_invalid_exit,9890.0,9648.0,10132.0,,14
20260303,43618000,09:06:58.000,FLATTENING,COOLDOWN,reference_invalid_exit,9890.0,9648.0,10132.0,9887.25,14
20260303,43620000,09:07:00.000,COOLDOWN,FLAT_QUOTING,fair_recovered,9888.0,9646.0,10130.0,9888.0,14
20260303,43627000,09:07:07.000,FLAT_QUOTING,PAUSED,fair_invalid_or_session_guard,9888.0,9646.0,10130.0,,14
20260303,43629000,09:07:09.000,PAUSED,FLAT_QUOTING,fair_recovered,9891.0,9649.0,10133.0,9891.125,14
20260303,43644000,09:07:24.000,FLAT_QUOTING,PAUSED,fair_invalid_or_session_guard,9891.0,9649.0,10133.0,,12
20260303,43646000,09:07:26.000,PAUSED,FLAT_QUOTING,fair_recovered,9887.0,9645.0,10129.0,9887.0,14
20260303,43685000,09:08:05.000,FLAT_QUOTING,PAUSED,fair_invalid_or_session_guard,9887.0,9645.0,10129.0,,8
20260303,43687000,09:08:07.000,PAUSED,FLAT_QUOTING,fair_recovered,9884.0,9642.0,10126.0,9883.75,8
20260303,43699000,09:08:19.000,FLAT_QUOTING,PAUSED,fair_invalid_or_session_guard,9884.0,9642.0,10126.0,,8
20260303,43704000,09:08:24.000,PAUSED,FLAT_QUOTING,fair_recovered,9886.0,9644.0,10128.0,9886.25,8
20260303,43709000,09:08:29.000,FLAT_QUOTING,PAUSED,fair_invalid_or_session_guard,9886.0,9644.0,10128.0,,8
20260303,43715000,09:08:35.000,PAUSED,FLAT_QUOTING,fair_recovered,9887.0,9645.0,10129.0,9887.25,10
20260303,43721000,09:08:41.000,FLAT_QUOTING,PAUSED,fair_invalid_or_session_guard,9887.0,9645.0,10129.0,,12
20260303,43726000,09:08:46.000,PAUSED,FLAT_QUOTING,fair_recovered,9888.0,9646.0,10130.0,9887.5,14
20260303,43731000,09:08:51.000,FLAT_QUOTING,PAUSED,data_gap,9888.0,9646.0,10130.0,9886.75,16
20260303,43733000,09:08:53.000,PAUSED,FLAT_QUOTING,fair_recovered,9887.0,9645.0,10129.0,9887.0,18
20260303,43736000,09:08:56.000,FLAT_QUOTING,PAUSED,fair_invalid_or_session_guard,9887.0,9645.0,10129.0,,20
20260303,43740000,09:09:00.000,PAUSED,PAUSED,order_action_limit,9887.0,9645.0,10129.0,9888.125,22
20260303,43741000,09:09:01.000,PAUSED,PAUSED,order_action_limit,9887.0,9645.0,10129.0,9889.5,22
20260303,43742000,09:09:02.000,PAUSED,PAUSED,order_action_limit,9887.0,9645.0,10129.0,9889.25,22
20260303,43743000,09:09:03.000,PAUSED,PAUSED,order_action_limit,9887.0,9645.0,10129.0,9890.0,22
20260303,43744000,09:09:04.000,PAUSED,PAUSED,order_action_limit,9887.0,9645.0,10129.0,9890.0,22
20260303,43745000,09:09:05.000,PAUSED,PAUSED,order_action_limit,9887.0,9645.0,10129.0,9890.0,20
20260303,43746000,09:09:06.000,PAUSED,PAUSED,order_action_limit,9887.0,9645.0,10129.0,9890.0,20
20260303,43750000,09:09:10.000,PAUSED,FLAT_QUOTING,fair_recovered,9891.0,9649.0,10133.0,9891.25,18
20260303,43752000,09:09:12.000,FLAT_QUOTING,PAUSED,fair_invalid_or_session_guard,9891.0,9649.0,10133.0,,20
20260303,43756000,09:09:16.000,PAUSED,PAUSED,order_action_limit,9891.0,9649.0,10133.0,9890.75,22
20260303,43757000,09:09:17.000,PAUSED,PAUSED,order_action_limit,9891.0,9649.0,10133.0,9890.75,22
20260303,43758000,09:09:18.000,PAUSED,PAUSED,order_action_limit,9891.0,9649.0,10133.0,9889.75,22
20260303,43759000,09:09:19.000,PAUSED,PAUSED,order_action_limit,9891.0,9649.0,10133.0,9890.0,20
20260303,43760000,09:09:20.000,PAUSED,PAUSED,order_action_limit,9891.0,9649.0,10133.0,9890.5,20
20260303,43761000,09:09:21.000,PAUSED,PAUSED,order_action_limit,9891.0,9649.0,10133.0,9890.5,20
20260303,43762000,09:09:22.000,PAUSED,PAUSED,order_action_limit,9891.0,9649.0,10133.0,9891.5,20
20260303,43763000,09:09:23.000,PAUSED,PAUSED,order_action_limit,9891.0,9649.0,10133.0,9891.5,20
20260303,43769000,09:09:29.000,PAUSED,FLAT_QUOTING,fair_recovered,9892.0,9650.0,10134.0,9891.75,16
20260303,43771000,09:09:31.000,FLAT_QUOTING,SHORT_PENDING_HEDGE,target_fill,9892.0,9650.0,10134.0,9892.25,19
20260303,43772000,09:09:32.000,SHORT_PENDING_HEDGE,HEDGED_POSITION,hedge_fill,9892.0,9650.0,10134.0,9892.25,20
20260303,43773000,09:09:33.000,HEDGED_POSITION,FLATTENING,reversion_exit,9892.0,9650.0,10134.0,9892.25,20
20260303,43773000,09:09:33.000,FLATTENING,COOLDOWN,reversion_exit,9892.0,9650.0,10134.0,9892.25,22
20260303,43775000,09:09:35.000,COOLDOWN,PAUSED,order_action_limit,9892.0,9650.0,10134.0,9891.75,20
20260303,43776000,09:09:36.000,PAUSED,PAUSED,order_action_limit,9892.0,9650.0,10134.0,9892.25,20
20260303,43777000,09:09:37.000,PAUSED,PAUSED,order_action_limit,9892.0,9650.0,10134.0,9892.25,20
20260303,43778000,09:09:38.000,PAUSED,PAUSED,order_action_limit,9892.0,9650.0,10134.0,9892.5,20
20260303,43779000,09:09:39.000,PAUSED,PAUSED,order_action_limit,9892.0,9650.0,10134.0,9892.5,20
20260303,43785000,09:09:45.000,PAUSED,FLAT_QUOTING,fair_recovered,9891.0,9649.0,10133.0,9891.25,18
20260303,43793000,09:09:53.000,FLAT_QUOTING,PAUSED,fair_invalid_or_session_guard,9891.0,9649.0,10133.0,,14
20260303,43796000,09:09:56.000,PAUSED,FLAT_QUOTING,fair_recovered,9888.0,9646.0,10130.0,9888.5,14
20260303,43817000,09:10:17.000,FLAT_QUOTING,PAUSED,fair_invalid_or_session_guard,9888.0,9646.0,10130.0,,12
20260303,43821000,09:10:21.000,PAUSED,FLAT_QUOTING,fair_recovered,9889.0,9647.0,10131.0,9889.25,14
20260303,43830000,09:10:30.000,FLAT_QUOTING,PAUSED,fair_invalid_or_session_guard,9889.0,9647.0,10131.0,,14
20260303,43841000,09:10:41.000,PAUSED,FLAT_QUOTING,fair_recovered,9888.0,9646.0,10130.0,9888.25,12
20260303,43844000,09:10:44.000,FLAT_QUOTING,PAUSED,fair_invalid_or_session_guard,9888.0,9646.0,10130.0,,14
20260303,43849000,09:10:49.000,PAUSED,FLAT_QUOTING,fair_recovered,9888.0,9646.0,10130.0,9888.25,14
20260303,43876000,09:11:16.000,FLAT_QUOTING,PAUSED,fair_invalid_or_session_guard,9888.0,9646.0,10130.0,,12
20260303,43881000,09:11:21.000,PAUSED,FLAT_QUOTING,fair_recovered,9894.0,9652.0,10136.0,9894.0,10
20260303,43897000,09:11:37.000,FLAT_QUOTING,PAUSED,fair_invalid_or_session_guard,9894.0,9652.0,10136.0,,10
20260303,43919000,09:11:59.000,PAUSED,FLAT_QUOTING,fair_recovered,9902.0,9660.0,10144.0,9902.0,6
20260303,43947000,09:12:27.000,FLAT_QUOTING,SHORT_PENDING_HEDGE,target_fill,9902.0,9660.0,10144.0,9902.75,5
20260303,43948000,09:12:28.000,SHORT_PENDING_HEDGE,HEDGED_POSITION,hedge_fill,9902.0,9660.0,10144.0,9903.0,6
20260303,43949000,09:12:29.000,HEDGED_POSITION,FLATTENING,reversion_exit,9902.0,9660.0,10144.0,9903.0,6
20260303,43949000,09:12:29.000,FLATTENING,COOLDOWN,reversion_exit,9902.0,9660.0,10144.0,9903.0,8
20260303,43951000,09:12:31.000,COOLDOWN,FLAT_QUOTING,fair_recovered,9902.0,9660.0,10144.0,9902.25,8
20260303,43983000,09:13:03.000,FLAT_QUOTING,SHORT_PENDING_HEDGE,target_fill,9902.0,9660.0,10144.0,9903.75,7
20260303,43984000,09:13:04.000,SHORT_PENDING_HEDGE,HEDGED_POSITION,hedge_fill,9902.0,9660.0,10144.0,9903.75,8
20260303,43985000,09:13:05.000,HEDGED_POSITION,FLATTENING,reversion_exit,9902.0,9660.0,10144.0,9904.125,8
20260303,43985000,09:13:05.000,FLATTENING,COOLDOWN,reversion_exit,9902.0,9660.0,10144.0,9904.125,10
20260303,43987000,09:13:07.000,COOLDOWN,FLAT_QUOTING,fair_recovered,9904.0,9662.0,10146.0,9904.0,10
20260303,43997000,09:13:17.000,FLAT_QUOTING,SHORT_PENDING_HEDGE,target_fill,9904.0,9662.0,10146.0,9905.25,13
20260303,43998000,09:13:18.000,SHORT_PENDING_HEDGE,HEDGED_POSITION,hedge_fill,9904.0,9662.0,10146.0,9904.75,14
20260303,43999000,09:13:19.000,HEDGED_POSITION,FLATTENING,reversion_exit,9904.0,9662.0,10146.0,9904.75,14
20260303,43999000,09:13:19.000,FLATTENING,COOLDOWN,reversion_exit,9904.0,9662.0,10146.0,9904.75,16
20260303,44001000,09:13:21.000,COOLDOWN,FLAT_QUOTING,fair_recovered,9904.0,9662.0,10146.0,9904.0,16
20260303,44043000,09:14:03.000,FLAT_QUOTING,PAUSED,fair_invalid_or_session_guard,9904.0,9662.0,10146.0,,11
20260303,44048000,09:14:08.000,PAUSED,FLAT_QUOTING,fair_recovered,9906.0,9664.0,10148.0,9906.5,8
20260303,44055000,09:14:15.000,FLAT_QUOTING,PAUSED,fair_invalid_or_session_guard,9906.0,9664.0,10148.0,,10
20260303,44057000,09:14:17.000,PAUSED,FLAT_QUOTING,fair_recovered,9906.0,9664.0,10148.0,9906.0,11
20260303,44075000,09:14:35.000,FLAT_QUOTING,PAUSED,fair_invalid_or_session_guard,9906.0,9664.0,10148.0,,8
20260303,44083000,09:14:43.000,PAUSED,FLAT_QUOTING,fair_recovered,9906.0,9664.0,10148.0,9906.5,10
20260303,44087000,09:14:47.000,FLAT_QUOTING,PAUSED,fair_invalid_or_session_guard,9906.0,9664.0,10148.0,,12
20260303,44089000,09:14:49.000,PAUSED,FLAT_QUOTING,fair_recovered,9907.0,9665.0,10149.0,9907.0,14
20260303,44111000,09:15:11.000,FLAT_QUOTING,PAUSED,fair_invalid_or_session_guard,9907.0,9665.0,10149.0,,12
20260303,44123000,09:15:23.000,PAUSED,FLAT_QUOTING,fair_recovered,9909.0,9667.0,10151.0,9909.0,10
20260303,44128000,09:15:28.000,FLAT_QUOTING,PAUSED,fair_invalid_or_session_guard,9909.0,9667.0,10151.0,,12
20260303,44132000,09:15:32.000,PAUSED,FLAT_QUOTING,fair_recovered,9907.0,9665.0,10149.0,9907.125,14
20260303,44137000,09:15:37.000,FLAT_QUOTING,PAUSED,fair_invalid_or_session_guard,9907.0,9665.0,10149.0,,14
20260303,44139000,09:15:39.000,PAUSED,FLAT_QUOTING,fair_recovered,9907.0,9665.0,10149.0,9907.0,16
20260303,44162000,09:16:02.000,FLAT_QUOTING,PAUSED,fair_invalid_or_session_guard,9907.0,9665.0,10149.0,,12
20260303,44164000,09:16:04.000,PAUSED,FLAT_QUOTING,fair_recovered,9906.0,9664.0,10148.0,9905.75,14
20260303,44170000,09:16:10.000,FLAT_QUOTING,PAUSED,fair_invalid_or_session_guard,9906.0,9664.0,10148.0,,16
20260303,44172000,09:16:12.000,PAUSED,FLAT_QUOTING,fair_recovered,9904.0,9662.0,10146.0,9904.5,16
20260303,44191000,09:16:31.000,FLAT_QUOTING,PAUSED,fair_invalid_or_session_guard,9904.0,9662.0,10146.0,,14
20260303,44199000,09:16:39.000,PAUSED,FLAT_QUOTING,fair_recovered,9905.0,9663.0,10147.0,9904.75,10
20260303,44203000,09:16:43.000,FLAT_QUOTING,PAUSED,fair_invalid_or_session_guard,9905.0,9663.0,10147.0,,12
20260303,44205000,09:16:45.000,PAUSED,FLAT_QUOTING,fair_recovered,9905.0,9663.0,10147.0,9905.375,14
20260303,44216000,09:16:56.000,FLAT_QUOTING,PAUSED,fair_invalid_or_session_guard,9905.0,9663.0,10147.0,,16
20260303,44221000,09:17:01.000,PAUSED,FLAT_QUOTING,fair_recovered,9906.0,9664.0,10148.0,9906.0,18
20260303,44230000,09:17:10.000,FLAT_QUOTING,PAUSED,fair_invalid_or_session_guard,9906.0,9664.0,10148.0,,14
20260303,44236000,09:17:16.000,PAUSED,FLAT_QUOTING,fair_recovered,9908.0,9666.0,10150.0,9908.25,14
20260303,44240000,09:17:20.000,FLAT_QUOTING,PAUSED,fair_invalid_or_session_guard,9908.0,9666.0,10150.0,,16
20260303,44248000,09:17:28.000,PAUSED,FLAT_QUOTING,fair_recovered,9910.0,9668.0,10152.0,9910.0,18
20260303,44263000,09:17:43.000,FLAT_QUOTING,PAUSED,fair_invalid_or_session_guard,9910.0,9668.0,10152.0,,14
20260303,44270000,09:17:50.000,PAUSED,FLAT_QUOTING,fair_recovered,9910.0,9668.0,10152.0,9910.0,14
20260303,44277000,09:17:57.000,FLAT_QUOTING,PAUSED,fair_invalid_or_session_guard,9910.0,9668.0,10152.0,,14
20260303,44311000,09:18:31.000,PAUSED,FLAT_QUOTING,fair_recovered,9905.0,9663.0,10147.0,9905.25,6
20260303,44317000,09:18:37.000,FLAT_QUOTING,PAUSED,fair_invalid_or_session_guard,9905.0,9663.0,10147.0,,8
20260303,44327000,09:18:47.000,PAUSED,FLAT_QUOTING,fair_recovered,9904.0,9662.0,10146.0,9904.5,8
20260303,44330000,09:18:50.000,FLAT_QUOTING,PAUSED,fair_invalid_or_session_guard,9904.0,9662.0,10146.0,,8
20260303,44332000,09:18:52.000,PAUSED,FLAT_QUOTING,fair_recovered,9906.0,9664.0,10148.0,9905.75,10
20260303,44337000,09:18:57.000,FLAT_QUOTING,PAUSED,fair_invalid_or_session_guard,9906.0,9664.0,10148.0,,10
20260303,44342000,09:19:02.000,PAUSED,FLAT_QUOTING,fair_recovered,9906.0,9664.0,10148.0,9905.75,12
20260303,44349000,09:19:09.000,FLAT_QUOTING,PAUSED,fair_invalid_or_session_guard,9906.0,9664.0,10148.0,,14
20260303,44354000,09:19:14.000,PAUSED,FLAT_QUOTING,fair_recovered,9906.0,9664.0,10148.0,9906.375,16
20260303,44377000,09:19:37.000,FLAT_QUOTING,PAUSED,fair_invalid_or_session_guard,9906.0,9664.0,10148.0,,14
20260303,44392000,09:19:52.000,PAUSED,FLAT_QUOTING,fair_recovered,9905.0,9663.0,10147.0,9905.25,10
20260303,44398000,09:19:58.000,FLAT_QUOTING,PAUSED,fair_invalid_or_session_guard,9905.0,9663.0,10147.0,,10
20260303,44401000,09:20:01.000,PAUSED,FLAT_QUOTING,fair_recovered,9904.0,9662.0,10146.0,9904.25,12
20260303,44406000,09:20:06.000,FLAT_QUOTING,PAUSED,fair_invalid_or_session_guard,9904.0,9662.0,10146.0,,12
20260303,44434000,09:20:34.000,PAUSED,FLAT_QUOTING,fair_recovered,9904.0,9662.0,10146.0,9904.25,10
20260303,44440000,09:20:40.000,FLAT_QUOTING,PAUSED,fair_invalid_or_session_guard,9904.0,9662.0,10146.0,,10
20260303,44443000,09:20:43.000,PAUSED,FLAT_QUOTING,fair_recovered,9904.0,9662.0,10146.0,9904.0,12
20260303,44445000,09:20:45.000,FLAT_QUOTING,PAUSED,fair_invalid_or_session_guard,9904.0,9662.0,10146.0,,14
20260303,44454000,09:20:54.000,PAUSED,FLAT_QUOTING,fair_recovered,9904.0,9662.0,10146.0,9904.25,14
20260303,44458000,09:20:58.000,FLAT_QUOTING,PAUSED,fair_invalid_or_session_guard,9904.0,9662.0,10146.0,,14
20260303,44461000,09:21:01.000,PAUSED,FLAT_QUOTING,fair_recovered,9905.0,9663.0,10147.0,9905.0,14
20260303,44465000,09:21:05.000,FLAT_QUOTING,PAUSED,fair_invalid_or_session_guard,9905.0,9663.0,10147.0,,16
20260303,44483000,09:21:23.000,PAUSED,FLAT_QUOTING,fair_recovered,9905.0,9663.0,10147.0,9905.0,16
20260303,44487000,09:21:27.000,FLAT_QUOTING,PAUSED,fair_invalid_or_session_guard,9905.0,9663.0,10147.0,,18
20260303,44499000,09:21:39.000,PAUSED,FLAT_QUOTING,fair_recovered,9904.0,9662.0,10146.0,9904.5,18
20260303,44508000,09:21:48.000,FLAT_QUOTING,PAUSED,fair_invalid_or_session_guard,9904.0,9662.0,10146.0,,14
20260303,44511000,09:21:51.000,PAUSED,FLAT_QUOTING,fair_recovered,9905.0,9663.0,10147.0,9904.75,16
20260303,44516000,09:21:56.000,FLAT_QUOTING,PAUSED,fair_invalid_or_session_guard,9905.0,9663.0,10147.0,,16
20260303,44538000,09:22:18.000,PAUSED,FLAT_QUOTING,fair_recovered,9906.0,9664.0,10148.0,9906.5,12
20260303,44554000,09:22:34.000,FLAT_QUOTING,PAUSED,fair_invalid_or_session_guard,9906.0,9664.0,10148.0,,10
20260303,44556000,09:22:36.000,PAUSED,FLAT_QUOTING,fair_recovered,9908.0,9666.0,10150.0,9908.25,12
20260303,44576000,09:22:56.000,FLAT_QUOTING,PAUSED,fair_invalid_or_session_guard,9908.0,9666.0,10150.0,,6
20260303,44579000,09:22:59.000,PAUSED,FLAT_QUOTING,fair_recovered,9909.0,9667.0,10151.0,9909.25,8
20260303,44586000,09:23:06.000,FLAT_QUOTING,PAUSED,fair_invalid_or_session_guard,9909.0,9667.0,10151.0,,10
20260303,44590000,09:23:10.000,PAUSED,FLAT_QUOTING,fair_recovered,9910.0,9668.0,10152.0,9910.5,12
20260303,44643000,09:24:03.000,FLAT_QUOTING,PAUSED,fair_invalid_or_session_guard,9910.0,9668.0,10152.0,,4
20260303,44685000,09:24:45.000,PAUSED,FLAT_QUOTING,fair_recovered,9918.0,9676.0,10160.0,9917.625,2
20260303,44689000,09:24:49.000,FLAT_QUOTING,PAUSED,fair_invalid_or_session_guard,9918.0,9676.0,10160.0,,4
20260303,44700000,09:25:00.000,PAUSED,FLAT_QUOTING,fair_recovered,9922.0,9680.0,10164.0,9922.0,6
20260303,44703000,09:25:03.000,FLAT_QUOTING,PAUSED,fair_invalid_or_session_guard,9922.0,9680.0,10164.0,,6
20260303,44715000,09:25:15.000,PAUSED,FLAT_QUOTING,fair_recovered,9920.0,9678.0,10162.0,9920.375,8
20260303,44722000,09:25:22.000,FLAT_QUOTING,PAUSED,fair_invalid_or_session_guard,9920.0,9678.0,10162.0,,10
20260303,44728000,09:25:28.000,PAUSED,FLAT_QUOTING,fair_recovered,9920.0,9678.0,10162.0,9919.75,12
20260303,44731000,09:25:31.000,FLAT_QUOTING,PAUSED,fair_invalid_or_session_guard,9920.0,9678.0,10162.0,,14
20260303,44737000,09:25:37.000,PAUSED,FLAT_QUOTING,fair_recovered,9920.0,9678.0,10162.0,9919.5,16
20260303,44742000,09:25:42.000,FLAT_QUOTING,PAUSED,fair_invalid_or_session_guard,9920.0,9678.0,10162.0,,18
20260303,44751000,09:25:51.000,PAUSED,FLAT_QUOTING,fair_recovered,9919.0,9677.0,10161.0,9919.25,16
20260303,44754000,09:25:54.000,FLAT_QUOTING,PAUSED,fair_invalid_or_session_guard,9919.0,9677.0,10161.0,,18
20260303,44767000,09:26:07.000,PAUSED,FLAT_QUOTING,fair_recovered,9922.0,9680.0,10164.0,9922.0,16
20260303,44779000,09:26:19.000,FLAT_QUOTING,PAUSED,fair_invalid_or_session_guard,9922.0,9680.0,10164.0,,16
20260303,44790000,09:26:30.000,PAUSED,FLAT_QUOTING,fair_recovered,9921.0,9679.0,10163.0,9921.25,14
20260303,44795000,09:26:35.000,FLAT_QUOTING,PAUSED,fair_invalid_or_session_guard,9921.0,9679.0,10163.0,,14
20260303,44799000,09:26:39.000,PAUSED,FLAT_QUOTING,fair_recovered,9920.0,9678.0,10162.0,9920.5,14
20260303,44805000,09:26:45.000,FLAT_QUOTING,PAUSED,fair_invalid_or_session_guard,9920.0,9678.0,10162.0,,14
20260303,44822000,09:27:02.000,PAUSED,FLAT_QUOTING,fair_recovered,9919.0,9677.0,10161.0,9918.75,12
20260303,44831000,09:27:11.000,FLAT_QUOTING,PAUSED,fair_invalid_or_session_guard,9919.0,9677.0,10161.0,,12
20260303,44833000,09:27:13.000,PAUSED,FLAT_QUOTING,fair_recovered,9920.0,9678.0,10162.0,9919.5,14
20260303,44837000,09:27:17.000,FLAT_QUOTING,PAUSED,fair_invalid_or_session_guard,9920.0,9678.0,10162.0,,16
20260303,44839000,09:27:19.000,PAUSED,FLAT_QUOTING,fair_recovered,9920.0,9678.0,10162.0,9920.0,16
20260303,44849000,09:27:29.000,FLAT_QUOTING,PAUSED,fair_invalid_or_session_guard,9920.0,9678.0,10162.0,,18
20260303,44865000,09:27:45.000,PAUSED,FLAT_QUOTING,fair_recovered,9914.0,9672.0,10156.0,9913.75,12
20260303,44881000,09:28:01.000,FLAT_QUOTING,PAUSED,fair_invalid_or_session_guard,9914.0,9672.0,10156.0,9909.25,14
20260303,44932000,09:28:52.000,PAUSED,FLAT_QUOTING,fair_recovered,9907.0,9665.0,10149.0,9907.0,2
20260303,44936000,09:28:56.000,FLAT_QUOTING,PAUSED,fair_invalid_or_session_guard,9907.0,9665.0,10149.0,,4
20260303,44940000,09:29:00.000,PAUSED,FLAT_QUOTING,fair_recovered,9906.0,9664.0,10148.0,9906.5,6
20260303,44942000,09:29:02.000,FLAT_QUOTING,PAUSED,fair_invalid_or_session_guard,9906.0,9664.0,10148.0,,6
20260303,45126000,09:32:06.000,PAUSED,FLAT_QUOTING,fair_recovered,9913.0,9671.0,10155.0,9913.0,0
20260303,45132000,09:32:12.000,FLAT_QUOTING,PAUSED,fair_invalid_or_session_guard,9913.0,9671.0,10155.0,,2
20260303,45134000,09:32:14.000,PAUSED,FLAT_QUOTING,fair_recovered,9910.0,9668.0,10152.0,9910.375,4
20260303,45139000,09:32:19.000,FLAT_QUOTING,PAUSED,data_gap,9910.0,9668.0,10152.0,9909.0,6
20260303,45141000,09:32:21.000,PAUSED,FLAT_QUOTING,fair_recovered,9908.0,9666.0,10150.0,9908.0,8
20260303,45149000,09:32:29.000,FLAT_QUOTING,PAUSED,fair_invalid_or_session_guard,9908.0,9666.0,10150.0,,10
20260303,45152000,09:32:32.000,PAUSED,FLAT_QUOTING,fair_recovered,9911.0,9669.0,10153.0,9910.625,12
20260303,45167000,09:32:47.000,FLAT_QUOTING,PAUSED,fair_invalid_or_session_guard,9911.0,9669.0,10153.0,9919.25,14
20260303,45179000,09:32:59.000,PAUSED,FLAT_QUOTING,fair_recovered,9920.0,9678.0,10162.0,9919.75,16
20260303,45182000,09:33:02.000,FLAT_QUOTING,PAUSED,fair_invalid_or_session_guard,9920.0,9678.0,10162.0,9922.0,18
20260303,45187000,09:33:07.000,PAUSED,FLAT_QUOTING,fair_recovered,9922.0,9680.0,10164.0,9921.75,18
20260303,45191000,09:33:11.000,FLAT_QUOTING,PAUSED,fair_invalid_or_session_guard,9922.0,9680.0,10164.0,,20
20260303,45196000,09:33:16.000,PAUSED,FLAT_QUOTING,fair_recovered,9922.0,9680.0,10164.0,9922.5,18
20260303,45200000,09:33:20.000,FLAT_QUOTING,PAUSED,fair_invalid_or_session_guard,9922.0,9680.0,10164.0,,18
20260303,45220000,09:33:40.000,PAUSED,FLAT_QUOTING,fair_recovered,9924.0,9682.0,10166.0,9924.5,14
20260303,45230000,09:33:50.000,FLAT_QUOTING,PAUSED,fair_invalid_or_session_guard,9924.0,9682.0,10166.0,,14
20260303,45235000,09:33:55.000,PAUSED,FLAT_QUOTING,fair_recovered,9926.0,9684.0,10168.0,9925.75,16
20260303,45237000,09:33:57.000,FLAT_QUOTING,PAUSED,fair_invalid_or_session_guard,9926.0,9684.0,10168.0,,18
20260303,45269000,09:34:29.000,PAUSED,FLAT_QUOTING,fair_recovered,9926.0,9684.0,10168.0,9926.25,8
20260303,45275000,09:34:35.000,FLAT_QUOTING,PAUSED,fair_invalid_or_session_guard,9926.0,9684.0,10168.0,,10
20260303,45280000,09:34:40.000,PAUSED,FLAT_QUOTING,fair_recovered,9926.0,9684.0,10168.0,9925.75,10
20260303,45316000,09:35:16.000,FLAT_QUOTING,PAUSED,fair_invalid_or_session_guard,9926.0,9684.0,10168.0,,6
20260303,45318000,09:35:18.000,PAUSED,FLAT_QUOTING,fair_recovered,9925.0,9683.0,10167.0,9925.0,8
20260303,45343000,09:35:43.000,FLAT_QUOTING,PAUSED,fair_invalid_or_session_guard,9925.0,9683.0,10167.0,,4
20260303,45351000,09:35:51.000,PAUSED,FLAT_QUOTING,fair_recovered,9922.0,9680.0,10164.0,9922.25,6
20260303,45374000,09:36:14.000,FLAT_QUOTING,PAUSED,fair_invalid_or_session_guard,9922.0,9680.0,10164.0,,8
20260303,45381000,09:36:21.000,PAUSED,FLAT_QUOTING,fair_recovered,9926.0,9684.0,10168.0,9926.125,6
20260303,45399000,09:36:39.000,FLAT_QUOTING,PAUSED,fair_invalid_or_session_guard,9926.0,9684.0,10168.0,,8
20260303,45401000,09:36:41.000,PAUSED,FLAT_QUOTING,fair_recovered,9928.0,9686.0,10170.0,9927.75,10
20260303,45405000,09:36:45.000,FLAT_QUOTING,PAUSED,fair_invalid_or_session_guard,9928.0,9686.0,10170.0,,10
20260303,45408000,09:36:48.000,PAUSED,FLAT_QUOTING,fair_recovered,9927.0,9685.0,10169.0,9926.75,12
20260303,45420000,09:37:00.000,FLAT_QUOTING,SHORT_PENDING_HEDGE,target_fill,9927.0,9685.0,10169.0,9929.0,13
20260303,45421000,09:37:01.000,SHORT_PENDING_HEDGE,HEDGED_POSITION,hedge_fill,9927.0,9685.0,10169.0,9929.125,14
20260303,45422000,09:37:02.000,HEDGED_POSITION,FLATTENING,reversion_exit,9927.0,9685.0,10169.0,9928.75,14
20260303,45422000,09:37:02.000,FLATTENING,COOLDOWN,reversion_exit,9927.0,9685.0,10169.0,9928.75,16
20260303,45424000,09:37:04.000,COOLDOWN,FLAT_QUOTING,fair_recovered,9928.0,9686.0,10170.0,9928.5,16
20260303,45447000,09:37:27.000,FLAT_QUOTING,PAUSED,fair_invalid_or_session_guard,9928.0,9686.0,10170.0,,14
20260303,45449000,09:37:29.000,PAUSED,FLAT_QUOTING,fair_recovered,9928.0,9686.0,10170.0,9927.75,16
20260303,45454000,09:37:34.000,FLAT_QUOTING,PAUSED,fair_invalid_or_session_guard,9928.0,9686.0,10170.0,,18
20260303,45462000,09:37:42.000,PAUSED,FLAT_QUOTING,fair_recovered,9931.0,9689.0,10173.0,9931.0,16
20260303,45507000,09:38:27.000,FLAT_QUOTING,PAUSED,fair_invalid_or_session_guard,9931.0,9689.0,10173.0,,6
20260303,45512000,09:38:32.000,PAUSED,FLAT_QUOTING,fair_recovered,9924.0,9682.0,10166.0,9924.5,6
20260303,45521000,09:38:41.000,FLAT_QUOTING,PAUSED,fair_invalid_or_session_guard,9924.0,9682.0,10166.0,,6
20260303,45526000,09:38:46.000,PAUSED,FLAT_QUOTING,fair_recovered,9924.0,9682.0,10166.0,9924.5,6
20260303,45531000,09:38:51.000,FLAT_QUOTING,PAUSED,fair_invalid_or_session_guard,9924.0,9682.0,10166.0,,8
20260303,45534000,09:38:54.000,PAUSED,FLAT_QUOTING,fair_recovered,9924.0,9682.0,10166.0,9924.25,10
20260303,45607000,09:40:07.000,FLAT_QUOTING,PAUSED,fair_invalid_or_session_guard,9924.0,9682.0,10166.0,,0
20260303,45609000,09:40:09.000,PAUSED,FLAT_QUOTING,fair_recovered,9924.0,9682.0,10166.0,9923.5,2
20260303,45632000,09:40:32.000,FLAT_QUOTING,PAUSED,fair_invalid_or_session_guard,9924.0,9682.0,10166.0,,4
20260303,45636000,09:40:36.000,PAUSED,FLAT_QUOTING,fair_recovered,9926.0,9684.0,10168.0,9925.75,6
20260303,45657000,09:40:57.000,FLAT_QUOTING,PAUSED,fair_invalid_or_session_guard,9926.0,9684.0,10168.0,,8
20260303,45670000,09:41:10.000,PAUSED,FLAT_QUOTING,fair_recovered,9925.0,9683.0,10167.0,9925.0,6
20260303,45676000,09:41:16.000,FLAT_QUOTING,PAUSED,fair_invalid_or_session_guard,9925.0,9683.0,10167.0,,8
20260303,45681000,09:41:21.000,PAUSED,FLAT_QUOTING,fair_recovered,9923.0,9681.0,10165.0,9923.0,10
20260303,45685000,09:41:25.000,FLAT_QUOTING,PAUSED,fair_invalid_or_session_guard,9923.0,9681.0,10165.0,,12
20260303,45687000,09:41:27.000,PAUSED,FLAT_QUOTING,fair_recovered,9923.0,9681.0,10165.0,9923.25,14
20260303,45695000,09:41:35.000,FLAT_QUOTING,PAUSED,fair_invalid_or_session_guard,9923.0,9681.0,10165.0,,14
20260303,45697000,09:41:37.000,PAUSED,FLAT_QUOTING,fair_recovered,9921.0,9679.0,10163.0,9921.25,14
20260303,45704000,09:41:44.000,FLAT_QUOTING,PAUSED,fair_invalid_or_session_guard,9921.0,9679.0,10163.0,,16
20260303,45718000,09:41:58.000,PAUSED,FLAT_QUOTING,fair_recovered,9920.0,9678.0,10162.0,9920.0,16
20260303,45743000,09:42:23.000,FLAT_QUOTING,PAUSED,fair_invalid_or_session_guard,9920.0,9678.0,10162.0,,12
20260303,45746000,09:42:26.000,PAUSED,FLAT_QUOTING,fair_recovered,9921.0,9679.0,10163.0,9921.25,12
20260303,45755000,09:42:35.000,FLAT_QUOTING,PAUSED,fair_invalid_or_session_guard,9921.0,9679.0,10163.0,,10
20260303,45757000,09:42:37.000,PAUSED,FLAT_QUOTING,fair_recovered,9920.0,9678.0,10162.0,9920.25,10
20260303,45761000,09:42:41.000,FLAT_QUOTING,PAUSED,fair_invalid_or_session_guard,9920.0,9678.0,10162.0,,12
20260303,45766000,09:42:46.000,PAUSED,FLAT_QUOTING,fair_recovered,9922.0,9680.0,10164.0,9922.5,12
20260303,45810000,09:43:30.000,FLAT_QUOTING,PAUSED,fair_invalid_or_session_guard,9922.0,9680.0,10164.0,,8
20260303,45835000,09:43:55.000,PAUSED,FLAT_QUOTING,fair_recovered,9930.0,9688.0,10172.0,9930.5,2
20260303,45870000,09:44:30.000,FLAT_QUOTING,PAUSED,fair_invalid_or_session_guard,9930.0,9688.0,10172.0,,2
20260303,45883000,09:44:43.000,PAUSED,FLAT_QUOTING,fair_recovered,9927.0,9685.0,10169.0,9927.0,4
20260303,45887000,09:44:47.000,FLAT_QUOTING,PAUSED,fair_invalid_or_session_guard,9927.0,9685.0,10169.0,,6
20260303,45890000,09:44:50.000,PAUSED,FLAT_QUOTING,fair_recovered,9927.0,9685.0,10169.0,9927.25,8
20260303,45922000,09:45:22.000,FLAT_QUOTING,PAUSED,fair_invalid_or_session_guard,9927.0,9685.0,10169.0,,8
20260303,45924000,09:45:24.000,PAUSED,FLAT_QUOTING,fair_recovered,9930.0,9688.0,10172.0,9930.25,10
20260303,46031000,09:47:11.000,FLAT_QUOTING,PAUSED,fair_invalid_or_session_guard,9930.0,9688.0,10172.0,,0
20260303,46033000,09:47:13.000,PAUSED,FLAT_QUOTING,fair_recovered,9936.0,9694.0,10178.0,9936.5,2
20260303,46041000,09:47:21.000,FLAT_QUOTING,PAUSED,fair_invalid_or_session_guard,9936.0,9694.0,10178.0,,4
20260303,46043000,09:47:23.000,PAUSED,FLAT_QUOTING,fair_recovered,9938.0,9696.0,10180.0,9937.5,6
20260303,46047000,09:47:27.000,FLAT_QUOTING,PAUSED,fair_invalid_or_session_guard,9938.0,9696.0,10180.0,,8
20260303,46063000,09:47:43.000,PAUSED,FLAT_QUOTING,fair_recovered,9940.0,9698.0,10182.0,9940.25,10
20260303,46071000,09:47:51.000,FLAT_QUOTING,PAUSED,fair_invalid_or_session_guard,9940.0,9698.0,10182.0,,12
20260303,46076000,09:47:56.000,PAUSED,FLAT_QUOTING,fair_recovered,9938.0,9696.0,10180.0,9938.5,14
20260303,46082000,09:48:02.000,FLAT_QUOTING,SHORT_PENDING_HEDGE,target_fill,9938.0,9696.0,10180.0,9941.75,17
20260303,46083000,09:48:03.000,SHORT_PENDING_HEDGE,HEDGED_POSITION,hedge_fill,9938.0,9696.0,10180.0,9942.25,18
20260303,46084000,09:48:04.000,HEDGED_POSITION,FLATTENING,reversion_exit,9938.0,9696.0,10180.0,9941.75,18
20260303,46084000,09:48:04.000,FLATTENING,COOLDOWN,reversion_exit,9938.0,9696.0,10180.0,9941.75,20
20260303,46086000,09:48:06.000,COOLDOWN,PAUSED,order_action_limit,9938.0,9696.0,10180.0,9941.75,20
20260303,46087000,09:48:07.000,PAUSED,PAUSED,order_action_limit,9938.0,9696.0,10180.0,9941.75,20
20260303,46088000,09:48:08.000,PAUSED,PAUSED,order_action_limit,9938.0,9696.0,10180.0,9940.25,20
20260303,46089000,09:48:09.000,PAUSED,PAUSED,order_action_limit,9938.0,9696.0,10180.0,9945.875,20
20260303,46090000,09:48:10.000,PAUSED,PAUSED,order_action_limit,9938.0,9696.0,10180.0,9940.375,20
20260303,46091000,09:48:11.000,PAUSED,FLAT_QUOTING,fair_recovered,9940.0,9698.0,10182.0,9940.0,18
20260303,46096000,09:48:16.000,FLAT_QUOTING,PAUSED,fair_invalid_or_session_guard,9940.0,9698.0,10182.0,,18
20260303,46123000,09:48:43.000,PAUSED,FLAT_QUOTING,fair_recovered,9938.0,9696.0,10180.0,9937.5,12
20260303,46126000,09:48:46.000,FLAT_QUOTING,PAUSED,fair_invalid_or_session_guard,9938.0,9696.0,10180.0,,14
20260303,46131000,09:48:51.000,PAUSED,FLAT_QUOTING,fair_recovered,9938.0,9696.0,10180.0,9937.75,14
20260303,46169000,09:49:29.000,FLAT_QUOTING,PAUSED,fair_invalid_or_session_guard,9938.0,9696.0,10180.0,,6
20260303,46171000,09:49:31.000,PAUSED,FLAT_QUOTING,fair_recovered,9934.0,9692.0,10176.0,9934.0,8
20260303,46210000,09:50:10.000,FLAT_QUOTING,PAUSED,fair_invalid_or_session_guard,9934.0,9692.0,10176.0,,4
20260303,46212000,09:50:12.000,PAUSED,FLAT_QUOTING,fair_recovered,9936.0,9694.0,10178.0,9935.5,6
20260303,46233000,09:50:33.000,FLAT_QUOTING,PAUSED,fair_invalid_or_session_guard,9936.0,9694.0,10178.0,,4
20260303,46236000,09:50:36.000,PAUSED,FLAT_QUOTING,fair_recovered,9936.0,9694.0,10178.0,9935.75,6
20260303,46239000,09:50:39.000,FLAT_QUOTING,PAUSED,fair_invalid_or_session_guard,9936.0,9694.0,10178.0,,8
20260303,46303000,09:51:43.000,PAUSED,FLAT_QUOTING,fair_recovered,9938.0,9696.0,10180.0,9937.5,0
20260303,46308000,09:51:48.000,FLAT_QUOTING,PAUSED,fair_invalid_or_session_guard,9938.0,9696.0,10180.0,,2
20260303,46316000,09:51:56.000,PAUSED,FLAT_QUOTING,fair_recovered,9938.0,9696.0,10180.0,9937.625,4
20260303,46320000,09:52:00.000,FLAT_QUOTING,PAUSED,fair_invalid_or_session_guard,9938.0,9696.0,10180.0,,6
20260303,46375000,09:52:55.000,PAUSED,FLAT_QUOTING,fair_recovered,9938.0,9696.0,10180.0,9938.5,4
20260303,46379000,09:52:59.000,FLAT_QUOTING,PAUSED,fair_invalid_or_session_guard,9938.0,9696.0,10180.0,,4
20260303,46389000,09:53:09.000,PAUSED,FLAT_QUOTING,fair_recovered,9939.0,9697.0,10181.0,9939.25,4
20260303,46392000,09:53:12.000,FLAT_QUOTING,PAUSED,fair_invalid_or_session_guard,9939.0,9697.0,10181.0,,6
20260303,46403000,09:53:23.000,PAUSED,FLAT_QUOTING,fair_recovered,9940.0,9698.0,10182.0,9940.25,8
20260303,46408000,09:53:28.000,FLAT_QUOTING,PAUSED,fair_invalid_or_session_guard,9940.0,9698.0,10182.0,,10
20260303,46418000,09:53:38.000,PAUSED,FLAT_QUOTING,fair_recovered,9942.0,9700.0,10184.0,9941.625,12
20260303,46423000,09:53:43.000,FLAT_QUOTING,PAUSED,fair_invalid_or_session_guard,9942.0,9700.0,10184.0,,14
20260303,46433000,09:53:53.000,PAUSED,FLAT_QUOTING,fair_recovered,9940.0,9698.0,10182.0,9939.875,16
20260303,46438000,09:53:58.000,FLAT_QUOTING,PAUSED,fair_invalid_or_session_guard,9940.0,9698.0,10182.0,,16
20260303,46448000,09:54:08.000,PAUSED,FLAT_QUOTING,fair_recovered,9942.0,9700.0,10184.0,9941.875,16
20260303,46453000,09:54:13.000,FLAT_QUOTING,PAUSED,fair_invalid_or_session_guard,9942.0,9700.0,10184.0,,14
20260303,46466000,09:54:26.000,PAUSED,FLAT_QUOTING,fair_recovered,9941.0,9699.0,10183.0,9941.25,14
20260303,46468000,09:54:28.000,FLAT_QUOTING,PAUSED,fair_invalid_or_session_guard,9941.0,9699.0,10183.0,,14
20260303,46475000,09:54:35.000,PAUSED,FLAT_QUOTING,fair_recovered,9940.0,9698.0,10182.0,9940.375,16
20260303,46480000,09:54:40.000,FLAT_QUOTING,PAUSED,fair_invalid_or_session_guard,9940.0,9698.0,10182.0,,16
20260303,46487000,09:54:47.000,PAUSED,FLAT_QUOTING,fair_recovered,9941.0,9699.0,10183.0,9940.75,16
20260303,46489000,09:54:49.000,FLAT_QUOTING,PAUSED,fair_invalid_or_session_guard,9941.0,9699.0,10183.0,,18
20260303,46492000,09:54:52.000,PAUSED,PAUSED,order_action_limit,9941.0,9699.0,10183.0,9941.875,20
20260303,46493000,09:54:53.000,PAUSED,FLAT_QUOTING,fair_recovered,9942.0,9700.0,10184.0,9942.25,18
20260303,46496000,09:54:56.000,FLAT_QUOTING,PAUSED,fair_invalid_or_session_guard,9942.0,9700.0,10184.0,,20
20260303,46501000,09:55:01.000,PAUSED,PAUSED,order_action_limit,9942.0,9700.0,10184.0,9942.5,20
20260303,46502000,09:55:02.000,PAUSED,PAUSED,order_action_limit,9942.0,9700.0,10184.0,9942.75,20
20260303,46503000,09:55:03.000,PAUSED,PAUSED,order_action_limit,9942.0,9700.0,10184.0,9942.75,20
20260303,46504000,09:55:04.000,PAUSED,PAUSED,order_action_limit,9942.0,9700.0,10184.0,9943.0,20
20260303,46505000,09:55:05.000,PAUSED,PAUSED,order_action_limit,9942.0,9700.0,10184.0,9943.0,20
20260303,46506000,09:55:06.000,PAUSED,PAUSED,order_action_limit,9942.0,9700.0,10184.0,9942.75,20
20260303,46507000,09:55:07.000,PAUSED,PAUSED,order_action_limit,9942.0,9700.0,10184.0,9942.75,20
20260303,46508000,09:55:08.000,PAUSED,FLAT_QUOTING,fair_recovered,9943.0,9701.0,10185.0,9943.0,18
20260303,46511000,09:55:11.000,FLAT_QUOTING,PAUSED,fair_invalid_or_session_guard,9943.0,9701.0,10185.0,,20
20260303,46517000,09:55:17.000,PAUSED,PAUSED,order_action_limit,9943.0,9701.0,10185.0,9943.25,20
20260303,46518000,09:55:18.000,PAUSED,PAUSED,order_action_limit,9943.0,9701.0,10185.0,9943.25,20
20260303,46519000,09:55:19.000,PAUSED,PAUSED,order_action_limit,9943.0,9701.0,10185.0,9943.0,20
20260303,46520000,09:55:20.000,PAUSED,PAUSED,order_action_limit,9943.0,9701.0,10185.0,9943.375,20
20260303,46521000,09:55:21.000,PAUSED,PAUSED,order_action_limit,9943.0,9701.0,10185.0,9943.75,20
20260303,46522000,09:55:22.000,PAUSED,PAUSED,order_action_limit,9943.0,9701.0,10185.0,9943.75,20
20260303,46523000,09:55:23.000,PAUSED,PAUSED,order_action_limit,9943.0,9701.0,10185.0,9943.75,20
20260303,46524000,09:55:24.000,PAUSED,PAUSED,order_action_limit,9943.0,9701.0,10185.0,9944.0,20
20260303,46527000,09:55:27.000,PAUSED,FLAT_QUOTING,fair_recovered,9944.0,9702.0,10186.0,9944.5,18
20260303,46531000,09:55:31.000,FLAT_QUOTING,PAUSED,fair_invalid_or_session_guard,9944.0,9702.0,10186.0,,18
20260303,46538000,09:55:38.000,PAUSED,FLAT_QUOTING,fair_recovered,9946.0,9704.0,10188.0,9945.5,18
20260303,46546000,09:55:46.000,FLAT_QUOTING,PAUSED,fair_invalid_or_session_guard,9946.0,9704.0,10188.0,,18
20260303,46553000,09:55:53.000,PAUSED,FLAT_QUOTING,fair_recovered,9946.0,9704.0,10188.0,9945.75,14
20260303,46560000,09:56:00.000,FLAT_QUOTING,PAUSED,fair_invalid_or_session_guard,9946.0,9704.0,10188.0,,14
20260303,46568000,09:56:08.000,PAUSED,FLAT_QUOTING,fair_recovered,9943.0,9701.0,10185.0,9942.875,14
20260303,46573000,09:56:13.000,FLAT_QUOTING,PAUSED,fair_invalid_or_session_guard,9943.0,9701.0,10185.0,,14
20260303,46592000,09:56:32.000,PAUSED,FLAT_QUOTING,fair_recovered,9947.0,9705.0,10189.0,9946.625,12
20260303,46609000,09:56:49.000,FLAT_QUOTING,PAUSED,fair_invalid_or_session_guard,9947.0,9705.0,10189.0,9938.875,10
20260303,46618000,09:56:58.000,PAUSED,FLAT_QUOTING,fair_recovered,9945.0,9703.0,10187.0,9945.0,10
20260303,46633000,09:57:13.000,FLAT_QUOTING,PAUSED,fair_invalid_or_session_guard,9945.0,9703.0,10187.0,,6
20260303,46637000,09:57:17.000,PAUSED,FLAT_QUOTING,fair_recovered,9945.0,9703.0,10187.0,9944.75,8
20260303,46655000,09:57:35.000,FLAT_QUOTING,PAUSED,fair_invalid_or_session_guard,9945.0,9703.0,10187.0,,8
20260303,46657000,09:57:37.000,PAUSED,FLAT_QUOTING,fair_recovered,9946.0,9704.0,10188.0,9946.5,10
20260303,46663000,09:57:43.000,FLAT_QUOTING,PAUSED,fair_invalid_or_session_guard,9946.0,9704.0,10188.0,,12
20260303,46665000,09:57:45.000,PAUSED,FLAT_QUOTING,fair_recovered,9948.0,9706.0,10190.0,9948.0,14
20260303,46670000,09:57:50.000,FLAT_QUOTING,PAUSED,fair_invalid_or_session_guard,9948.0,9706.0,10190.0,,14
20260303,46675000,09:57:55.000,PAUSED,FLAT_QUOTING,fair_recovered,9948.0,9706.0,10190.0,9947.75,16
20260303,46682000,09:58:02.000,FLAT_QUOTING,PAUSED,fair_invalid_or_session_guard,9948.0,9706.0,10190.0,,16
20260303,46684000,09:58:04.000,PAUSED,FLAT_QUOTING,fair_recovered,9952.0,9710.0,10194.0,9951.5,18
20260303,46730000,09:58:50.000,FLAT_QUOTING,PAUSED,fair_invalid_or_session_guard,9952.0,9710.0,10194.0,,6
20260303,46736000,09:58:56.000,PAUSED,FLAT_QUOTING,fair_recovered,9952.0,9710.0,10194.0,9951.875,6
20260303,46741000,09:59:01.000,FLAT_QUOTING,PAUSED,fair_invalid_or_session_guard,9952.0,9710.0,10194.0,,8
20260303,46746000,09:59:06.000,PAUSED,FLAT_QUOTING,fair_recovered,9954.0,9712.0,10196.0,9954.125,6
20260303,46778000,09:59:38.000,FLAT_QUOTING,PAUSED,fair_invalid_or_session_guard,9954.0,9712.0,10196.0,,8
20260303,46786000,09:59:46.000,PAUSED,FLAT_QUOTING,fair_recovered,9960.0,9718.0,10202.0,9960.5,10
20260303,46799000,09:59:59.000,FLAT_QUOTING,PAUSED,fair_invalid_or_session_guard,9960.0,9718.0,10202.0,,8
20260303,46801000,10:00:01.000,PAUSED,FLAT_QUOTING,fair_recovered,9961.0,9719.0,10203.0,9961.0,8
20260303,46859000,10:00:59.000,FLAT_QUOTING,PAUSED,fair_invalid_or_session_guard,9961.0,9719.0,10203.0,,2
20260303,46863000,10:01:03.000,PAUSED,FLAT_QUOTING,fair_recovered,9962.0,9720.0,10204.0,9962.0,2
20260303,46871000,10:01:11.000,FLAT_QUOTING,PAUSED,fair_invalid_or_session_guard,9962.0,9720.0,10204.0,,4
20260303,46876000,10:01:16.000,PAUSED,FLAT_QUOTING,fair_recovered,9965.0,9723.0,10207.0,9964.75,6
20260303,46880000,10:01:20.000,FLAT_QUOTING,PAUSED,fair_invalid_or_session_guard,9965.0,9723.0,10207.0,,8
20260303,46885000,10:01:25.000,PAUSED,FLAT_QUOTING,fair_recovered,9967.0,9725.0,10209.0,9966.75,10
20260303,46909000,10:01:49.000,FLAT_QUOTING,PAUSED,fair_invalid_or_session_guard,9967.0,9725.0,10209.0,,12
20260303,46911000,10:01:51.000,PAUSED,FLAT_QUOTING,fair_recovered,9968.0,9726.0,10210.0,9968.25,14
20260303,46938000,10:02:18.000,FLAT_QUOTING,PAUSED,fair_invalid_or_session_guard,9968.0,9726.0,10210.0,,8
20260303,46944000,10:02:24.000,PAUSED,FLAT_QUOTING,fair_recovered,9968.0,9726.0,10210.0,9968.25,8
20260303,46966000,10:02:46.000,FLAT_QUOTING,PAUSED,fair_invalid_or_session_guard,9968.0,9726.0,10210.0,,8
20260303,46969000,10:02:49.000,PAUSED,FLAT_QUOTING,fair_recovered,9968.0,9726.0,10210.0,9967.75,8
20260303,46978000,10:02:58.000,FLAT_QUOTING,PAUSED,fair_invalid_or_session_guard,9968.0,9726.0,10210.0,,8
20260303,46981000,10:03:01.000,PAUSED,FLAT_QUOTING,fair_recovered,9969.0,9727.0,10211.0,9968.75,10
20260303,46998000,10:03:18.000,FLAT_QUOTING,PAUSED,fair_invalid_or_session_guard,9969.0,9727.0,10211.0,,10
20260303,47014000,10:03:34.000,PAUSED,FLAT_QUOTING,fair_recovered,9971.0,9729.0,10213.0,9970.75,10
20260303,47071000,10:04:31.000,FLAT_QUOTING,PAUSED,fair_invalid_or_session_guard,9971.0,9729.0,10213.0,,2
20260303,47103000,10:05:03.000,PAUSED,FLAT_QUOTING,fair_recovered,9967.0,9725.0,10209.0,9967.0,2
20260303,47129000,10:05:29.000,FLAT_QUOTING,PAUSED,fair_invalid_or_session_guard,9967.0,9725.0,10209.0,,4
20260303,47133000,10:05:33.000,PAUSED,FLAT_QUOTING,fair_recovered,9967.0,9725.0,10209.0,9967.0,4
20260303,47146000,10:05:46.000,FLAT_QUOTING,PAUSED,fair_invalid_or_session_guard,9967.0,9725.0,10209.0,,6
20260303,47153000,10:05:53.000,PAUSED,FLAT_QUOTING,fair_recovered,9968.0,9726.0,10210.0,9967.5,8
20260303,47171000,10:06:11.000,FLAT_QUOTING,PAUSED,fair_invalid_or_session_guard,9968.0,9726.0,10210.0,,8
20260303,47198000,10:06:38.000,PAUSED,FLAT_QUOTING,fair_recovered,9962.0,9720.0,10204.0,9961.75,6
20260303,47257000,10:07:37.000,FLAT_QUOTING,PAUSED,fair_invalid_or_session_guard,9962.0,9720.0,10204.0,,2
20260303,47261000,10:07:41.000,PAUSED,FLAT_QUOTING,fair_recovered,9960.0,9718.0,10202.0,9959.5,2
20260303,47303000,10:08:23.000,FLAT_QUOTING,PAUSED,fair_invalid_or_session_guard,9960.0,9718.0,10202.0,,4
20260303,47305000,10:08:25.000,PAUSED,FLAT_QUOTING,fair_recovered,9958.0,9716.0,10200.0,9957.75,6
20260303,47309000,10:08:29.000,FLAT_QUOTING,PAUSED,fair_invalid_or_session_guard,9958.0,9716.0,10200.0,,8
20260303,47319000,10:08:39.000,PAUSED,FLAT_QUOTING,fair_recovered,9957.0,9715.0,10199.0,9956.75,8
20260303,47333000,10:08:53.000,FLAT_QUOTING,PAUSED,fair_invalid_or_session_guard,9957.0,9715.0,10199.0,,8
20260303,47340000,10:09:00.000,PAUSED,FLAT_QUOTING,fair_recovered,9946.0,9704.0,10188.0,9945.5,10
20260303,47389000,10:09:49.000,FLAT_QUOTING,PAUSED,fair_invalid_or_session_guard,9946.0,9704.0,10188.0,,4
20260303,47397000,10:09:57.000,PAUSED,FLAT_QUOTING,fair_recovered,9940.0,9698.0,10182.0,9939.75,4
20260303,47404000,10:10:04.000,FLAT_QUOTING,SHORT_PENDING_HEDGE,target_fill,9940.0,9698.0,10182.0,9941.0,5
20260303,47405000,10:10:05.000,SHORT_PENDING_HEDGE,HEDGED_POSITION,hedge_fill,9940.0,9698.0,10182.0,9941.75,6
20260303,47406000,10:10:06.000,HEDGED_POSITION,FLATTENING,reversion_exit,9940.0,9698.0,10182.0,9940.0,6
20260303,47406000,10:10:06.000,FLATTENING,COOLDOWN,reversion_exit,9940.0,9698.0,10182.0,9940.0,8
20260303,47408000,10:10:08.000,COOLDOWN,FLAT_QUOTING,fair_recovered,9940.0,9698.0,10182.0,9939.75,8
20260303,47421000,10:10:21.000,FLAT_QUOTING,PAUSED,fair_invalid_or_session_guard,9940.0,9698.0,10182.0,,10
20260303,47423000,10:10:23.000,PAUSED,FLAT_QUOTING,fair_recovered,9942.0,9700.0,10184.0,9942.0,12
20260303,47428000,10:10:28.000,FLAT_QUOTING,PAUSED,fair_invalid_or_session_guard,9942.0,9700.0,10184.0,,14
20260303,47430000,10:10:30.000,PAUSED,FLAT_QUOTING,fair_recovered,9942.0,9700.0,10184.0,9941.75,16
20260303,47493000,10:11:33.000,FLAT_QUOTING,PAUSED,fair_invalid_or_session_guard,9942.0,9700.0,10184.0,,0
20260303,47498000,10:11:38.000,PAUSED,FLAT_QUOTING,fair_recovered,9945.0,9703.0,10187.0,9945.0,2
20260303,47503000,10:11:43.000,FLAT_QUOTING,PAUSED,fair_invalid_or_session_guard,9945.0,9703.0,10187.0,,4
20260303,47506000,10:11:46.000,PAUSED,FLAT_QUOTING,fair_recovered,9945.0,9703.0,10187.0,9945.0,6
20260303,47510000,10:11:50.000,FLAT_QUOTING,PAUSED,fair_invalid_or_session_guard,9945.0,9703.0,10187.0,,8
20260303,47556000,10:12:36.000,PAUSED,FLAT_QUOTING,fair_recovered,9945.0,9703.0,10187.0,9944.75,8
20260303,47575000,10:12:55.000,FLAT_QUOTING,PAUSED,fair_invalid_or_session_guard,9945.0,9703.0,10187.0,,2
20260303,47595000,10:13:15.000,PAUSED,FLAT_QUOTING,fair_recovered,9944.0,9702.0,10186.0,9943.5,4
20260303,47603000,10:13:23.000,FLAT_QUOTING,PAUSED,fair_invalid_or_session_guard,9944.0,9702.0,10186.0,,6
20260303,47606000,10:13:26.000,PAUSED,FLAT_QUOTING,fair_recovered,9942.0,9700.0,10184.0,9942.375,8
20260303,47631000,10:13:51.000,FLAT_QUOTING,PAUSED,fair_invalid_or_session_guard,9942.0,9700.0,10184.0,,8
20260303,47643000,10:14:03.000,PAUSED,FLAT_QUOTING,fair_recovered,9944.0,9702.0,10186.0,9943.5,8
20260303,47667000,10:14:27.000,FLAT_QUOTING,PAUSED,fair_invalid_or_session_guard,9944.0,9702.0,10186.0,,4
20260303,47670000,10:14:30.000,PAUSED,FLAT_QUOTING,fair_recovered,9946.0,9704.0,10188.0,9945.625,6
20260303,47672000,10:14:32.000,FLAT_QUOTING,PAUSED,fair_invalid_or_session_guard,9946.0,9704.0,10188.0,,8
20260303,47676000,10:14:36.000,PAUSED,FLAT_QUOTING,fair_recovered,9948.0,9706.0,10190.0,9947.5,10
20260303,47682000,10:14:42.000,FLAT_QUOTING,PAUSED,fair_invalid_or_session_guard,9948.0,9706.0,10190.0,,12
20260303,48692000,10:31:32.000,PAUSED,FLAT_QUOTING,fair_recovered,9958.0,9716.0,10200.0,9958.125,0
20260303,48698000,10:31:38.000,FLAT_QUOTING,PAUSED,fair_invalid_or_session_guard,9958.0,9716.0,10200.0,,2
20260303,48708000,10:31:48.000,PAUSED,FLAT_QUOTING,fair_recovered,9958.0,9716.0,10200.0,9958.0,4
20260303,48711000,10:31:51.000,FLAT_QUOTING,PAUSED,fair_invalid_or_session_guard,9958.0,9716.0,10200.0,,6
20260303,48720000,10:32:00.000,PAUSED,FLAT_QUOTING,fair_recovered,9958.0,9716.0,10200.0,9957.75,8
20260303,48727000,10:32:07.000,FLAT_QUOTING,PAUSED,fair_invalid_or_session_guard,9958.0,9716.0,10200.0,,10
20260303,48740000,10:32:20.000,PAUSED,FLAT_QUOTING,fair_recovered,9959.0,9717.0,10201.0,9958.75,12
20260303,48743000,10:32:23.000,FLAT_QUOTING,PAUSED,fair_invalid_or_session_guard,9959.0,9717.0,10201.0,,14
20260303,48753000,10:32:33.000,PAUSED,FLAT_QUOTING,fair_recovered,9960.0,9718.0,10202.0,9960.25,14
20260303,48782000,10:33:02.000,FLAT_QUOTING,PAUSED,fair_invalid_or_session_guard,9960.0,9718.0,10202.0,,8
20260303,48789000,10:33:09.000,PAUSED,FLAT_QUOTING,fair_recovered,9968.0,9726.0,10210.0,9967.5,8
20260303,48803000,10:33:23.000,FLAT_QUOTING,PAUSED,fair_invalid_or_session_guard,9968.0,9726.0,10210.0,,6
20260303,48807000,10:33:27.000,PAUSED,FLAT_QUOTING,fair_recovered,9967.0,9725.0,10209.0,9967.25,8
20260303,48816000,10:33:36.000,FLAT_QUOTING,PAUSED,fair_invalid_or_session_guard,9967.0,9725.0,10209.0,,8
20260303,48820000,10:33:40.000,PAUSED,FLAT_QUOTING,fair_recovered,9966.0,9724.0,10208.0,9966.5,10
20260303,48831000,10:33:51.000,FLAT_QUOTING,PAUSED,fair_invalid_or_session_guard,9966.0,9724.0,10208.0,,12
20260303,48838000,10:33:58.000,PAUSED,FLAT_QUOTING,fair_recovered,9966.0,9724.0,10208.0,9965.75,14
20260303,48858000,10:34:18.000,FLAT_QUOTING,PAUSED,fair_invalid_or_session_guard,9966.0,9724.0,10208.0,,12
20260303,48863000,10:34:23.000,PAUSED,FLAT_QUOTING,fair_recovered,9964.0,9722.0,10206.0,9963.75,12
20260303,48867000,10:34:27.000,FLAT_QUOTING,PAUSED,fair_invalid_or_session_guard,9964.0,9722.0,10206.0,,12
20260303,48869000,10:34:29.000,PAUSED,FLAT_QUOTING,fair_recovered,9963.0,9721.0,10205.0,9963.0,14
20260303,48885000,10:34:45.000,FLAT_QUOTING,PAUSED,fair_invalid_or_session_guard,9963.0,9721.0,10205.0,,12
20260303,48889000,10:34:49.000,PAUSED,FLAT_QUOTING,fair_recovered,9965.0,9723.0,10207.0,9964.75,14
20260303,48897000,10:34:57.000,FLAT_QUOTING,PAUSED,fair_invalid_or_session_guard,9965.0,9723.0,10207.0,,14
20260303,48900000,10:35:00.000,PAUSED,FLAT_QUOTING,fair_recovered,9963.0,9721.0,10205.0,9963.0,14
20260303,48915000,10:35:15.000,FLAT_QUOTING,PAUSED,fair_invalid_or_session_guard,9963.0,9721.0,10205.0,,16
20260303,48919000,10:35:19.000,PAUSED,FLAT_QUOTING,fair_recovered,9965.0,9723.0,10207.0,9965.0,16
20260303,48921000,10:35:21.000,FLAT_QUOTING,PAUSED,fair_invalid_or_session_guard,9965.0,9723.0,10207.0,,18
20260303,48928000,10:35:28.000,PAUSED,FLAT_QUOTING,fair_recovered,9966.0,9724.0,10208.0,9965.75,16
20260303,48934000,10:35:34.000,FLAT_QUOTING,PAUSED,fair_invalid_or_session_guard,9966.0,9724.0,10208.0,,16
20260303,48939000,10:35:39.000,PAUSED,FLAT_QUOTING,fair_recovered,9966.0,9724.0,10208.0,9965.5,18
20260303,48941000,10:35:41.000,FLAT_QUOTING,PAUSED,fair_invalid_or_session_guard,9966.0,9724.0,10208.0,,20
20260303,48964000,10:36:04.000,PAUSED,FLAT_QUOTING,fair_recovered,9966.0,9724.0,10208.0,9966.0,14
20260303,48981000,10:36:21.000,FLAT_QUOTING,PAUSED,fair_invalid_or_session_guard,9966.0,9724.0,10208.0,,10
20260303,49065000,10:37:45.000,PAUSED,FLAT_QUOTING,fair_recovered,9968.0,9726.0,10210.0,9968.375,0
20260303,49070000,10:37:50.000,FLAT_QUOTING,PAUSED,fair_invalid_or_session_guard,9968.0,9726.0,10210.0,,2
20260303,49073000,10:37:53.000,PAUSED,FLAT_QUOTING,fair_recovered,9970.0,9728.0,10212.0,9970.0,4
20260303,49081000,10:38:01.000,FLAT_QUOTING,PAUSED,fair_invalid_or_session_guard,9970.0,9728.0,10212.0,,6
20260303,49101000,10:38:21.000,PAUSED,FLAT_QUOTING,fair_recovered,9980.0,9738.0,10222.0,9979.75,8
20260303,49104000,10:38:24.000,FLAT_QUOTING,PAUSED,fair_invalid_or_session_guard,9980.0,9738.0,10222.0,,10
20260303,49177000,10:39:37.000,PAUSED,FLAT_QUOTING,fair_recovered,9988.0,9746.0,10230.0,9988.25,0
20260303,49179000,10:39:39.000,FLAT_QUOTING,PAUSED,fair_invalid_or_session_guard,9988.0,9746.0,10230.0,,2
20260303,49181000,10:39:41.000,PAUSED,FLAT_QUOTING,fair_recovered,9988.0,9746.0,10230.0,9987.75,4
20260303,49185000,10:39:45.000,FLAT_QUOTING,PAUSED,fair_invalid_or_session_guard,9988.0,9746.0,10230.0,,6
20260303,49194000,10:39:54.000,PAUSED,FLAT_QUOTING,fair_recovered,9988.0,9746.0,10230.0,9987.75,8
20260303,49210000,10:40:10.000,FLAT_QUOTING,SHORT_PENDING_HEDGE,target_fill,9988.0,9746.0,10230.0,9994.875,11
20260303,49211000,10:40:11.000,SHORT_PENDING_HEDGE,HEDGED_POSITION,hedge_fill,9988.0,9746.0,10230.0,9994.5,12
20260303,49212000,10:40:12.000,HEDGED_POSITION,FLATTENING,reversion_exit,9988.0,9746.0,10230.0,9994.75,12
20260303,49212000,10:40:12.000,FLATTENING,COOLDOWN,reversion_exit,9988.0,9746.0,10230.0,9994.75,14
20260303,49214000,10:40:14.000,COOLDOWN,FLAT_QUOTING,fair_recovered,9990.0,9748.0,10232.0,9990.0,14
20260303,49282000,10:41:22.000,FLAT_QUOTING,PAUSED,fair_invalid_or_session_guard,9990.0,9748.0,10232.0,,0
20260303,49284000,10:41:24.000,PAUSED,FLAT_QUOTING,fair_recovered,9991.0,9749.0,10233.0,9990.75,2
20260303,49290000,10:41:30.000,FLAT_QUOTING,PAUSED,fair_invalid_or_session_guard,9991.0,9749.0,10233.0,,4
20260303,49292000,10:41:32.000,PAUSED,FLAT_QUOTING,fair_recovered,9988.0,9746.0,10230.0,9988.0,6
20260303,49345000,10:42:25.000,FLAT_QUOTING,PAUSED,fair_invalid_or_session_guard,9988.0,9746.0,10230.0,,4
20260303,49349000,10:42:29.000,PAUSED,FLAT_QUOTING,fair_recovered,9982.0,9740.0,10224.0,9981.75,6
20260303,49394000,10:43:14.000,FLAT_QUOTING,PAUSED,fair_invalid_or_session_guard,9982.0,9740.0,10224.0,,4
20260303,49399000,10:43:19.000,PAUSED,FLAT_QUOTING,fair_recovered,9984.0,9742.0,10226.0,9983.5,6
20260303,49407000,10:43:27.000,FLAT_QUOTING,PAUSED,fair_invalid_or_session_guard,9984.0,9742.0,10226.0,,6
20260303,49409000,10:43:29.000,PAUSED,FLAT_QUOTING,fair_recovered,9984.0,9742.0,10226.0,9984.375,6
20260303,49490000,10:44:50.000,FLAT_QUOTING,PAUSED,fair_invalid_or_session_guard,9984.0,9742.0,10226.0,,0
20260303,49493000,10:44:53.000,PAUSED,FLAT_QUOTING,fair_recovered,9980.0,9738.0,10222.0,9980.25,2
20260303,49513000,10:45:13.000,FLAT_QUOTING,PAUSED,fair_invalid_or_session_guard,9980.0,9738.0,10222.0,,4
20260303,49528000,10:45:28.000,PAUSED,FLAT_QUOTING,fair_recovered,9982.0,9740.0,10224.0,9982.0,6
20260303,49537000,10:45:37.000,FLAT_QUOTING,PAUSED,fair_invalid_or_session_guard,9982.0,9740.0,10224.0,,8
20260303,49543000,10:45:43.000,PAUSED,FLAT_QUOTING,fair_recovered,9982.0,9740.0,10224.0,9982.5,10
20260303,49551000,10:45:51.000,FLAT_QUOTING,PAUSED,fair_invalid_or_session_guard,9982.0,9740.0,10224.0,,10
20260303,49561000,10:46:01.000,PAUSED,FLAT_QUOTING,fair_recovered,9979.0,9737.0,10221.0,9979.375,10
20260303,49585000,10:46:25.000,FLAT_QUOTING,PAUSED,fair_invalid_or_session_guard,9979.0,9737.0,10221.0,,10
20260303,49587000,10:46:27.000,PAUSED,FLAT_QUOTING,fair_recovered,9978.0,9736.0,10220.0,9978.0,12
20260303,49643000,10:47:23.000,FLAT_QUOTING,PAUSED,fair_invalid_or_session_guard,9978.0,9736.0,10220.0,,4
20260303,49645000,10:47:25.000,PAUSED,FLAT_QUOTING,fair_recovered,9984.0,9742.0,10226.0,9983.5,4
20260303,49716000,10:48:36.000,FLAT_QUOTING,PAUSED,fair_invalid_or_session_guard,9984.0,9742.0,10226.0,,0
20260303,49719000,10:48:39.000,PAUSED,FLAT_QUOTING,fair_recovered,9988.0,9746.0,10230.0,9988.5,2
20260303,49734000,10:48:54.000,FLAT_QUOTING,PAUSED,fair_invalid_or_session_guard,9988.0,9746.0,10230.0,,4
20260303,49737000,10:48:57.000,PAUSED,FLAT_QUOTING,fair_recovered,9990.0,9748.0,10232.0,9989.75,6
20260303,49811000,10:50:11.000,FLAT_QUOTING,SHORT_PENDING_HEDGE,target_fill,9990.0,9748.0,10232.0,9998.5,1
20260303,49812000,10:50:12.000,SHORT_PENDING_HEDGE,HEDGED_POSITION,hedge_fill,9990.0,9748.0,10232.0,9997.75,2
20260303,49813000,10:50:13.000,HEDGED_POSITION,FLATTENING,reversion_exit,9990.0,9748.0,10232.0,9997.5,2
20260303,49813000,10:50:13.000,FLATTENING,COOLDOWN,reversion_exit,9990.0,9748.0,10232.0,9997.5,4
20260303,49815000,10:50:15.000,COOLDOWN,FLAT_QUOTING,fair_recovered,9998.0,9756.0,10240.0,9997.75,4
20260303,49826000,10:50:26.000,FLAT_QUOTING,PAUSED,fair_invalid_or_session_guard,9998.0,9756.0,10240.0,,6
20260303,49838000,10:50:38.000,PAUSED,FLAT_QUOTING,fair_recovered,10003.0,9761.0,10245.0,10002.625,8
20260303,49843000,10:50:43.000,FLAT_QUOTING,PAUSED,fair_invalid_or_session_guard,10003.0,9761.0,10245.0,,10
20260303,49845000,10:50:45.000,PAUSED,FLAT_QUOTING,fair_recovered,10008.0,9766.0,10250.0,10008.0,12
20260303,49898000,10:51:38.000,FLAT_QUOTING,PAUSED,fair_invalid_or_session_guard,10008.0,9766.0,10250.0,,4
20260303,49902000,10:51:42.000,PAUSED,FLAT_QUOTING,fair_recovered,10000.0,9758.0,10242.0,10000.5,6
20260303,49927000,10:52:07.000,FLAT_QUOTING,PAUSED,fair_invalid_or_session_guard,10000.0,9758.0,10242.0,,4
20260303,49929000,10:52:09.000,PAUSED,FLAT_QUOTING,fair_recovered,10004.0,9762.0,10246.0,10003.625,6
20260303,49986000,10:53:06.000,FLAT_QUOTING,PAUSED,fair_invalid_or_session_guard,10004.0,9762.0,10246.0,,4
20260303,50029000,10:53:49.000,PAUSED,FLAT_QUOTING,fair_recovered,10034.0,9792.0,10276.0,10034.0,2
20260303,50043000,10:54:03.000,FLAT_QUOTING,PAUSED,fair_invalid_or_session_guard,10034.0,9792.0,10276.0,10033.25,4
20260303,50045000,10:54:05.000,PAUSED,FLAT_QUOTING,fair_recovered,10032.0,9790.0,10274.0,10032.25,6
20260303,50064000,10:54:24.000,FLAT_QUOTING,PAUSED,fair_invalid_or_session_guard,10032.0,9790.0,10274.0,10044.75,6
20260303,50114000,10:55:14.000,PAUSED,FLAT_QUOTING,fair_recovered,10046.0,9804.0,10288.0,10046.5,2
20260303,50117000,10:55:17.000,FLAT_QUOTING,PAUSED,fair_invalid_or_session_guard,10046.0,9804.0,10288.0,10046.0,4
20260303,50123000,10:55:23.000,PAUSED,FLAT_QUOTING,fair_recovered,10044.0,9802.0,10286.0,10044.25,6
20260303,50240000,10:57:20.000,FLAT_QUOTING,PAUSED,fair_invalid_or_session_guard,10044.0,9802.0,10286.0,10070.0,0
20260303,50675000,11:04:35.000,PAUSED,FLAT_QUOTING,fair_recovered,10200.0,9958.0,10442.0,10200.0,0
20260303,50751000,11:05:51.000,FLAT_QUOTING,PAUSED,fair_invalid_or_session_guard,10200.0,9958.0,10442.0,10194.125,0
20260303,50777000,11:06:17.000,PAUSED,FLAT_QUOTING,fair_recovered,10192.0,9950.0,10434.0,10191.5,2
20260303,50787000,11:06:27.000,FLAT_QUOTING,PAUSED,fair_invalid_or_session_guard,10192.0,9950.0,10434.0,10191.25,4
20260303,50799000,11:06:39.000,PAUSED,FLAT_QUOTING,fair_recovered,10196.0,9954.0,10438.0,10196.125,6
20260303,50840000,11:07:20.000,FLAT_QUOTING,PAUSED,fair_invalid_or_session_guard,10196.0,9954.0,10438.0,,4
20260303,50842000,11:07:22.000,PAUSED,FLAT_QUOTING,fair_recovered,10192.0,9950.0,10434.0,10191.625,6
20260303,50859000,11:07:39.000,FLAT_QUOTING,PAUSED,fair_invalid_or_session_guard,10192.0,9950.0,10434.0,10188.75,4
20260303,50861000,11:07:41.000,PAUSED,FLAT_QUOTING,fair_recovered,10190.0,9948.0,10432.0,10190.0,6
20260303,50889000,11:08:09.000,FLAT_QUOTING,PAUSED,fair_invalid_or_session_guard,10190.0,9948.0,10432.0,10200.25,8
20260303,51090000,11:11:30.000,PAUSED,FLAT_QUOTING,fair_recovered,10208.0,9966.0,10450.0,10208.5,0
20260303,51181000,11:13:01.000,FLAT_QUOTING,PAUSED,fair_invalid_or_session_guard,10208.0,9966.0,10450.0,,0
20260303,51189000,11:13:09.000,PAUSED,FLAT_QUOTING,fair_recovered,10229.0,9987.0,10471.0,10229.125,2
20260303,51220000,11:13:40.000,FLAT_QUOTING,PAUSED,fair_invalid_or_session_guard,10229.0,9987.0,10471.0,10200.5,4
20260303,51232000,11:13:52.000,PAUSED,FLAT_QUOTING,fair_recovered,10209.0,9967.0,10451.0,10209.25,6
20260303,51235000,11:13:55.000,FLAT_QUOTING,PAUSED,fair_invalid_or_session_guard,10209.0,9967.0,10451.0,10206.75,8
20260303,51237000,11:13:57.000,PAUSED,FLAT_QUOTING,fair_recovered,10205.0,9963.0,10447.0,10204.75,10
20260303,51287000,11:14:47.000,FLAT_QUOTING,PAUSED,fair_invalid_or_session_guard,10205.0,9963.0,10447.0,10210.5,6
20260303,51350000,11:15:50.000,PAUSED,FLAT_QUOTING,fair_recovered,10176.0,9934.0,10418.0,10176.5,0
20260303,51352000,11:15:52.000,FLAT_QUOTING,PAUSED,fair_invalid_or_session_guard,10176.0,9934.0,10418.0,10172.25,2
20260303,51385000,11:16:25.000,PAUSED,FLAT_QUOTING,fair_recovered,10166.0,9924.0,10408.0,10166.5,4
20260303,51391000,11:16:31.000,FLAT_QUOTING,PAUSED,fair_invalid_or_session_guard,10166.0,9924.0,10408.0,,6
20260303,51397000,11:16:37.000,PAUSED,FLAT_QUOTING,fair_recovered,10174.0,9932.0,10416.0,10173.75,8
20260303,51816000,11:23:36.000,FLAT_QUOTING,PAUSED,fair_invalid_or_session_guard,10174.0,9932.0,10416.0,10219.5,0
20260303,51836000,11:23:56.000,PAUSED,FLAT_QUOTING,fair_recovered,10223.0,9981.0,10465.0,10223.0,2
20260303,51851000,11:24:11.000,FLAT_QUOTING,PAUSED,fair_invalid_or_session_guard,10223.0,9981.0,10465.0,10216.25,4
20260303,51856000,11:24:16.000,PAUSED,FLAT_QUOTING,fair_recovered,10219.0,9977.0,10461.0,10219.0,6
20260303,51921000,11:25:21.000,FLAT_QUOTING,PAUSED,fair_invalid_or_session_guard,10219.0,9977.0,10461.0,10227.5,0
20260303,51923000,11:25:23.000,PAUSED,FLAT_QUOTING,fair_recovered,10231.0,9989.0,10473.0,10231.0,2
20260303,51968000,11:26:08.000,FLAT_QUOTING,PAUSED,fair_invalid_or_session_guard,10231.0,9989.0,10473.0,10253.5,4
20260303,51983000,11:26:23.000,PAUSED,FLAT_QUOTING,fair_recovered,10256.0,10014.0,10498.0,10255.5,2
20260303,51986000,11:26:26.000,FLAT_QUOTING,PAUSED,fair_invalid_or_session_guard,10256.0,10014.0,10498.0,10253.5,4
20260303,51998000,11:26:38.000,PAUSED,FLAT_QUOTING,fair_recovered,10254.0,10012.0,10496.0,10254.25,6
20260303,52005000,11:26:45.000,FLAT_QUOTING,PAUSED,fair_invalid_or_session_guard,10254.0,10012.0,10496.0,10253.5,8
20260303,52011000,11:26:51.000,PAUSED,FLAT_QUOTING,fair_recovered,10253.0,10011.0,10495.0,10253.0,10
20260303,52013000,11:26:53.000,FLAT_QUOTING,PAUSED,fair_invalid_or_session_guard,10253.0,10011.0,10495.0,10249.75,12
20260303,52025000,11:27:05.000,PAUSED,FLAT_QUOTING,fair_recovered,10260.0,10018.0,10502.0,10259.5,14
20260303,52048000,11:27:28.000,FLAT_QUOTING,PAUSED,fair_invalid_or_session_guard,10260.0,10018.0,10502.0,10276.5,10
20260303,52052000,11:27:32.000,PAUSED,FLAT_QUOTING,fair_recovered,10268.0,10026.0,10510.0,10268.5,12
20260303,52054000,11:27:34.000,FLAT_QUOTING,PAUSED,fair_invalid_or_session_guard,10268.0,10026.0,10510.0,10282.25,14
20260303,52062000,11:27:42.000,PAUSED,FLAT_QUOTING,fair_recovered,10286.0,10044.0,10528.0,10286.25,14
20260303,52066000,11:27:46.000,FLAT_QUOTING,PAUSED,fair_invalid_or_session_guard,10286.0,10044.0,10528.0,10290.25,14
20260303,52095000,11:28:15.000,PAUSED,FLAT_QUOTING,fair_recovered,10266.0,10024.0,10508.0,10265.5,10
20260303,52103000,11:28:23.000,FLAT_QUOTING,PAUSED,fair_invalid_or_session_guard,10266.0,10024.0,10508.0,10264.5,12
20260303,52123000,11:28:43.000,PAUSED,FLAT_QUOTING,fair_recovered,10268.0,10026.0,10510.0,10268.25,6
20260303,52143000,11:29:03.000,FLAT_QUOTING,PAUSED,fair_invalid_or_session_guard,10268.0,10026.0,10510.0,,6
20260303,52155000,11:29:15.000,PAUSED,FLAT_QUOTING,fair_recovered,10282.0,10040.0,10524.0,10281.5,6
20260303,52157000,11:29:17.000,FLAT_QUOTING,PAUSED,fair_invalid_or_session_guard,10282.0,10040.0,10524.0,,8
20260303,52162000,11:29:22.000,PAUSED,FLAT_QUOTING,fair_recovered,10284.0,10042.0,10526.0,10283.75,10
20260303,52195000,11:29:55.000,FLAT_QUOTING,PAUSED,fair_invalid_or_session_guard,10284.0,10042.0,10526.0,10290.0,8
20260303,52197000,11:29:57.000,PAUSED,FLAT_QUOTING,fair_recovered,10289.0,10047.0,10531.0,10289.0,10
20260303,59400000,13:30:00.000,FLAT_QUOTING,PAUSED,data_gap,10289.0,10047.0,10531.0,,0
20260303,59471000,13:31:11.000,PAUSED,FLAT_QUOTING,fair_recovered,10373.0,10131.0,10615.0,10373.25,0
20260303,59472000,13:31:12.000,FLAT_QUOTING,LONG_PENDING_HEDGE,target_fill,10373.0,10131.0,10615.0,10374.75,3
20260303,59473000,13:31:13.000,LONG_PENDING_HEDGE,HEDGED_POSITION,hedge_fill,10373.0,10131.0,10615.0,10373.875,4
20260303,59474000,13:31:14.000,HEDGED_POSITION,FLATTENING,reversion_exit,10373.0,10131.0,10615.0,10371.0,4
20260303,59474000,13:31:14.000,FLATTENING,COOLDOWN,reversion_exit,10373.0,10131.0,10615.0,10371.0,6
20260303,59476000,13:31:16.000,COOLDOWN,FLAT_QUOTING,fair_recovered,10370.0,10128.0,10612.0,10370.25,6
20260303,59477000,13:31:17.000,FLAT_QUOTING,LONG_PENDING_HEDGE,target_fill,10370.0,10128.0,10612.0,,9
20260303,59478000,13:31:18.000,LONG_PENDING_HEDGE,HEDGED_POSITION,hedge_fill,10370.0,10128.0,10612.0,10373.5,10
20260303,59479000,13:31:19.000,HEDGED_POSITION,FLATTENING,reference_invalid_exit,10370.0,10128.0,10612.0,,10
20260303,59479000,13:31:19.000,FLATTENING,COOLDOWN,reference_invalid_exit,10370.0,10128.0,10612.0,,12
20260303,59481000,13:31:21.000,COOLDOWN,PAUSED,fair_invalid_or_session_guard,10370.0,10128.0,10612.0,10359.375,12
20260303,59596000,13:33:16.000,PAUSED,FLAT_QUOTING,fair_recovered,10342.0,10100.0,10584.0,10341.5,0
20260303,59603000,13:33:23.000,FLAT_QUOTING,PAUSED,fair_invalid_or_session_guard,10342.0,10100.0,10584.0,,2
20260303,59605000,13:33:25.000,PAUSED,FLAT_QUOTING,fair_recovered,10336.0,10094.0,10578.0,10336.5,4
20260303,59658000,13:34:18.000,FLAT_QUOTING,PAUSED,fair_invalid_or_session_guard,10336.0,10094.0,10578.0,10317.5,4
20260303,59667000,13:34:27.000,PAUSED,FLAT_QUOTING,fair_recovered,10319.0,10077.0,10561.0,10318.875,2
20260303,59678000,13:34:38.000,FLAT_QUOTING,PAUSED,fair_invalid_or_session_guard,10319.0,10077.0,10561.0,10319.25,4
20260303,59680000,13:34:40.000,PAUSED,FLAT_QUOTING,fair_recovered,10318.0,10076.0,10560.0,10318.0,6
20260303,59719000,13:35:19.000,FLAT_QUOTING,PAUSED,fair_invalid_or_session_guard,10318.0,10076.0,10560.0,10330.75,6
20260303,59728000,13:35:28.000,PAUSED,FLAT_QUOTING,fair_recovered,10333.0,10091.0,10575.0,10332.75,6
20260303,59743000,13:35:43.000,FLAT_QUOTING,PAUSED,fair_invalid_or_session_guard,10333.0,10091.0,10575.0,,4
20260303,59745000,13:35:45.000,PAUSED,FLAT_QUOTING,fair_recovered,10332.0,10090.0,10574.0,10331.75,6
20260303,59803000,13:36:43.000,FLAT_QUOTING,PAUSED,fair_invalid_or_session_guard,10332.0,10090.0,10574.0,,2
20260303,59827000,13:37:07.000,PAUSED,FLAT_QUOTING,fair_recovered,10329.0,10087.0,10571.0,10329.0,2
20260303,59835000,13:37:15.000,FLAT_QUOTING,PAUSED,fair_invalid_or_session_guard,10329.0,10087.0,10571.0,,4
20260303,59837000,13:37:17.000,PAUSED,FLAT_QUOTING,fair_recovered,10320.0,10078.0,10562.0,10319.75,6
20260303,59892000,13:38:12.000,FLAT_QUOTING,PAUSED,fair_invalid_or_session_guard,10320.0,10078.0,10562.0,,4
20260303,59909000,13:38:29.000,PAUSED,FLAT_QUOTING,fair_recovered,10340.0,10098.0,10582.0,10339.875,2
20260303,60006000,13:40:06.000,FLAT_QUOTING,PAUSED,fair_invalid_or_session_guard,10340.0,10098.0,10582.0,10333.5,0
20260303,60028000,13:40:28.000,PAUSED,FLAT_QUOTING,fair_recovered,10334.0,10092.0,10576.0,10334.25,2
20260303,60030000,13:40:30.000,FLAT_QUOTING,PAUSED,fair_invalid_or_session_guard,10334.0,10092.0,10576.0,10336.25,4
20260303,60037000,13:40:37.000,PAUSED,FLAT_QUOTING,fair_recovered,10345.0,10103.0,10587.0,10344.875,6
20260303,60043000,13:40:43.000,FLAT_QUOTING,PAUSED,fair_invalid_or_session_guard,10345.0,10103.0,10587.0,10351.25,8
20260303,60089000,13:41:29.000,PAUSED,FLAT_QUOTING,fair_recovered,10340.0,10098.0,10582.0,10340.0,6
20260303,60093000,13:41:33.000,FLAT_QUOTING,PAUSED,fair_invalid_or_session_guard,10340.0,10098.0,10582.0,10342.5,6
20260303,60104000,13:41:44.000,PAUSED,FLAT_QUOTING,fair_recovered,10335.0,10093.0,10577.0,10335.0,4
20260303,60116000,13:41:56.000,FLAT_QUOTING,PAUSED,fair_invalid_or_session_guard,10335.0,10093.0,10577.0,10332.625,6
20260303,60155000,13:42:35.000,PAUSED,FLAT_QUOTING,fair_recovered,10344.0,10102.0,10586.0,10343.75,4
20260303,60222000,13:43:42.000,FLAT_QUOTING,PAUSED,fair_invalid_or_session_guard,10344.0,10102.0,10586.0,,0
20260303,60224000,13:43:44.000,PAUSED,FLAT_QUOTING,fair_recovered,10348.0,10106.0,10590.0,10348.5,2
20260303,60233000,13:43:53.000,FLAT_QUOTING,PAUSED,fair_invalid_or_session_guard,10348.0,10106.0,10590.0,,4
20260303,60239000,13:43:59.000,PAUSED,FLAT_QUOTING,fair_recovered,10348.0,10106.0,10590.0,10347.75,6
20260303,60243000,13:44:03.000,FLAT_QUOTING,PAUSED,fair_invalid_or_session_guard,10348.0,10106.0,10590.0,10352.0,8
20260303,60247000,13:44:07.000,PAUSED,FLAT_QUOTING,fair_recovered,10360.0,10118.0,10602.0,10359.5,10
20260303,60256000,13:44:16.000,FLAT_QUOTING,PAUSED,fair_invalid_or_session_guard,10360.0,10118.0,10602.0,10359.25,12
20260303,60259000,13:44:19.000,PAUSED,FLAT_QUOTING,fair_recovered,10360.0,10118.0,10602.0,10359.5,14
20260303,60289000,13:44:49.000,FLAT_QUOTING,PAUSED,fair_invalid_or_session_guard,10360.0,10118.0,10602.0,,12
20260303,60298000,13:44:58.000,PAUSED,FLAT_QUOTING,fair_recovered,10363.0,10121.0,10605.0,10363.0,12
20260303,60358000,13:45:58.000,FLAT_QUOTING,PAUSED,fair_invalid_or_session_guard,10363.0,10121.0,10605.0,,0
20260303,60371000,13:46:11.000,PAUSED,FLAT_QUOTING,fair_recovered,10359.0,10117.0,10601.0,10359.25,2
20260303,60374000,13:46:14.000,FLAT_QUOTING,PAUSED,fair_invalid_or_session_guard,10359.0,10117.0,10601.0,,4
20260303,60376000,13:46:16.000,PAUSED,FLAT_QUOTING,fair_recovered,10358.0,10116.0,10600.0,10357.75,6
20260303,60447000,13:47:27.000,FLAT_QUOTING,PAUSED,fair_invalid_or_session_guard,10358.0,10116.0,10600.0,10351.5,0
20260303,60450000,13:47:30.000,PAUSED,FLAT_QUOTING,fair_recovered,10350.0,10108.0,10592.0,10350.25,2
20260303,60453000,13:47:33.000,FLAT_QUOTING,PAUSED,fair_invalid_or_session_guard,10350.0,10108.0,10592.0,,4
20260303,60456000,13:47:36.000,PAUSED,FLAT_QUOTING,fair_recovered,10353.0,10111.0,10595.0,10353.0,6
20260303,60467000,13:47:47.000,FLAT_QUOTING,PAUSED,fair_invalid_or_session_guard,10353.0,10111.0,10595.0,10352.5,8
20260303,60485000,13:48:05.000,PAUSED,FLAT_QUOTING,fair_recovered,10358.0,10116.0,10600.0,10357.5,10
20260303,60487000,13:48:07.000,FLAT_QUOTING,PAUSED,fair_invalid_or_session_guard,10358.0,10116.0,10600.0,10357.0,12
20260303,60506000,13:48:26.000,PAUSED,FLAT_QUOTING,fair_recovered,10360.0,10118.0,10602.0,10359.75,14
20260303,60512000,13:48:32.000,FLAT_QUOTING,PAUSED,fair_invalid_or_session_guard,10360.0,10118.0,10602.0,10360.75,12
20260303,60514000,13:48:34.000,PAUSED,FLAT_QUOTING,fair_recovered,10360.0,10118.0,10602.0,10360.25,12
20260303,60516000,13:48:36.000,FLAT_QUOTING,PAUSED,fair_invalid_or_session_guard,10360.0,10118.0,10602.0,10359.25,12
20260303,60520000,13:48:40.000,PAUSED,FLAT_QUOTING,fair_recovered,10360.0,10118.0,10602.0,10359.5,14
20260303,60530000,13:48:50.000,FLAT_QUOTING,PAUSED,fair_invalid_or_session_guard,10360.0,10118.0,10602.0,10356.25,14
20260303,60593000,13:49:53.000,PAUSED,FLAT_QUOTING,fair_recovered,10362.0,10120.0,10604.0,10362.5,0
20260303,60600000,13:50:00.000,FLAT_QUOTING,PAUSED,fair_invalid_or_session_guard,10362.0,10120.0,10604.0,10361.75,2
20260303,60602000,13:50:02.000,PAUSED,FLAT_QUOTING,fair_recovered,10365.0,10123.0,10607.0,10364.875,4
20260303,60742000,13:52:22.000,FLAT_QUOTING,PAUSED,fair_invalid_or_session_guard,10365.0,10123.0,10607.0,,0
20260303,60746000,13:52:26.000,PAUSED,FLAT_QUOTING,fair_recovered,10353.0,10111.0,10595.0,10353.375,2
20260303,60748000,13:52:28.000,FLAT_QUOTING,PAUSED,fair_invalid_or_session_guard,10353.0,10111.0,10595.0,,4
20260303,60750000,13:52:30.000,PAUSED,FLAT_QUOTING,fair_recovered,10353.0,10111.0,10595.0,10352.625,6
20260303,60753000,13:52:33.000,FLAT_QUOTING,PAUSED,fair_invalid_or_session_guard,10353.0,10111.0,10595.0,,8
20260303,60758000,13:52:38.000,PAUSED,FLAT_QUOTING,fair_recovered,10352.0,10110.0,10594.0,10351.75,10
20260303,60800000,13:53:20.000,FLAT_QUOTING,PAUSED,fair_invalid_or_session_guard,10352.0,10110.0,10594.0,10343.75,12
20260303,60831000,13:53:51.000,PAUSED,FLAT_QUOTING,fair_recovered,10358.0,10116.0,10600.0,10358.125,2
20260303,60876000,13:54:36.000,FLAT_QUOTING,PAUSED,fair_invalid_or_session_guard,10358.0,10116.0,10600.0,,2
20260303,60878000,13:54:38.000,PAUSED,FLAT_QUOTING,fair_recovered,10352.0,10110.0,10594.0,10352.5,4
20260303,60963000,13:56:03.000,FLAT_QUOTING,PAUSED,fair_invalid_or_session_guard,10352.0,10110.0,10594.0,,0
20260303,60966000,13:56:06.000,PAUSED,FLAT_QUOTING,fair_recovered,10364.0,10122.0,10606.0,10364.5,2
20260303,60993000,13:56:33.000,FLAT_QUOTING,PAUSED,fair_invalid_or_session_guard,10364.0,10122.0,10606.0,,4
20260303,60997000,13:56:37.000,PAUSED,FLAT_QUOTING,fair_recovered,10364.0,10122.0,10606.0,10364.5,6
20260303,61026000,13:57:06.000,FLAT_QUOTING,PAUSED,fair_invalid_or_session_guard,10364.0,10122.0,10606.0,10379.75,4
20260303,61186000,13:59:46.000,PAUSED,FLAT_QUOTING,fair_recovered,10385.0,10143.0,10627.0,10385.25,0
20260303,61189000,13:59:49.000,FLAT_QUOTING,PAUSED,fair_invalid_or_session_guard,10385.0,10143.0,10627.0,10386.25,2
20260303,61191000,13:59:51.000,PAUSED,FLAT_QUOTING,fair_recovered,10386.0,10144.0,10628.0,10385.875,4
20260303,61192000,13:59:52.000,FLAT_QUOTING,LONG_PENDING_HEDGE,target_fill,10386.0,10144.0,10628.0,10385.875,7
20260303,61193000,13:59:53.000,LONG_PENDING_HEDGE,HEDGED_POSITION,hedge_fill,10386.0,10144.0,10628.0,10385.75,8
20260303,61194000,13:59:54.000,HEDGED_POSITION,FLATTENING,reversion_exit,10386.0,10144.0,10628.0,10386.25,8
20260303,61194000,13:59:54.000,FLATTENING,COOLDOWN,reversion_exit,10386.0,10144.0,10628.0,10386.25,10
20260303,61195000,13:59:55.000,COOLDOWN,PAUSED,fair_invalid_or_session_guard,10386.0,10144.0,10628.0,10385.5,10
20260303,61197000,13:59:57.000,PAUSED,FLAT_QUOTING,fair_recovered,10386.0,10144.0,10628.0,10386.5,10
20260303,61198000,13:59:58.000,FLAT_QUOTING,LONG_PENDING_HEDGE,target_fill,10386.0,10144.0,10628.0,10386.5,13
20260303,61199000,13:59:59.000,LONG_PENDING_HEDGE,HEDGED_POSITION,hedge_fill,10386.0,10144.0,10628.0,10386.5,14
20260303,61200000,14:00:00.000,HEDGED_POSITION,FLATTENING,reference_invalid_exit,10386.0,10144.0,10628.0,10388.125,14
20260303,61200000,14:00:00.000,FLATTENING,COOLDOWN,reference_invalid_exit,10386.0,10144.0,10628.0,10388.125,16
20260303,61201000,14:00:01.000,COOLDOWN,PAUSED,fair_invalid_or_session_guard,10386.0,10144.0,10628.0,10390.5,16
20260303,61451000,14:04:11.000,PAUSED,FLAT_QUOTING,fair_recovered,10430.0,10188.0,10672.0,10430.125,0
20260303,61453000,14:04:13.000,FLAT_QUOTING,LONG_PENDING_HEDGE,target_fill,10430.0,10188.0,10672.0,10425.0,3
20260303,61454000,14:04:14.000,LONG_PENDING_HEDGE,HEDGED_POSITION,hedge_fill,10430.0,10188.0,10672.0,10423.0,4
20260303,61455000,14:04:15.000,HEDGED_POSITION,FLATTENING,reversion_exit,10430.0,10188.0,10672.0,10422.5,4
20260303,61455000,14:04:15.000,FLATTENING,COOLDOWN,reversion_exit,10430.0,10188.0,10672.0,10422.5,6
20260303,61457000,14:04:17.000,COOLDOWN,FLAT_QUOTING,fair_recovered,10418.0,10176.0,10660.0,10417.75,6
20260303,61458000,14:04:18.000,FLAT_QUOTING,LONG_PENDING_HEDGE,target_fill,10418.0,10176.0,10660.0,10413.875,9
20260303,61459000,14:04:19.000,LONG_PENDING_HEDGE,HEDGED_POSITION,hedge_fill,10418.0,10176.0,10660.0,10411.875,10
20260303,61460000,14:04:20.000,HEDGED_POSITION,FLATTENING,reference_invalid_exit,10418.0,10176.0,10660.0,10403.25,10
20260303,61460000,14:04:20.000,FLATTENING,COOLDOWN,reference_invalid_exit,10418.0,10176.0,10660.0,10403.25,12
20260303,61461000,14:04:21.000,COOLDOWN,PAUSED,fair_invalid_or_session_guard,10418.0,10176.0,10660.0,10401.375,12
20260303,61758000,14:09:18.000,PAUSED,FLAT_QUOTING,fair_recovered,10321.0,10079.0,10563.0,10321.0,0
20260303,61762000,14:09:22.000,FLAT_QUOTING,PAUSED,fair_invalid_or_session_guard,10321.0,10079.0,10563.0,10310.75,2
20260303,61787000,14:09:47.000,PAUSED,FLAT_QUOTING,fair_recovered,10311.0,10069.0,10553.0,10310.75,4
20260303,61796000,14:09:56.000,FLAT_QUOTING,PAUSED,fair_invalid_or_session_guard,10311.0,10069.0,10553.0,10311.875,6
20260303,61814000,14:10:14.000,PAUSED,FLAT_QUOTING,fair_recovered,10300.0,10058.0,10542.0,10299.5,8
20260303,61850000,14:10:50.000,FLAT_QUOTING,PAUSED,fair_invalid_or_session_guard,10300.0,10058.0,10542.0,,4
20260303,61855000,14:10:55.000,PAUSED,FLAT_QUOTING,fair_recovered,10294.0,10052.0,10536.0,10294.25,6
20260303,61865000,14:11:05.000,FLAT_QUOTING,PAUSED,fair_invalid_or_session_guard,10294.0,10052.0,10536.0,,6
20260303,61867000,14:11:07.000,PAUSED,FLAT_QUOTING,fair_recovered,10299.0,10057.0,10541.0,10299.0,8
20260303,61884000,14:11:24.000,FLAT_QUOTING,PAUSED,fair_invalid_or_session_guard,10299.0,10057.0,10541.0,10300.75,8
20260303,61886000,14:11:26.000,PAUSED,FLAT_QUOTING,fair_recovered,10302.0,10060.0,10544.0,10301.75,10
20260303,61889000,14:11:29.000,FLAT_QUOTING,PAUSED,fair_invalid_or_session_guard,10302.0,10060.0,10544.0,10299.75,12
20260303,61905000,14:11:45.000,PAUSED,FLAT_QUOTING,fair_recovered,10297.0,10055.0,10539.0,10297.25,14
20260303,61959000,14:12:39.000,FLAT_QUOTING,PAUSED,fair_invalid_or_session_guard,10297.0,10055.0,10539.0,10288.75,2
20260303,61981000,14:13:01.000,PAUSED,FLAT_QUOTING,fair_recovered,10281.0,10039.0,10523.0,10281.25,2
20260303,61986000,14:13:06.000,FLAT_QUOTING,PAUSED,fair_invalid_or_session_guard,10281.0,10039.0,10523.0,,4
20260303,62000000,14:13:20.000,PAUSED,FLAT_QUOTING,fair_recovered,10265.0,10023.0,10507.0,10265.0,6
20260303,62002000,14:13:22.000,FLAT_QUOTING,PAUSED,fair_invalid_or_session_guard,10265.0,10023.0,10507.0,,8
20260303,62019000,14:13:39.000,PAUSED,FLAT_QUOTING,fair_recovered,10262.0,10020.0,10504.0,10261.5,8
20260303,62025000,14:13:45.000,FLAT_QUOTING,PAUSED,fair_invalid_or_session_guard,10262.0,10020.0,10504.0,,10
20260303,62041000,14:14:01.000,PAUSED,FLAT_QUOTING,fair_recovered,10260.0,10018.0,10502.0,10260.5,10
20260303,62071000,14:14:31.000,FLAT_QUOTING,PAUSED,fair_invalid_or_session_guard,10260.0,10018.0,10502.0,10242.75,6
20260303,62074000,14:14:34.000,PAUSED,FLAT_QUOTING,fair_recovered,10244.0,10002.0,10486.0,10243.75,8
20260303,62162000,14:16:02.000,FLAT_QUOTING,PAUSED,fair_invalid_or_session_guard,10244.0,10002.0,10486.0,10258.625,0
20260303,62166000,14:16:06.000,PAUSED,FLAT_QUOTING,fair_recovered,10260.0,10018.0,10502.0,10260.5,2
20260303,62168000,14:16:08.000,FLAT_QUOTING,PAUSED,fair_invalid_or_session_guard,10260.0,10018.0,10502.0,10258.375,4
20260303,62170000,14:16:10.000,PAUSED,FLAT_QUOTING,fair_recovered,10256.0,10014.0,10498.0,10256.25,6
20260303,62172000,14:16:12.000,FLAT_QUOTING,PAUSED,fair_invalid_or_session_guard,10256.0,10014.0,10498.0,10250.25,8
20260303,62180000,14:16:20.000,PAUSED,FLAT_QUOTING,fair_recovered,10251.0,10009.0,10493.0,10251.0,10
20260303,62193000,14:16:33.000,FLAT_QUOTING,PAUSED,fair_invalid_or_session_guard,10251.0,10009.0,10493.0,10247.0,12
20260303,62223000,14:17:03.000,PAUSED,FLAT_QUOTING,fair_recovered,10254.0,10012.0,10496.0,10254.25,12
20260303,62257000,14:17:37.000,FLAT_QUOTING,PAUSED,fair_invalid_or_session_guard,10254.0,10012.0,10496.0,10247.0,2
20260303,62261000,14:17:41.000,PAUSED,FLAT_QUOTING,fair_recovered,10244.0,10002.0,10486.0,10244.0,4
20260303,62268000,14:17:48.000,FLAT_QUOTING,PAUSED,fair_invalid_or_session_guard,10244.0,10002.0,10486.0,10242.75,6
20260303,62270000,14:17:50.000,PAUSED,FLAT_QUOTING,fair_recovered,10238.0,9996.0,10480.0,10238.25,8
20260303,62342000,14:19:02.000,FLAT_QUOTING,PAUSED,fair_invalid_or_session_guard,10238.0,9996.0,10480.0,,0
20260303,62344000,14:19:04.000,PAUSED,FLAT_QUOTING,fair_recovered,10247.0,10005.0,10489.0,10247.25,2
20260303,62373000,14:19:33.000,FLAT_QUOTING,PAUSED,fair_invalid_or_session_guard,10247.0,10005.0,10489.0,10233.5,4
20260303,62380000,14:19:40.000,PAUSED,FLAT_QUOTING,fair_recovered,10230.0,9988.0,10472.0,10229.5,6
20260303,62386000,14:19:46.000,FLAT_QUOTING,PAUSED,fair_invalid_or_session_guard,10230.0,9988.0,10472.0,10219.75,8
20260303,62904000,14:28:24.000,PAUSED,FLAT_QUOTING,fair_recovered,10187.0,9945.0,10429.0,10186.625,0
20260303,62921000,14:28:41.000,FLAT_QUOTING,PAUSED,fair_invalid_or_session_guard,10187.0,9945.0,10429.0,10205.75,2
20260303,62923000,14:28:43.000,PAUSED,FLAT_QUOTING,fair_recovered,10205.0,9963.0,10447.0,10205.25,4
20260303,62956000,14:29:16.000,FLAT_QUOTING,PAUSED,fair_invalid_or_session_guard,10205.0,9963.0,10447.0,,6
20260303,62958000,14:29:18.000,PAUSED,FLAT_QUOTING,fair_recovered,10210.0,9968.0,10452.0,10209.75,8
20260303,63006000,14:30:06.000,FLAT_QUOTING,PAUSED,fair_invalid_or_session_guard,10210.0,9968.0,10452.0,10209.0,4
20260303,63067000,14:31:07.000,PAUSED,FLAT_QUOTING,fair_recovered,10224.0,9982.0,10466.0,10224.0,0
20260303,63110000,14:31:50.000,FLAT_QUOTING,PAUSED,fair_invalid_or_session_guard,10224.0,9982.0,10466.0,,2
20260303,63113000,14:31:53.000,PAUSED,FLAT_QUOTING,fair_recovered,10216.0,9974.0,10458.0,10216.25,4
20260303,63120000,14:32:00.000,FLAT_QUOTING,PAUSED,fair_invalid_or_session_guard,10216.0,9974.0,10458.0,,6
20260303,63122000,14:32:02.000,PAUSED,FLAT_QUOTING,fair_recovered,10215.0,9973.0,10457.0,10214.625,8
20260303,63144000,14:32:24.000,FLAT_QUOTING,PAUSED,fair_invalid_or_session_guard,10215.0,9973.0,10457.0,,8
20260303,63147000,14:32:27.000,PAUSED,FLAT_QUOTING,fair_recovered,10230.0,9988.0,10472.0,10230.25,10
20260303,63161000,14:32:41.000,FLAT_QUOTING,PAUSED,fair_invalid_or_session_guard,10230.0,9988.0,10472.0,,12
20260303,63164000,14:32:44.000,PAUSED,FLAT_QUOTING,fair_recovered,10230.0,9988.0,10472.0,10229.75,14
20260303,63172000,14:32:52.000,FLAT_QUOTING,PAUSED,fair_invalid_or_session_guard,10230.0,9988.0,10472.0,,14
20260303,63176000,14:32:56.000,PAUSED,FLAT_QUOTING,fair_recovered,10230.0,9988.0,10472.0,10230.25,14
20260303,63192000,14:33:12.000,FLAT_QUOTING,PAUSED,fair_invalid_or_session_guard,10230.0,9988.0,10472.0,,12
20260303,63194000,14:33:14.000,PAUSED,FLAT_QUOTING,fair_recovered,10228.0,9986.0,10470.0,10228.5,14
20260303,63211000,14:33:31.000,FLAT_QUOTING,PAUSED,fair_invalid_or_session_guard,10228.0,9986.0,10470.0,,12
20260303,63223000,14:33:43.000,PAUSED,FLAT_QUOTING,fair_recovered,10231.0,9989.0,10473.0,10230.75,12
20260303,63251000,14:34:11.000,FLAT_QUOTING,PAUSED,fair_invalid_or_session_guard,10231.0,9989.0,10473.0,,8
20260303,63254000,14:34:14.000,PAUSED,FLAT_QUOTING,fair_recovered,10227.0,9985.0,10469.0,10226.75,6
20260303,63258000,14:34:18.000,FLAT_QUOTING,PAUSED,fair_invalid_or_session_guard,10227.0,9985.0,10469.0,,8
20260303,63262000,14:34:22.000,PAUSED,FLAT_QUOTING,fair_recovered,10229.0,9987.0,10471.0,10229.25,10
20260303,63296000,14:34:56.000,FLAT_QUOTING,PAUSED,fair_invalid_or_session_guard,10229.0,9987.0,10471.0,,8
20260303,63298000,14:34:58.000,PAUSED,FLAT_QUOTING,fair_recovered,10227.0,9985.0,10469.0,10227.25,10
20260303,63329000,14:35:29.000,FLAT_QUOTING,PAUSED,fair_invalid_or_session_guard,10227.0,9985.0,10469.0,,4
20260303,63331000,14:35:31.000,PAUSED,FLAT_QUOTING,fair_recovered,10233.0,9991.0,10475.0,10233.25,6
20260303,63352000,14:35:52.000,FLAT_QUOTING,PAUSED,fair_invalid_or_session_guard,10233.0,9991.0,10475.0,10227.0,8
20260303,63363000,14:36:03.000,PAUSED,FLAT_QUOTING,fair_recovered,10233.0,9991.0,10475.0,10233.0,6
20260303,63370000,14:36:10.000,FLAT_QUOTING,PAUSED,fair_invalid_or_session_guard,10233.0,9991.0,10475.0,,8
20260303,63373000,14:36:13.000,PAUSED,FLAT_QUOTING,fair_recovered,10229.0,9987.0,10471.0,10228.75,10
20260303,63375000,14:36:15.000,FLAT_QUOTING,PAUSED,fair_invalid_or_session_guard,10229.0,9987.0,10471.0,,12
20260303,63379000,14:36:19.000,PAUSED,FLAT_QUOTING,fair_recovered,10234.0,9992.0,10476.0,10233.5,14
20260303,63417000,14:36:57.000,FLAT_QUOTING,PAUSED,fair_invalid_or_session_guard,10234.0,9992.0,10476.0,,10
20260303,63419000,14:36:59.000,PAUSED,FLAT_QUOTING,fair_recovered,10236.0,9994.0,10478.0,10236.0,12
20260303,63430000,14:37:10.000,FLAT_QUOTING,PAUSED,fair_invalid_or_session_guard,10236.0,9994.0,10478.0,,10
20260303,63436000,14:37:16.000,PAUSED,FLAT_QUOTING,fair_recovered,10235.0,9993.0,10477.0,10235.25,8
20260303,63440000,14:37:20.000,FLAT_QUOTING,PAUSED,fair_invalid_or_session_guard,10235.0,9993.0,10477.0,,8
20260303,63448000,14:37:28.000,PAUSED,FLAT_QUOTING,fair_recovered,10236.0,9994.0,10478.0,10236.25,10
20260303,63474000,14:37:54.000,FLAT_QUOTING,PAUSED,fair_invalid_or_session_guard,10236.0,9994.0,10478.0,,12
20260303,63480000,14:38:00.000,PAUSED,FLAT_QUOTING,fair_recovered,10235.0,9993.0,10477.0,10234.75,10
20260303,63496000,14:38:16.000,FLAT_QUOTING,PAUSED,fair_invalid_or_session_guard,10235.0,9993.0,10477.0,,8
20260303,63500000,14:38:20.000,PAUSED,FLAT_QUOTING,fair_recovered,10230.0,9988.0,10472.0,10230.0,8
20260303,63503000,14:38:23.000,FLAT_QUOTING,PAUSED,fair_invalid_or_session_guard,10230.0,9988.0,10472.0,,10
20260303,63509000,14:38:29.000,PAUSED,FLAT_QUOTING,fair_recovered,10232.0,9990.0,10474.0,10232.0,10
20260303,63537000,14:38:57.000,FLAT_QUOTING,PAUSED,fair_invalid_or_session_guard,10232.0,9990.0,10474.0,,10
20260303,63539000,14:38:59.000,PAUSED,FLAT_QUOTING,fair_recovered,10229.0,9987.0,10471.0,10229.125,12
20260303,63554000,14:39:14.000,FLAT_QUOTING,PAUSED,fair_invalid_or_session_guard,10229.0,9987.0,10471.0,,12
20260303,63557000,14:39:17.000,PAUSED,FLAT_QUOTING,fair_recovered,10230.0,9988.0,10472.0,10230.0,12
20260303,63574000,14:39:34.000,FLAT_QUOTING,PAUSED,fair_invalid_or_session_guard,10230.0,9988.0,10472.0,,8
20260303,63583000,14:39:43.000,PAUSED,FLAT_QUOTING,fair_recovered,10227.0,9985.0,10469.0,10227.0,10
20260303,63593000,14:39:53.000,FLAT_QUOTING,PAUSED,fair_invalid_or_session_guard,10227.0,9985.0,10469.0,,12
20260303,63596000,14:39:56.000,PAUSED,FLAT_QUOTING,fair_recovered,10230.0,9988.0,10472.0,10229.5,14
20260303,63642000,14:40:42.000,FLAT_QUOTING,PAUSED,fair_invalid_or_session_guard,10230.0,9988.0,10472.0,,6
20260303,63645000,14:40:45.000,PAUSED,FLAT_QUOTING,fair_recovered,10235.0,9993.0,10477.0,10234.75,6
20260303,63649000,14:40:49.000,FLAT_QUOTING,PAUSED,fair_invalid_or_session_guard,10235.0,9993.0,10477.0,,8
20260303,63655000,14:40:55.000,PAUSED,FLAT_QUOTING,fair_recovered,10236.0,9994.0,10478.0,10236.0,8
20260303,63665000,14:41:05.000,FLAT_QUOTING,PAUSED,fair_invalid_or_session_guard,10236.0,9994.0,10478.0,,8
20260303,63675000,14:41:15.000,PAUSED,FLAT_QUOTING,fair_recovered,10236.0,9994.0,10478.0,10236.25,10
20260303,63686000,14:41:26.000,FLAT_QUOTING,PAUSED,fair_invalid_or_session_guard,10236.0,9994.0,10478.0,,12
20260303,63693000,14:41:33.000,PAUSED,FLAT_QUOTING,fair_recovered,10239.0,9997.0,10481.0,10238.75,14
20260303,63697000,14:41:37.000,FLAT_QUOTING,PAUSED,fair_invalid_or_session_guard,10239.0,9997.0,10481.0,,16
20260303,63700000,14:41:40.000,PAUSED,FLAT_QUOTING,fair_recovered,10237.0,9995.0,10479.0,10236.75,18
20260303,63714000,14:41:54.000,FLAT_QUOTING,PAUSED,fair_invalid_or_session_guard,10237.0,9995.0,10479.0,,14
20260303,63727000,14:42:07.000,PAUSED,FLAT_QUOTING,fair_recovered,10235.0,9993.0,10477.0,10234.75,12
20260303,63731000,14:42:11.000,FLAT_QUOTING,PAUSED,fair_invalid_or_session_guard,10235.0,9993.0,10477.0,,14
20260303,63738000,14:42:18.000,PAUSED,FLAT_QUOTING,fair_recovered,10234.0,9992.0,10476.0,10234.5,14
20260303,63746000,14:42:26.000,FLAT_QUOTING,PAUSED,fair_invalid_or_session_guard,10234.0,9992.0,10476.0,,14
20260303,63753000,14:42:33.000,PAUSED,FLAT_QUOTING,fair_recovered,10233.0,9991.0,10475.0,10233.0,14
20260303,63776000,14:42:56.000,FLAT_QUOTING,PAUSED,fair_invalid_or_session_guard,10233.0,9991.0,10475.0,,10
20260303,63779000,14:42:59.000,PAUSED,FLAT_QUOTING,fair_recovered,10233.0,9991.0,10475.0,10233.0,12
20260303,63789000,14:43:09.000,FLAT_QUOTING,PAUSED,fair_invalid_or_session_guard,10233.0,9991.0,10475.0,,12
20260303,63791000,14:43:11.000,PAUSED,FLAT_QUOTING,fair_recovered,10233.0,9991.0,10475.0,10232.75,12
20260303,63815000,14:43:35.000,FLAT_QUOTING,PAUSED,fair_invalid_or_session_guard,10233.0,9991.0,10475.0,,8
20260303,63828000,14:43:48.000,PAUSED,FLAT_QUOTING,fair_recovered,10234.0,9992.0,10476.0,10234.0,10
20260303,63849000,14:44:09.000,FLAT_QUOTING,PAUSED,fair_invalid_or_session_guard,10234.0,9992.0,10476.0,,6
20260303,63856000,14:44:16.000,PAUSED,FLAT_QUOTING,fair_recovered,10232.0,9990.0,10474.0,10232.5,6
20260303,63864000,14:44:24.000,FLAT_QUOTING,PAUSED,fair_invalid_or_session_guard,10232.0,9990.0,10474.0,,8
20260303,63870000,14:44:30.000,PAUSED,FLAT_QUOTING,fair_recovered,10231.0,9989.0,10473.0,10231.25,10
20260303,63872000,14:44:32.000,FLAT_QUOTING,PAUSED,fair_invalid_or_session_guard,10231.0,9989.0,10473.0,,12
20260303,63875000,14:44:35.000,PAUSED,FLAT_QUOTING,fair_recovered,10228.0,9986.0,10470.0,10227.5,12
20260303,63878000,14:44:38.000,FLAT_QUOTING,PAUSED,fair_invalid_or_session_guard,10228.0,9986.0,10470.0,,14
20260303,63895000,14:44:55.000,PAUSED,FLAT_QUOTING,fair_recovered,10229.0,9987.0,10471.0,10228.75,14
20260303,63903000,14:45:03.000,FLAT_QUOTING,PAUSED,fair_invalid_or_session_guard,10229.0,9987.0,10471.0,,16
20260303,63905000,14:45:05.000,PAUSED,FLAT_QUOTING,fair_recovered,10232.0,9990.0,10474.0,10232.5,18
20260303,63910000,14:45:10.000,FLAT_QUOTING,PAUSED,fair_invalid_or_session_guard,10232.0,9990.0,10474.0,,18
20260303,63918000,14:45:18.000,PAUSED,FLAT_QUOTING,fair_recovered,10232.0,9990.0,10474.0,10232.0,18
20260303,63920000,14:45:20.000,FLAT_QUOTING,PAUSED,fair_invalid_or_session_guard,10232.0,9990.0,10474.0,,20
20260303,63924000,14:45:24.000,PAUSED,PAUSED,order_action_limit,10232.0,9990.0,10474.0,10231.75,20
20260303,63925000,14:45:25.000,PAUSED,PAUSED,order_action_limit,10232.0,9990.0,10474.0,10231.5,20
20260303,63926000,14:45:26.000,PAUSED,PAUSED,order_action_limit,10232.0,9990.0,10474.0,10231.0,20
20260303,63927000,14:45:27.000,PAUSED,PAUSED,order_action_limit,10232.0,9990.0,10474.0,10230.75,20
20260303,63929000,14:45:29.000,PAUSED,PAUSED,order_action_limit,10232.0,9990.0,10474.0,10230.5,20
20260303,63930000,14:45:30.000,PAUSED,FLAT_QUOTING,fair_recovered,10231.0,9989.0,10473.0,10231.0,18
20260303,63932000,14:45:32.000,FLAT_QUOTING,PAUSED,fair_invalid_or_session_guard,10231.0,9989.0,10473.0,,18
20260303,63934000,14:45:34.000,PAUSED,PAUSED,order_action_limit,10231.0,9989.0,10473.0,10231.75,20
20260303,63935000,14:45:35.000,PAUSED,FLAT_QUOTING,fair_recovered,10232.0,9990.0,10474.0,10231.75,18
20260303,63956000,14:45:56.000,FLAT_QUOTING,PAUSED,data_gap,10232.0,9990.0,10474.0,,16
20260303,63959000,14:45:59.000,PAUSED,FLAT_QUOTING,fair_recovered,10231.0,9989.0,10473.0,10231.0,18
20260303,63981000,14:46:21.000,FLAT_QUOTING,PAUSED,fair_invalid_or_session_guard,10231.0,9989.0,10473.0,,10
20260303,63983000,14:46:23.000,PAUSED,FLAT_QUOTING,fair_recovered,10229.0,9987.0,10471.0,10229.25,12
20260303,63988000,14:46:28.000,FLAT_QUOTING,PAUSED,fair_invalid_or_session_guard,10229.0,9987.0,10471.0,,14
20260303,63999000,14:46:39.000,PAUSED,FLAT_QUOTING,fair_recovered,10228.0,9986.0,10470.0,10227.75,10
20260303,64005000,14:46:45.000,FLAT_QUOTING,PAUSED,fair_invalid_or_session_guard,10228.0,9986.0,10470.0,,12
20260303,64009000,14:46:49.000,PAUSED,FLAT_QUOTING,fair_recovered,10225.0,9983.0,10467.0,10225.25,14
20260303,64013000,14:46:53.000,FLAT_QUOTING,PAUSED,fair_invalid_or_session_guard,10225.0,9983.0,10467.0,10227.75,16
20260303,64110000,14:48:30.000,PAUSED,FLAT_QUOTING,fair_recovered,10224.0,9982.0,10466.0,10223.75,0
20260303,64112000,14:48:32.000,FLAT_QUOTING,PAUSED,fair_invalid_or_session_guard,10224.0,9982.0,10466.0,,2
20260303,64117000,14:48:37.000,PAUSED,FLAT_QUOTING,fair_recovered,10223.0,9981.0,10465.0,10223.0,4
20260303,64128000,14:48:48.000,FLAT_QUOTING,PAUSED,fair_invalid_or_session_guard,10223.0,9981.0,10465.0,,6
20260303,64143000,14:49:03.000,PAUSED,FLAT_QUOTING,fair_recovered,10227.0,9985.0,10469.0,10226.875,8
20260303,64148000,14:49:08.000,FLAT_QUOTING,PAUSED,fair_invalid_or_session_guard,10227.0,9985.0,10469.0,,10
20260303,64156000,14:49:16.000,PAUSED,FLAT_QUOTING,fair_recovered,10228.0,9986.0,10470.0,10227.625,12
20260303,64174000,14:49:34.000,FLAT_QUOTING,PAUSED,fair_invalid_or_session_guard,10228.0,9986.0,10470.0,,10
20260303,64177000,14:49:37.000,PAUSED,FLAT_QUOTING,fair_recovered,10226.0,9984.0,10468.0,10226.0,10
20260303,64179000,14:49:39.000,FLAT_QUOTING,PAUSED,fair_invalid_or_session_guard,10226.0,9984.0,10468.0,,12
20260303,64183000,14:49:43.000,PAUSED,FLAT_QUOTING,fair_recovered,10225.0,9983.0,10467.0,10225.0,14
20260303,64193000,14:49:53.000,FLAT_QUOTING,PAUSED,fair_invalid_or_session_guard,10225.0,9983.0,10467.0,,14
20260303,64208000,14:50:08.000,PAUSED,FLAT_QUOTING,fair_recovered,10225.0,9983.0,10467.0,10225.25,12
20260303,64216000,14:50:16.000,FLAT_QUOTING,PAUSED,fair_invalid_or_session_guard,10225.0,9983.0,10467.0,,12
20260303,64234000,14:50:34.000,PAUSED,FLAT_QUOTING,fair_recovered,10226.0,9984.0,10468.0,10225.875,12
20260303,64254000,14:50:54.000,FLAT_QUOTING,PAUSED,fair_invalid_or_session_guard,10226.0,9984.0,10468.0,,6
20260303,64256000,14:50:56.000,PAUSED,FLAT_QUOTING,fair_recovered,10225.0,9983.0,10467.0,10225.25,8
20260303,64272000,14:51:12.000,FLAT_QUOTING,PAUSED,fair_invalid_or_session_guard,10225.0,9983.0,10467.0,,8
20260303,64278000,14:51:18.000,PAUSED,FLAT_QUOTING,fair_recovered,10223.0,9981.0,10465.0,10222.75,8
20260303,64281000,14:51:21.000,FLAT_QUOTING,PAUSED,fair_invalid_or_session_guard,10223.0,9981.0,10465.0,,10
20260303,64328000,14:52:08.000,PAUSED,FLAT_QUOTING,fair_recovered,10258.0,10016.0,10500.0,10258.25,6
20260303,64333000,14:52:13.000,FLAT_QUOTING,PAUSED,fair_invalid_or_session_guard,10258.0,10016.0,10500.0,10254.5,6
20260303,64785000,14:59:45.000,PAUSED,FLAT_QUOTING,fair_recovered,10287.0,10045.0,10529.0,10286.75,0
