trade_date,market_time_key,display_time,order_id,parent_order_id,contract,role,side,price,lots,version,event,detail,state
20260304,43261000,09:01:01.000,20260304-AP605-00001,,AP605,target_buy,buy,10046.0,1,1,submit,initial_quote,FLAT_QUOTING
20260304,43261000,09:01:01.000,20260304-AP605-00002,,AP605,target_sell,sell,10530.0,1,1,submit,initial_quote,FLAT_QUOTING
20260304,43262000,09:01:02.000,20260304-AP605-00001,,AP605,target_buy,buy,10046.0,1,1,ack,,FLAT_QUOTING
20260304,43262000,09:01:02.000,20260304-AP605-00002,,AP605,target_sell,sell,10530.0,1,1,ack,,FLAT_QUOTING
20260304,43551000,09:05:51.000,20260304-AP605-00001,,AP605,target_buy,buy,10046.0,1,1,cancel_requested,reanchor,REPLACE_PENDING
20260304,43551000,09:05:51.000,20260304-AP605-00002,,AP605,target_sell,sell,10530.0,1,1,cancel_requested,reanchor,REPLACE_PENDING
20260304,43552000,09:05:52.000,20260304-AP605-00001,,AP605,target_buy,buy,10046.0,1,1,cancel_ack,reanchor,REPLACE_PENDING
20260304,43552000,09:05:52.000,20260304-AP605-00002,,AP605,target_sell,sell,10530.0,1,1,cancel_ack,reanchor,REPLACE_PENDING
20260304,43552000,09:05:52.000,20260304-AP605-00003,,AP605,target_buy,buy,9997.0,1,2,submit,reanchor_replace,REPLACE_PENDING
20260304,43552000,09:05:52.000,20260304-AP605-00004,,AP605,target_sell,sell,10481.0,1,2,submit,reanchor_replace,REPLACE_PENDING
20260304,43553000,09:05:53.000,20260304-AP605-00003,,AP605,target_buy,buy,9997.0,1,2,ack,,REPLACE_PENDING
20260304,43553000,09:05:53.000,20260304-AP605-00004,,AP605,target_sell,sell,10481.0,1,2,ack,,REPLACE_PENDING
20260304,46074000,09:47:54.000,20260304-AP605-00003,,AP605,target_buy,buy,9997.0,1,2,cancel_requested,data_gap,PAUSED
20260304,46074000,09:47:54.000,20260304-AP605-00004,,AP605,target_sell,sell,10481.0,1,2,cancel_requested,data_gap,PAUSED
20260304,46075000,09:47:55.000,20260304-AP605-00003,,AP605,target_buy,buy,9997.0,1,2,cancel_ack,data_gap,PAUSED
20260304,46075000,09:47:55.000,20260304-AP605-00004,,AP605,target_sell,sell,10481.0,1,2,cancel_ack,data_gap,PAUSED
20260304,46076000,09:47:56.000,20260304-AP605-00005,,AP605,target_buy,buy,10015.0,1,3,submit,initial_quote,FLAT_QUOTING
20260304,46076000,09:47:56.000,20260304-AP605-00006,,AP605,target_sell,sell,10499.0,1,3,submit,initial_quote,FLAT_QUOTING
20260304,46077000,09:47:57.000,20260304-AP605-00005,,AP605,target_buy,buy,10015.0,1,3,ack,,FLAT_QUOTING
20260304,46077000,09:47:57.000,20260304-AP605-00006,,AP605,target_sell,sell,10499.0,1,3,ack,,FLAT_QUOTING
20260304,46118000,09:48:38.000,20260304-AP605-00005,,AP605,target_buy,buy,10015.0,1,3,cancel_requested,data_gap,PAUSED
20260304,46118000,09:48:38.000,20260304-AP605-00006,,AP605,target_sell,sell,10499.0,1,3,cancel_requested,data_gap,PAUSED
20260304,46121000,09:48:41.000,20260304-AP605-00005,,AP605,target_buy,buy,10015.0,1,3,cancel_ack,data_gap,PAUSED
20260304,46121000,09:48:41.000,20260304-AP605-00006,,AP605,target_sell,sell,10499.0,1,3,cancel_ack,data_gap,PAUSED
20260304,46122000,09:48:42.000,20260304-AP605-00007,,AP605,target_buy,buy,10016.0,1,4,submit,initial_quote,FLAT_QUOTING
20260304,46122000,09:48:42.000,20260304-AP605-00008,,AP605,target_sell,sell,10500.0,1,4,submit,initial_quote,FLAT_QUOTING
20260304,46123000,09:48:43.000,20260304-AP605-00007,,AP605,target_buy,buy,10016.0,1,4,ack,,FLAT_QUOTING
20260304,46123000,09:48:43.000,20260304-AP605-00008,,AP605,target_sell,sell,10500.0,1,4,ack,,FLAT_QUOTING
20260304,47149000,10:05:49.000,20260304-AP605-00007,,AP605,target_buy,buy,10016.0,1,4,cancel_requested,reanchor,REPLACE_PENDING
20260304,47149000,10:05:49.000,20260304-AP605-00008,,AP605,target_sell,sell,10500.0,1,4,cancel_requested,reanchor,REPLACE_PENDING
20260304,47150000,10:05:50.000,20260304-AP605-00007,,AP605,target_buy,buy,10016.0,1,4,cancel_ack,reanchor,REPLACE_PENDING
20260304,47150000,10:05:50.000,20260304-AP605-00008,,AP605,target_sell,sell,10500.0,1,4,cancel_ack,reanchor,REPLACE_PENDING
20260304,47150000,10:05:50.000,20260304-AP605-00009,,AP605,target_buy,buy,9967.0,1,5,submit,reanchor_replace,REPLACE_PENDING
20260304,47150000,10:05:50.000,20260304-AP605-00010,,AP605,target_sell,sell,10451.0,1,5,submit,reanchor_replace,REPLACE_PENDING
20260304,47151000,10:05:51.000,20260304-AP605-00009,,AP605,target_buy,buy,9967.0,1,5,ack,,REPLACE_PENDING
20260304,47151000,10:05:51.000,20260304-AP605-00010,,AP605,target_sell,sell,10451.0,1,5,ack,,REPLACE_PENDING
20260304,47700000,10:15:00.000,20260304-AP605-00009,,AP605,target_buy,buy,9967.0,1,5,cancel_requested,fair_invalid_or_session_guard,PAUSED
20260304,47700000,10:15:00.000,20260304-AP605-00010,,AP605,target_sell,sell,10451.0,1,5,cancel_requested,fair_invalid_or_session_guard,PAUSED
20260304,48600000,10:30:00.000,20260304-AP605-00009,,AP605,target_buy,buy,9967.0,1,5,cancel_ack,fair_invalid_or_session_guard,PAUSED
20260304,48600000,10:30:00.000,20260304-AP605-00010,,AP605,target_sell,sell,10451.0,1,5,cancel_ack,fair_invalid_or_session_guard,PAUSED
20260304,48661000,10:31:01.000,20260304-AP605-00011,,AP605,target_buy,buy,9957.0,1,6,submit,initial_quote,FLAT_QUOTING
20260304,48661000,10:31:01.000,20260304-AP605-00012,,AP605,target_sell,sell,10441.0,1,6,submit,initial_quote,FLAT_QUOTING
20260304,48662000,10:31:02.000,20260304-AP605-00011,,AP605,target_buy,buy,9957.0,1,6,ack,,FLAT_QUOTING
20260304,48662000,10:31:02.000,20260304-AP605-00012,,AP605,target_sell,sell,10441.0,1,6,ack,,FLAT_QUOTING
20260304,49100000,10:38:20.000,20260304-AP605-00011,,AP605,target_buy,buy,9957.0,1,6,cancel_requested,data_gap,PAUSED
20260304,49100000,10:38:20.000,20260304-AP605-00012,,AP605,target_sell,sell,10441.0,1,6,cancel_requested,data_gap,PAUSED
20260304,49101000,10:38:21.000,20260304-AP605-00011,,AP605,target_buy,buy,9957.0,1,6,cancel_ack,data_gap,PAUSED
20260304,49101000,10:38:21.000,20260304-AP605-00012,,AP605,target_sell,sell,10441.0,1,6,cancel_ack,data_gap,PAUSED
20260304,49104000,10:38:24.000,20260304-AP605-00013,,AP605,target_buy,buy,9963.0,1,7,submit,initial_quote,FLAT_QUOTING
20260304,49104000,10:38:24.000,20260304-AP605-00014,,AP605,target_sell,sell,10447.0,1,7,submit,initial_quote,FLAT_QUOTING
20260304,49105000,10:38:25.000,20260304-AP605-00013,,AP605,target_buy,buy,9963.0,1,7,ack,,FLAT_QUOTING
20260304,49105000,10:38:25.000,20260304-AP605-00014,,AP605,target_sell,sell,10447.0,1,7,ack,,FLAT_QUOTING
20260304,49350000,10:42:30.000,20260304-AP605-00013,,AP605,target_buy,buy,9963.0,1,7,cancel_requested,data_gap,PAUSED
20260304,49350000,10:42:30.000,20260304-AP605-00014,,AP605,target_sell,sell,10447.0,1,7,cancel_requested,data_gap,PAUSED
20260304,49351000,10:42:31.000,20260304-AP605-00013,,AP605,target_buy,buy,9963.0,1,7,cancel_ack,data_gap,PAUSED
20260304,49351000,10:42:31.000,20260304-AP605-00014,,AP605,target_sell,sell,10447.0,1,7,cancel_ack,data_gap,PAUSED
20260304,49352000,10:42:32.000,20260304-AP605-00015,,AP605,target_buy,buy,9960.0,1,8,submit,initial_quote,FLAT_QUOTING
20260304,49352000,10:42:32.000,20260304-AP605-00016,,AP605,target_sell,sell,10444.0,1,8,submit,initial_quote,FLAT_QUOTING
20260304,49353000,10:42:33.000,20260304-AP605-00015,,AP605,target_buy,buy,9960.0,1,8,ack,,FLAT_QUOTING
20260304,49353000,10:42:33.000,20260304-AP605-00016,,AP605,target_sell,sell,10444.0,1,8,ack,,FLAT_QUOTING
20260304,49484000,10:44:44.000,20260304-AP605-00015,,AP605,target_buy,buy,9960.0,1,8,cancel_requested,data_gap,PAUSED
20260304,49484000,10:44:44.000,20260304-AP605-00016,,AP605,target_sell,sell,10444.0,1,8,cancel_requested,data_gap,PAUSED
20260304,49485000,10:44:45.000,20260304-AP605-00015,,AP605,target_buy,buy,9960.0,1,8,cancel_ack,data_gap,PAUSED
20260304,49485000,10:44:45.000,20260304-AP605-00016,,AP605,target_sell,sell,10444.0,1,8,cancel_ack,data_gap,PAUSED
20260304,49492000,10:44:52.000,20260304-AP605-00017,,AP605,target_buy,buy,9958.0,1,9,submit,initial_quote,FLAT_QUOTING
20260304,49492000,10:44:52.000,20260304-AP605-00018,,AP605,target_sell,sell,10442.0,1,9,submit,initial_quote,FLAT_QUOTING
20260304,49493000,10:44:53.000,20260304-AP605-00017,,AP605,target_buy,buy,9958.0,1,9,ack,,FLAT_QUOTING
20260304,49493000,10:44:53.000,20260304-AP605-00018,,AP605,target_sell,sell,10442.0,1,9,ack,,FLAT_QUOTING
20260304,49849000,10:50:49.000,20260304-AP605-00017,,AP605,target_buy,buy,9958.0,1,9,cancel_requested,data_gap,PAUSED
20260304,49849000,10:50:49.000,20260304-AP605-00018,,AP605,target_sell,sell,10442.0,1,9,cancel_requested,data_gap,PAUSED
20260304,49850000,10:50:50.000,20260304-AP605-00017,,AP605,target_buy,buy,9958.0,1,9,cancel_ack,data_gap,PAUSED
20260304,49850000,10:50:50.000,20260304-AP605-00018,,AP605,target_sell,sell,10442.0,1,9,cancel_ack,data_gap,PAUSED
20260304,49853000,10:50:53.000,20260304-AP605-00019,,AP605,target_buy,buy,9973.0,1,10,submit,initial_quote,FLAT_QUOTING
20260304,49853000,10:50:53.000,20260304-AP605-00020,,AP605,target_sell,sell,10457.0,1,10,submit,initial_quote,FLAT_QUOTING
20260304,49855000,10:50:55.000,20260304-AP605-00019,,AP605,target_buy,buy,9973.0,1,10,ack,,FLAT_QUOTING
20260304,49855000,10:50:55.000,20260304-AP605-00020,,AP605,target_sell,sell,10457.0,1,10,ack,,FLAT_QUOTING
20260304,50211000,10:56:51.000,20260304-AP605-00019,,AP605,target_buy,buy,9973.0,1,10,cancel_requested,data_gap,PAUSED
20260304,50211000,10:56:51.000,20260304-AP605-00020,,AP605,target_sell,sell,10457.0,1,10,cancel_requested,data_gap,PAUSED
20260304,50212000,10:56:52.000,20260304-AP605-00019,,AP605,target_buy,buy,9973.0,1,10,cancel_ack,data_gap,PAUSED
20260304,50212000,10:56:52.000,20260304-AP605-00020,,AP605,target_sell,sell,10457.0,1,10,cancel_ack,data_gap,PAUSED
20260304,50219000,10:56:59.000,20260304-AP605-00021,,AP605,target_buy,buy,9988.0,1,11,submit,initial_quote,FLAT_QUOTING
20260304,50219000,10:56:59.000,20260304-AP605-00022,,AP605,target_sell,sell,10472.0,1,11,submit,initial_quote,FLAT_QUOTING
20260304,50220000,10:57:00.000,20260304-AP605-00021,,AP605,target_buy,buy,9988.0,1,11,ack,,FLAT_QUOTING
20260304,50220000,10:57:00.000,20260304-AP605-00022,,AP605,target_sell,sell,10472.0,1,11,ack,,FLAT_QUOTING
20260304,50657000,11:04:17.000,20260304-AP605-00021,,AP605,target_buy,buy,9988.0,1,11,cancel_requested,data_gap,PAUSED
20260304,50657000,11:04:17.000,20260304-AP605-00022,,AP605,target_sell,sell,10472.0,1,11,cancel_requested,data_gap,PAUSED
20260304,50658000,11:04:18.000,20260304-AP605-00021,,AP605,target_buy,buy,9988.0,1,11,cancel_ack,data_gap,PAUSED
20260304,50658000,11:04:18.000,20260304-AP605-00022,,AP605,target_sell,sell,10472.0,1,11,cancel_ack,data_gap,PAUSED
20260304,50659000,11:04:19.000,20260304-AP605-00023,,AP605,target_buy,buy,9998.0,1,12,submit,initial_quote,FLAT_QUOTING
20260304,50659000,11:04:19.000,20260304-AP605-00024,,AP605,target_sell,sell,10482.0,1,12,submit,initial_quote,FLAT_QUOTING
20260304,50660000,11:04:20.000,20260304-AP605-00023,,AP605,target_buy,buy,9998.0,1,12,ack,,FLAT_QUOTING
20260304,50660000,11:04:20.000,20260304-AP605-00024,,AP605,target_sell,sell,10482.0,1,12,ack,,FLAT_QUOTING
20260304,50667000,11:04:27.000,20260304-AP605-00023,,AP605,target_buy,buy,9998.0,1,12,cancel_requested,data_gap,PAUSED
20260304,50667000,11:04:27.000,20260304-AP605-00024,,AP605,target_sell,sell,10482.0,1,12,cancel_requested,data_gap,PAUSED
20260304,50668000,11:04:28.000,20260304-AP605-00023,,AP605,target_buy,buy,9998.0,1,12,cancel_ack,data_gap,PAUSED
20260304,50668000,11:04:28.000,20260304-AP605-00024,,AP605,target_sell,sell,10482.0,1,12,cancel_ack,data_gap,PAUSED
20260304,50669000,11:04:29.000,20260304-AP605-00025,,AP605,target_buy,buy,9998.0,1,13,submit,initial_quote,FLAT_QUOTING
20260304,50669000,11:04:29.000,20260304-AP605-00026,,AP605,target_sell,sell,10482.0,1,13,submit,initial_quote,FLAT_QUOTING
20260304,50670000,11:04:30.000,20260304-AP605-00025,,AP605,target_buy,buy,9998.0,1,13,ack,,FLAT_QUOTING
20260304,50670000,11:04:30.000,20260304-AP605-00026,,AP605,target_sell,sell,10482.0,1,13,ack,,FLAT_QUOTING
20260304,51606000,11:20:06.000,20260304-AP605-00025,,AP605,target_buy,buy,9998.0,1,13,cancel_requested,reanchor,REPLACE_PENDING
20260304,51606000,11:20:06.000,20260304-AP605-00026,,AP605,target_sell,sell,10482.0,1,13,cancel_requested,reanchor,REPLACE_PENDING
20260304,51607000,11:20:07.000,20260304-AP605-00025,,AP605,target_buy,buy,9998.0,1,13,cancel_ack,reanchor,REPLACE_PENDING
20260304,51607000,11:20:07.000,20260304-AP605-00026,,AP605,target_sell,sell,10482.0,1,13,cancel_ack,reanchor,REPLACE_PENDING
20260304,51607000,11:20:07.000,20260304-AP605-00027,,AP605,target_buy,buy,10047.0,1,14,submit,reanchor_replace,REPLACE_PENDING
20260304,51607000,11:20:07.000,20260304-AP605-00028,,AP605,target_sell,sell,10531.0,1,14,submit,reanchor_replace,REPLACE_PENDING
20260304,51608000,11:20:08.000,20260304-AP605-00027,,AP605,target_buy,buy,10047.0,1,14,ack,,REPLACE_PENDING
20260304,51608000,11:20:08.000,20260304-AP605-00028,,AP605,target_sell,sell,10531.0,1,14,ack,,REPLACE_PENDING
20260304,52182000,11:29:42.000,20260304-AP605-00027,,AP605,target_buy,buy,10047.0,1,14,cancel_requested,reanchor,REPLACE_PENDING
20260304,52182000,11:29:42.000,20260304-AP605-00028,,AP605,target_sell,sell,10531.0,1,14,cancel_requested,reanchor,REPLACE_PENDING
20260304,52183000,11:29:43.000,20260304-AP605-00027,,AP605,target_buy,buy,10047.0,1,14,cancel_ack,reanchor,REPLACE_PENDING
20260304,52183000,11:29:43.000,20260304-AP605-00028,,AP605,target_sell,sell,10531.0,1,14,cancel_ack,reanchor,REPLACE_PENDING
20260304,52183000,11:29:43.000,20260304-AP605-00029,,AP605,target_buy,buy,10096.0,1,15,submit,reanchor_replace,REPLACE_PENDING
20260304,52183000,11:29:43.000,20260304-AP605-00030,,AP605,target_sell,sell,10580.0,1,15,submit,reanchor_replace,REPLACE_PENDING
20260304,52184000,11:29:44.000,20260304-AP605-00029,,AP605,target_buy,buy,10096.0,1,15,ack,,REPLACE_PENDING
20260304,52184000,11:29:44.000,20260304-AP605-00030,,AP605,target_sell,sell,10580.0,1,15,ack,,REPLACE_PENDING
20260304,52200000,11:30:00.000,20260304-AP605-00029,,AP605,target_buy,buy,10096.0,1,15,cancel_requested,fair_invalid_or_session_guard,PAUSED
20260304,52200000,11:30:00.000,20260304-AP605-00030,,AP605,target_sell,sell,10580.0,1,15,cancel_requested,fair_invalid_or_session_guard,PAUSED
20260304,59400000,13:30:00.000,20260304-AP605-00029,,AP605,target_buy,buy,10096.0,1,15,cancel_ack,fair_invalid_or_session_guard,PAUSED
20260304,59400000,13:30:00.000,20260304-AP605-00030,,AP605,target_sell,sell,10580.0,1,15,cancel_ack,fair_invalid_or_session_guard,PAUSED
20260304,59461000,13:31:01.000,20260304-AP605-00031,,AP605,target_buy,buy,10161.0,1,16,submit,initial_quote,FLAT_QUOTING
20260304,59461000,13:31:01.000,20260304-AP605-00032,,AP605,target_sell,sell,10645.0,1,16,submit,initial_quote,FLAT_QUOTING
20260304,59462000,13:31:02.000,20260304-AP605-00031,,AP605,target_buy,buy,10161.0,1,16,ack,,FLAT_QUOTING
20260304,59462000,13:31:02.000,20260304-AP605-00032,,AP605,target_sell,sell,10645.0,1,16,ack,,FLAT_QUOTING
20260304,61414000,14:03:34.000,20260304-AP605-00031,,AP605,target_buy,buy,10161.0,1,16,cancel_requested,data_gap,PAUSED
20260304,61414000,14:03:34.000,20260304-AP605-00032,,AP605,target_sell,sell,10645.0,1,16,cancel_requested,data_gap,PAUSED
20260304,61415000,14:03:35.000,20260304-AP605-00031,,AP605,target_buy,buy,10161.0,1,16,cancel_ack,data_gap,PAUSED
20260304,61415000,14:03:35.000,20260304-AP605-00032,,AP605,target_sell,sell,10645.0,1,16,cancel_ack,data_gap,PAUSED
20260304,61416000,14:03:36.000,20260304-AP605-00033,,AP605,target_buy,buy,10136.0,1,17,submit,initial_quote,FLAT_QUOTING
20260304,61416000,14:03:36.000,20260304-AP605-00034,,AP605,target_sell,sell,10620.0,1,17,submit,initial_quote,FLAT_QUOTING
20260304,61417000,14:03:37.000,20260304-AP605-00033,,AP605,target_buy,buy,10136.0,1,17,ack,,FLAT_QUOTING
20260304,61417000,14:03:37.000,20260304-AP605-00034,,AP605,target_sell,sell,10620.0,1,17,ack,,FLAT_QUOTING
20260304,63866000,14:44:26.000,20260304-AP605-00033,,AP605,target_buy,buy,10136.0,1,17,cancel_requested,data_gap,PAUSED
20260304,63866000,14:44:26.000,20260304-AP605-00034,,AP605,target_sell,sell,10620.0,1,17,cancel_requested,data_gap,PAUSED
20260304,63867000,14:44:27.000,20260304-AP605-00033,,AP605,target_buy,buy,10136.0,1,17,cancel_ack,data_gap,PAUSED
20260304,63867000,14:44:27.000,20260304-AP605-00034,,AP605,target_sell,sell,10620.0,1,17,cancel_ack,data_gap,PAUSED
20260304,63868000,14:44:28.000,20260304-AP605-00035,,AP605,target_buy,buy,10152.0,1,18,submit,initial_quote,FLAT_QUOTING
20260304,63868000,14:44:28.000,20260304-AP605-00036,,AP605,target_sell,sell,10636.0,1,18,submit,initial_quote,FLAT_QUOTING
20260304,63869000,14:44:29.000,20260304-AP605-00035,,AP605,target_buy,buy,10152.0,1,18,ack,,FLAT_QUOTING
20260304,63869000,14:44:29.000,20260304-AP605-00036,,AP605,target_sell,sell,10636.0,1,18,ack,,FLAT_QUOTING
20260304,64800000,15:00:00.000,20260304-AP605-00035,,AP605,target_buy,buy,10152.0,1,18,cancel_requested,fair_invalid_or_session_guard,PAUSED
20260304,64800000,15:00:00.000,20260304-AP605-00036,,AP605,target_sell,sell,10636.0,1,18,cancel_requested,fair_invalid_or_session_guard,PAUSED
20260304,64800000,15:00:00.000,20260304-AP605-00035,,AP605,target_buy,buy,10152.0,1,18,expired,end_of_day,PAUSED
20260304,64800000,15:00:00.000,20260304-AP605-00036,,AP605,target_sell,sell,10636.0,1,18,expired,end_of_day,PAUSED
20260305,43261000,09:01:01.000,20260305-AP605-00001,,AP605,target_buy,buy,10148.0,1,1,submit,initial_quote,FLAT_QUOTING
20260305,43261000,09:01:01.000,20260305-AP605-00002,,AP605,target_sell,sell,10632.0,1,1,submit,initial_quote,FLAT_QUOTING
20260305,43262000,09:01:02.000,20260305-AP605-00001,,AP605,target_buy,buy,10148.0,1,1,ack,,FLAT_QUOTING
20260305,43262000,09:01:02.000,20260305-AP605-00002,,AP605,target_sell,sell,10632.0,1,1,ack,,FLAT_QUOTING
20260305,43286000,09:01:26.000,20260305-AP605-00002,,AP605,target_sell,sell,10632.0,1,1,fill,interval_vwap,FLAT_QUOTING
20260305,43286000,09:01:26.000,20260305-AP605-00001,,AP605,target_buy,buy,10148.0,1,1,cancel_requested,opposite_target_fill,FLAT_QUOTING
20260305,43287000,09:01:27.000,20260305-AP605-00001,,AP605,target_buy,buy,10148.0,1,1,cancel_ack,opposite_target_fill,SHORT_PENDING_HEDGE
20260305,43287000,09:01:27.000,20260305-AP605-00003,20260305-AP605-0001,AP604,hedge_entry,buy,,1,1,submit,,SHORT_PENDING_HEDGE
20260305,43287000,09:01:27.000,20260305-AP605-00003,20260305-AP605-0001,AP604,hedge_entry,buy,9972.0,1,1,fill,quote_key=43287000,SHORT_PENDING_HEDGE
20260305,43289000,09:01:29.000,20260305-AP605-00004,20260305-AP605-0001,AP605,target_exit,buy,,1,1,submit,,FLATTENING
20260305,43289000,09:01:29.000,20260305-AP605-00004,20260305-AP605-0001,AP605,target_exit,buy,10414.0,1,1,fill,,FLATTENING
20260305,43289000,09:01:29.000,20260305-AP605-00005,20260305-AP605-0001,AP604,hedge_exit,sell,,1,1,submit,,FLATTENING
20260305,43289000,09:01:29.000,20260305-AP605-00005,20260305-AP605-0001,AP604,hedge_exit,sell,9945.0,1,1,fill,quote_key=43289000,FLATTENING
20260305,43291000,09:01:31.000,20260305-AP605-00006,,AP605,target_buy,buy,10169.0,1,2,submit,initial_quote,FLAT_QUOTING
20260305,43291000,09:01:31.000,20260305-AP605-00007,,AP605,target_sell,sell,10653.0,1,2,submit,initial_quote,FLAT_QUOTING
20260305,43292000,09:01:32.000,20260305-AP605-00006,,AP605,target_buy,buy,10169.0,1,2,ack,,FLAT_QUOTING
20260305,43292000,09:01:32.000,20260305-AP605-00007,,AP605,target_sell,sell,10653.0,1,2,ack,,FLAT_QUOTING
20260305,43512000,09:05:12.000,20260305-AP605-00007,,AP605,target_sell,sell,10653.0,1,2,fill,interval_vwap,FLAT_QUOTING
20260305,43512000,09:05:12.000,20260305-AP605-00006,,AP605,target_buy,buy,10169.0,1,2,cancel_requested,opposite_target_fill,FLAT_QUOTING
20260305,43513000,09:05:13.000,20260305-AP605-00006,,AP605,target_buy,buy,10169.0,1,2,cancel_ack,opposite_target_fill,SHORT_PENDING_HEDGE
20260305,43513000,09:05:13.000,20260305-AP605-00008,20260305-AP605-0002,AP604,hedge_entry,buy,,1,2,submit,,SHORT_PENDING_HEDGE
20260305,43513000,09:05:13.000,20260305-AP605-00008,20260305-AP605-0002,AP604,hedge_entry,buy,9973.0,1,2,fill,quote_key=43513000,SHORT_PENDING_HEDGE
20260305,43515000,09:05:15.000,20260305-AP605-00009,20260305-AP605-0002,AP605,target_exit,buy,,1,2,submit,,FLATTENING
20260305,43515000,09:05:15.000,20260305-AP605-00009,20260305-AP605-0002,AP605,target_exit,buy,10424.0,1,2,fill,,FLATTENING
20260305,43515000,09:05:15.000,20260305-AP605-00010,20260305-AP605-0002,AP604,hedge_exit,sell,,1,2,submit,,FLATTENING
20260305,43515000,09:05:15.000,20260305-AP605-00010,20260305-AP605-0002,AP604,hedge_exit,sell,9953.0,1,2,fill,quote_key=43515000,FLATTENING
20260305,43517000,09:05:17.000,20260305-AP605-00011,,AP605,target_buy,buy,10180.0,1,3,submit,initial_quote,FLAT_QUOTING
20260305,43517000,09:05:17.000,20260305-AP605-00012,,AP605,target_sell,sell,10664.0,1,3,submit,initial_quote,FLAT_QUOTING
20260305,43518000,09:05:18.000,20260305-AP605-00011,,AP605,target_buy,buy,10180.0,1,3,ack,,FLAT_QUOTING
20260305,43518000,09:05:18.000,20260305-AP605-00012,,AP605,target_sell,sell,10664.0,1,3,ack,,FLAT_QUOTING
20260305,43546000,09:05:46.000,20260305-AP605-00012,,AP605,target_sell,sell,10664.0,1,3,fill,interval_vwap,FLAT_QUOTING
20260305,43546000,09:05:46.000,20260305-AP605-00011,,AP605,target_buy,buy,10180.0,1,3,cancel_requested,opposite_target_fill,FLAT_QUOTING
20260305,43547000,09:05:47.000,20260305-AP605-00011,,AP605,target_buy,buy,10180.0,1,3,cancel_ack,opposite_target_fill,SHORT_PENDING_HEDGE
20260305,43547000,09:05:47.000,20260305-AP605-00013,20260305-AP605-0003,AP604,hedge_entry,buy,,1,3,submit,,SHORT_PENDING_HEDGE
20260305,43547000,09:05:47.000,20260305-AP605-00013,20260305-AP605-0003,AP604,hedge_entry,buy,9975.0,1,3,fill,quote_key=43547000,SHORT_PENDING_HEDGE
20260305,43549000,09:05:49.000,20260305-AP605-00014,20260305-AP605-0003,AP605,target_exit,buy,,1,3,submit,,FLATTENING
20260305,43549000,09:05:49.000,20260305-AP605-00014,20260305-AP605-0003,AP605,target_exit,buy,10430.0,1,3,fill,,FLATTENING
20260305,43549000,09:05:49.000,20260305-AP605-00015,20260305-AP605-0003,AP604,hedge_exit,sell,,1,3,submit,,FLATTENING
20260305,43549000,09:05:49.000,20260305-AP605-00015,20260305-AP605-0003,AP604,hedge_exit,sell,9961.0,1,3,fill,quote_key=43549000,FLATTENING
20260305,43551000,09:05:51.000,20260305-AP605-00016,,AP605,target_buy,buy,10170.0,1,4,submit,initial_quote,FLAT_QUOTING
20260305,43551000,09:05:51.000,20260305-AP605-00017,,AP605,target_sell,sell,10654.0,1,4,submit,initial_quote,FLAT_QUOTING
20260305,43552000,09:05:52.000,20260305-AP605-00016,,AP605,target_buy,buy,10170.0,1,4,ack,,FLAT_QUOTING
20260305,43552000,09:05:52.000,20260305-AP605-00017,,AP605,target_sell,sell,10654.0,1,4,ack,,FLAT_QUOTING
20260305,43571000,09:06:11.000,20260305-AP605-00017,,AP605,target_sell,sell,10654.0,1,4,fill,interval_vwap,FLAT_QUOTING
20260305,43571000,09:06:11.000,20260305-AP605-00016,,AP605,target_buy,buy,10170.0,1,4,cancel_requested,opposite_target_fill,FLAT_QUOTING
20260305,43572000,09:06:12.000,20260305-AP605-00016,,AP605,target_buy,buy,10170.0,1,4,cancel_ack,opposite_target_fill,SHORT_PENDING_HEDGE
20260305,43572000,09:06:12.000,20260305-AP605-00018,20260305-AP605-0004,AP604,hedge_entry,buy,,1,4,submit,,SHORT_PENDING_HEDGE
20260305,43572000,09:06:12.000,20260305-AP605-00018,20260305-AP605-0004,AP604,hedge_entry,buy,9960.0,1,4,fill,quote_key=43572000,SHORT_PENDING_HEDGE
20260305,43574000,09:06:14.000,20260305-AP605-00019,20260305-AP605-0004,AP605,target_exit,buy,,1,4,submit,,FLATTENING
20260305,43574000,09:06:14.000,20260305-AP605-00019,20260305-AP605-0004,AP605,target_exit,buy,10412.0,1,4,fill,,FLATTENING
20260305,43574000,09:06:14.000,20260305-AP605-00020,20260305-AP605-0004,AP604,hedge_exit,sell,,1,4,submit,,FLATTENING
20260305,43574000,09:06:14.000,20260305-AP605-00020,20260305-AP605-0004,AP604,hedge_exit,sell,9942.0,1,4,fill,quote_key=43574000,FLATTENING
20260305,43576000,09:06:16.000,20260305-AP605-00021,,AP605,target_buy,buy,10161.0,1,5,submit,initial_quote,FLAT_QUOTING
20260305,43576000,09:06:16.000,20260305-AP605-00022,,AP605,target_sell,sell,10645.0,1,5,submit,initial_quote,FLAT_QUOTING
20260305,43577000,09:06:17.000,20260305-AP605-00021,,AP605,target_buy,buy,10161.0,1,5,ack,,FLAT_QUOTING
20260305,43577000,09:06:17.000,20260305-AP605-00022,,AP605,target_sell,sell,10645.0,1,5,ack,,FLAT_QUOTING
20260305,44112000,09:15:12.000,20260305-AP605-00022,,AP605,target_sell,sell,10645.0,1,5,fill,interval_vwap,FLAT_QUOTING
20260305,44112000,09:15:12.000,20260305-AP605-00021,,AP605,target_buy,buy,10161.0,1,5,cancel_requested,opposite_target_fill,FLAT_QUOTING
20260305,44113000,09:15:13.000,20260305-AP605-00021,,AP605,target_buy,buy,10161.0,1,5,cancel_ack,opposite_target_fill,SHORT_PENDING_HEDGE
20260305,44113000,09:15:13.000,20260305-AP605-00023,20260305-AP605-0005,AP604,hedge_entry,buy,,1,5,submit,,SHORT_PENDING_HEDGE
20260305,44113000,09:15:13.000,20260305-AP605-00023,20260305-AP605-0005,AP604,hedge_entry,buy,9980.0,1,5,fill,quote_key=44113000,SHORT_PENDING_HEDGE
20260305,44115000,09:15:15.000,20260305-AP605-00024,20260305-AP605-0005,AP605,target_exit,buy,,1,5,submit,,FLATTENING
20260305,44115000,09:15:15.000,20260305-AP605-00024,20260305-AP605-0005,AP605,target_exit,buy,10446.0,1,5,fill,,FLATTENING
20260305,44115000,09:15:15.000,20260305-AP605-00025,20260305-AP605-0005,AP604,hedge_exit,sell,,1,5,submit,,FLATTENING
20260305,44115000,09:15:15.000,20260305-AP605-00025,20260305-AP605-0005,AP604,hedge_exit,sell,9975.0,1,5,fill,quote_key=44115000,FLATTENING
20260305,44117000,09:15:17.000,20260305-AP605-00026,,AP605,target_buy,buy,10197.0,1,6,submit,initial_quote,FLAT_QUOTING
20260305,44117000,09:15:17.000,20260305-AP605-00027,,AP605,target_sell,sell,10681.0,1,6,submit,initial_quote,FLAT_QUOTING
20260305,44118000,09:15:18.000,20260305-AP605-00026,,AP605,target_buy,buy,10197.0,1,6,ack,,FLAT_QUOTING
20260305,44118000,09:15:18.000,20260305-AP605-00027,,AP605,target_sell,sell,10681.0,1,6,ack,,FLAT_QUOTING
20260305,44272000,09:17:52.000,20260305-AP605-00027,,AP605,target_sell,sell,10681.0,1,6,fill,interval_vwap,FLAT_QUOTING
20260305,44272000,09:17:52.000,20260305-AP605-00026,,AP605,target_buy,buy,10197.0,1,6,cancel_requested,opposite_target_fill,FLAT_QUOTING
20260305,44273000,09:17:53.000,20260305-AP605-00026,,AP605,target_buy,buy,10197.0,1,6,cancel_ack,opposite_target_fill,SHORT_PENDING_HEDGE
20260305,44273000,09:17:53.000,20260305-AP605-00028,20260305-AP605-0006,AP604,hedge_entry,buy,,1,6,submit,,SHORT_PENDING_HEDGE
20260305,44273000,09:17:53.000,20260305-AP605-00028,20260305-AP605-0006,AP604,hedge_entry,buy,10025.0,1,6,fill,quote_key=44273000,SHORT_PENDING_HEDGE
20260305,44275000,09:17:55.000,20260305-AP605-00029,20260305-AP605-0006,AP605,target_exit,buy,,1,6,submit,,FLATTENING
20260305,44275000,09:17:55.000,20260305-AP605-00029,20260305-AP605-0006,AP605,target_exit,buy,10475.0,1,6,fill,,FLATTENING
20260305,44275000,09:17:55.000,20260305-AP605-00030,20260305-AP605-0006,AP604,hedge_exit,sell,,1,6,submit,,FLATTENING
20260305,44275000,09:17:55.000,20260305-AP605-00030,20260305-AP605-0006,AP604,hedge_exit,sell,9992.0,1,6,fill,quote_key=44275000,FLATTENING
20260305,44277000,09:17:57.000,20260305-AP605-00031,,AP605,target_buy,buy,10225.0,1,7,submit,initial_quote,FLAT_QUOTING
20260305,44277000,09:17:57.000,20260305-AP605-00032,,AP605,target_sell,sell,10709.0,1,7,submit,initial_quote,FLAT_QUOTING
20260305,44278000,09:17:58.000,20260305-AP605-00031,,AP605,target_buy,buy,10225.0,1,7,ack,,FLAT_QUOTING
20260305,44278000,09:17:58.000,20260305-AP605-00032,,AP605,target_sell,sell,10709.0,1,7,ack,,FLAT_QUOTING
20260305,44480000,09:21:20.000,20260305-AP605-00032,,AP605,target_sell,sell,10709.0,1,7,fill,interval_vwap,FLAT_QUOTING
20260305,44480000,09:21:20.000,20260305-AP605-00031,,AP605,target_buy,buy,10225.0,1,7,cancel_requested,opposite_target_fill,FLAT_QUOTING
20260305,44481000,09:21:21.000,20260305-AP605-00031,,AP605,target_buy,buy,10225.0,1,7,cancel_ack,opposite_target_fill,SHORT_PENDING_HEDGE
20260305,44481000,09:21:21.000,20260305-AP605-00033,20260305-AP605-0007,AP604,hedge_entry,buy,,1,7,submit,,SHORT_PENDING_HEDGE
20260305,44481000,09:21:21.000,20260305-AP605-00033,20260305-AP605-0007,AP604,hedge_entry,buy,10059.0,1,7,fill,quote_key=44480000,SHORT_PENDING_HEDGE
20260305,44483000,09:21:23.000,20260305-AP605-00034,20260305-AP605-0007,AP605,target_exit,buy,,1,7,submit,,FLATTENING
20260305,44483000,09:21:23.000,20260305-AP605-00034,20260305-AP605-0007,AP605,target_exit,buy,10492.0,1,7,fill,,FLATTENING
20260305,44483000,09:21:23.000,20260305-AP605-00035,20260305-AP605-0007,AP604,hedge_exit,sell,,1,7,submit,,FLATTENING
20260305,44483000,09:21:23.000,20260305-AP605-00035,20260305-AP605-0007,AP604,hedge_exit,sell,10015.0,1,7,fill,quote_key=44480000,FLATTENING
20260305,44490000,09:21:30.000,20260305-AP605-00036,,AP605,target_buy,buy,10247.0,1,8,submit,initial_quote,FLAT_QUOTING
20260305,44490000,09:21:30.000,20260305-AP605-00037,,AP605,target_sell,sell,10731.0,1,8,submit,initial_quote,FLAT_QUOTING
20260305,44491000,09:21:31.000,20260305-AP605-00036,,AP605,target_buy,buy,10247.0,1,8,ack,,FLAT_QUOTING
20260305,44491000,09:21:31.000,20260305-AP605-00037,,AP605,target_sell,sell,10731.0,1,8,ack,,FLAT_QUOTING
20260305,44552000,09:22:32.000,20260305-AP605-00037,,AP605,target_sell,sell,10731.0,1,8,fill,interval_vwap,FLAT_QUOTING
20260305,44552000,09:22:32.000,20260305-AP605-00036,,AP605,target_buy,buy,10247.0,1,8,cancel_requested,opposite_target_fill,FLAT_QUOTING
20260305,44553000,09:22:33.000,20260305-AP605-00036,,AP605,target_buy,buy,10247.0,1,8,cancel_ack,opposite_target_fill,SHORT_PENDING_HEDGE
20260305,44553000,09:22:33.000,20260305-AP605-00038,20260305-AP605-0008,AP604,hedge_entry,buy,,1,8,submit,,SHORT_PENDING_HEDGE
20260305,44553000,09:22:33.000,20260305-AP605-00038,20260305-AP605-0008,AP604,hedge_entry,buy,10054.0,1,8,fill,quote_key=44553000,SHORT_PENDING_HEDGE
20260305,44555000,09:22:35.000,20260305-AP605-00039,20260305-AP605-0008,AP605,target_exit,buy,,1,8,submit,,FLATTENING
20260305,44555000,09:22:35.000,20260305-AP605-00039,20260305-AP605-0008,AP605,target_exit,buy,10516.0,1,8,fill,,FLATTENING
20260305,44555000,09:22:35.000,20260305-AP605-00040,20260305-AP605-0008,AP604,hedge_exit,sell,,1,8,submit,,FLATTENING
20260305,44555000,09:22:35.000,20260305-AP605-00040,20260305-AP605-0008,AP604,hedge_exit,sell,10022.0,1,8,fill,quote_key=44554000,FLATTENING
20260305,44557000,09:22:37.000,20260305-AP605-00041,,AP605,target_buy,buy,10273.0,1,9,submit,initial_quote,FLAT_QUOTING
20260305,44557000,09:22:37.000,20260305-AP605-00042,,AP605,target_sell,sell,10757.0,1,9,submit,initial_quote,FLAT_QUOTING
20260305,44558000,09:22:38.000,20260305-AP605-00041,,AP605,target_buy,buy,10273.0,1,9,ack,,FLAT_QUOTING
20260305,44558000,09:22:38.000,20260305-AP605-00042,,AP605,target_sell,sell,10757.0,1,9,ack,,FLAT_QUOTING
20260305,46621000,09:57:01.000,20260305-AP605-00042,,AP605,target_sell,sell,10757.0,1,9,fill,interval_vwap,FLAT_QUOTING
20260305,46621000,09:57:01.000,20260305-AP605-00041,,AP605,target_buy,buy,10273.0,1,9,cancel_requested,opposite_target_fill,FLAT_QUOTING
20260305,46622000,09:57:02.000,20260305-AP605-00041,,AP605,target_buy,buy,10273.0,1,9,cancel_ack,opposite_target_fill,SHORT_PENDING_HEDGE
20260305,46622000,09:57:02.000,20260305-AP605-00043,20260305-AP605-0009,AP604,hedge_entry,buy,,1,9,submit,,SHORT_PENDING_HEDGE
20260305,46622000,09:57:02.000,20260305-AP605-00043,20260305-AP605-0009,AP604,hedge_entry,buy,10097.0,1,9,fill,quote_key=46622000,SHORT_PENDING_HEDGE
20260305,46624000,09:57:04.000,20260305-AP605-00044,20260305-AP605-0009,AP605,target_exit,buy,,1,9,submit,,FLATTENING
20260305,46624000,09:57:04.000,20260305-AP605-00044,20260305-AP605-0009,AP605,target_exit,buy,10559.0,1,9,fill,,FLATTENING
20260305,46624000,09:57:04.000,20260305-AP605-00045,20260305-AP605-0009,AP604,hedge_exit,sell,,1,9,submit,,FLATTENING
20260305,46624000,09:57:04.000,20260305-AP605-00045,20260305-AP605-0009,AP604,hedge_exit,sell,10063.0,1,9,fill,quote_key=46624000,FLATTENING
20260305,46626000,09:57:06.000,20260305-AP605-00046,,AP605,target_buy,buy,10313.0,1,10,submit,initial_quote,FLAT_QUOTING
20260305,46626000,09:57:06.000,20260305-AP605-00047,,AP605,target_sell,sell,10797.0,1,10,submit,initial_quote,FLAT_QUOTING
20260305,46627000,09:57:07.000,20260305-AP605-00046,,AP605,target_buy,buy,10313.0,1,10,ack,,FLAT_QUOTING
20260305,46627000,09:57:07.000,20260305-AP605-00047,,AP605,target_sell,sell,10797.0,1,10,ack,,FLAT_QUOTING
20260305,47077000,10:04:37.000,20260305-AP605-00047,,AP605,target_sell,sell,10797.0,1,10,fill,interval_vwap,FLAT_QUOTING
20260305,47077000,10:04:37.000,20260305-AP605-00046,,AP605,target_buy,buy,10313.0,1,10,cancel_requested,opposite_target_fill,FLAT_QUOTING
20260305,47078000,10:04:38.000,20260305-AP605-00046,,AP605,target_buy,buy,10313.0,1,10,cancel_ack,opposite_target_fill,SHORT_PENDING_HEDGE
20260305,47078000,10:04:38.000,20260305-AP605-00048,20260305-AP605-0010,AP604,hedge_entry,buy,,1,10,submit,,SHORT_PENDING_HEDGE
20260305,47078000,10:04:38.000,20260305-AP605-00048,20260305-AP605-0010,AP604,hedge_entry,buy,10083.0,1,10,fill,quote_key=47078000,SHORT_PENDING_HEDGE
20260305,47080000,10:04:40.000,20260305-AP605-00049,20260305-AP605-0010,AP605,target_exit,buy,,1,10,submit,,FLATTENING
20260305,47080000,10:04:40.000,20260305-AP605-00049,20260305-AP605-0010,AP605,target_exit,buy,10603.0,1,10,fill,,FLATTENING
20260305,47080000,10:04:40.000,20260305-AP605-00050,20260305-AP605-0010,AP604,hedge_exit,sell,,1,10,submit,,FLATTENING
20260305,47080000,10:04:40.000,20260305-AP605-00050,20260305-AP605-0010,AP604,hedge_exit,sell,10052.0,1,10,fill,quote_key=47080000,FLATTENING
20260305,47082000,10:04:42.000,20260305-AP605-00051,,AP605,target_buy,buy,10363.0,1,11,submit,initial_quote,FLAT_QUOTING
20260305,47082000,10:04:42.000,20260305-AP605-00052,,AP605,target_sell,sell,10847.0,1,11,submit,initial_quote,FLAT_QUOTING
20260305,47083000,10:04:43.000,20260305-AP605-00051,,AP605,target_buy,buy,10363.0,1,11,ack,,FLAT_QUOTING
20260305,47083000,10:04:43.000,20260305-AP605-00052,,AP605,target_sell,sell,10847.0,1,11,ack,,FLAT_QUOTING
20260305,47700000,10:15:00.000,20260305-AP605-00051,,AP605,target_buy,buy,10363.0,1,11,cancel_requested,fair_invalid_or_session_guard,PAUSED
20260305,47700000,10:15:00.000,20260305-AP605-00052,,AP605,target_sell,sell,10847.0,1,11,cancel_requested,fair_invalid_or_session_guard,PAUSED
20260305,48600000,10:30:00.000,20260305-AP605-00051,,AP605,target_buy,buy,10363.0,1,11,cancel_ack,fair_invalid_or_session_guard,PAUSED
20260305,48600000,10:30:00.000,20260305-AP605-00052,,AP605,target_sell,sell,10847.0,1,11,cancel_ack,fair_invalid_or_session_guard,PAUSED
20260305,48661000,10:31:01.000,20260305-AP605-00053,,AP605,target_buy,buy,10351.0,1,12,submit,initial_quote,FLAT_QUOTING
20260305,48661000,10:31:01.000,20260305-AP605-00054,,AP605,target_sell,sell,10835.0,1,12,submit,initial_quote,FLAT_QUOTING
20260305,48662000,10:31:02.000,20260305-AP605-00053,,AP605,target_buy,buy,10351.0,1,12,ack,,FLAT_QUOTING
20260305,48662000,10:31:02.000,20260305-AP605-00054,,AP605,target_sell,sell,10835.0,1,12,ack,,FLAT_QUOTING
20260305,52063000,11:27:43.000,20260305-AP605-00053,,AP605,target_buy,buy,10351.0,1,12,cancel_requested,reanchor,REPLACE_PENDING
20260305,52063000,11:27:43.000,20260305-AP605-00054,,AP605,target_sell,sell,10835.0,1,12,cancel_requested,reanchor,REPLACE_PENDING
20260305,52064000,11:27:44.000,20260305-AP605-00053,,AP605,target_buy,buy,10351.0,1,12,cancel_ack,reanchor,REPLACE_PENDING
20260305,52064000,11:27:44.000,20260305-AP605-00054,,AP605,target_sell,sell,10835.0,1,12,cancel_ack,reanchor,REPLACE_PENDING
20260305,52064000,11:27:44.000,20260305-AP605-00055,,AP605,target_buy,buy,10400.0,1,13,submit,reanchor_replace,REPLACE_PENDING
20260305,52064000,11:27:44.000,20260305-AP605-00056,,AP605,target_sell,sell,10884.0,1,13,submit,reanchor_replace,REPLACE_PENDING
20260305,52065000,11:27:45.000,20260305-AP605-00055,,AP605,target_buy,buy,10400.0,1,13,ack,,REPLACE_PENDING
20260305,52065000,11:27:45.000,20260305-AP605-00056,,AP605,target_sell,sell,10884.0,1,13,ack,,REPLACE_PENDING
20260305,52200000,11:30:00.000,20260305-AP605-00055,,AP605,target_buy,buy,10400.0,1,13,cancel_requested,fair_invalid_or_session_guard,PAUSED
20260305,52200000,11:30:00.000,20260305-AP605-00056,,AP605,target_sell,sell,10884.0,1,13,cancel_requested,fair_invalid_or_session_guard,PAUSED
20260305,59400000,13:30:00.000,20260305-AP605-00055,,AP605,target_buy,buy,10400.0,1,13,cancel_ack,fair_invalid_or_session_guard,PAUSED
20260305,59400000,13:30:00.000,20260305-AP605-00056,,AP605,target_sell,sell,10884.0,1,13,cancel_ack,fair_invalid_or_session_guard,PAUSED
20260305,59461000,13:31:01.000,20260305-AP605-00057,,AP605,target_buy,buy,10489.0,1,14,submit,initial_quote,FLAT_QUOTING
20260305,59461000,13:31:01.000,20260305-AP605-00058,,AP605,target_sell,sell,10973.0,1,14,submit,initial_quote,FLAT_QUOTING
20260305,59462000,13:31:02.000,20260305-AP605-00057,,AP605,target_buy,buy,10489.0,1,14,ack,,FLAT_QUOTING
20260305,59462000,13:31:02.000,20260305-AP605-00058,,AP605,target_sell,sell,10973.0,1,14,ack,,FLAT_QUOTING
20260305,64800000,15:00:00.000,20260305-AP605-00057,,AP605,target_buy,buy,10489.0,1,14,cancel_requested,fair_invalid_or_session_guard,PAUSED
20260305,64800000,15:00:00.000,20260305-AP605-00058,,AP605,target_sell,sell,10973.0,1,14,cancel_requested,fair_invalid_or_session_guard,PAUSED
20260305,64800000,15:00:00.000,20260305-AP605-00057,,AP605,target_buy,buy,10489.0,1,14,expired,end_of_day,PAUSED
20260305,64800000,15:00:00.000,20260305-AP605-00058,,AP605,target_sell,sell,10973.0,1,14,expired,end_of_day,PAUSED
20260306,43261000,09:01:01.000,20260306-AP605-00001,,AP605,target_buy,buy,10366.0,1,1,submit,initial_quote,FLAT_QUOTING
20260306,43261000,09:01:01.000,20260306-AP605-00002,,AP605,target_sell,sell,10850.0,1,1,submit,initial_quote,FLAT_QUOTING
20260306,43262000,09:01:02.000,20260306-AP605-00001,,AP605,target_buy,buy,10366.0,1,1,ack,,FLAT_QUOTING
20260306,43262000,09:01:02.000,20260306-AP605-00002,,AP605,target_sell,sell,10850.0,1,1,ack,,FLAT_QUOTING
20260306,43284000,09:01:24.000,20260306-AP605-00001,,AP605,target_buy,buy,10366.0,1,1,fill,interval_vwap,FLAT_QUOTING
20260306,43284000,09:01:24.000,20260306-AP605-00002,,AP605,target_sell,sell,10850.0,1,1,cancel_requested,opposite_target_fill,FLAT_QUOTING
20260306,43285000,09:01:25.000,20260306-AP605-00002,,AP605,target_sell,sell,10850.0,1,1,cancel_ack,opposite_target_fill,LONG_PENDING_HEDGE
20260306,43285000,09:01:25.000,20260306-AP605-00003,20260306-AP605-0001,AP604,hedge_entry,sell,,1,1,submit,,LONG_PENDING_HEDGE
20260306,43285000,09:01:25.000,20260306-AP605-00003,20260306-AP605-0001,AP604,hedge_entry,sell,9954.0,1,1,fill,quote_key=43285000,LONG_PENDING_HEDGE
20260306,43287000,09:01:27.000,20260306-AP605-00004,20260306-AP605-0001,AP605,target_exit,sell,,1,1,submit,,FLATTENING
20260306,43287000,09:01:27.000,20260306-AP605-00004,20260306-AP605-0001,AP605,target_exit,sell,10586.0,1,1,fill,,FLATTENING
20260306,43287000,09:01:27.000,20260306-AP605-00005,20260306-AP605-0001,AP604,hedge_exit,buy,,1,1,submit,,FLATTENING
20260306,43287000,09:01:27.000,20260306-AP605-00005,20260306-AP605-0001,AP604,hedge_exit,buy,9987.0,1,1,fill,quote_key=43287000,FLATTENING
20260306,43289000,09:01:29.000,20260306-AP605-00006,,AP605,target_buy,buy,10343.0,1,2,submit,initial_quote,FLAT_QUOTING
20260306,43289000,09:01:29.000,20260306-AP605-00007,,AP605,target_sell,sell,10827.0,1,2,submit,initial_quote,FLAT_QUOTING
20260306,43290000,09:01:30.000,20260306-AP605-00006,,AP605,target_buy,buy,10343.0,1,2,ack,,FLAT_QUOTING
20260306,43290000,09:01:30.000,20260306-AP605-00007,,AP605,target_sell,sell,10827.0,1,2,ack,,FLAT_QUOTING
20260306,43375000,09:02:55.000,20260306-AP605-00006,,AP605,target_buy,buy,10343.0,1,2,fill,interval_vwap,FLAT_QUOTING
20260306,43375000,09:02:55.000,20260306-AP605-00007,,AP605,target_sell,sell,10827.0,1,2,cancel_requested,opposite_target_fill,FLAT_QUOTING
20260306,43376000,09:02:56.000,20260306-AP605-00007,,AP605,target_sell,sell,10827.0,1,2,cancel_ack,opposite_target_fill,LONG_PENDING_HEDGE
20260306,43376000,09:02:56.000,20260306-AP605-00008,20260306-AP605-0002,AP604,hedge_entry,sell,,1,2,submit,,LONG_PENDING_HEDGE
20260306,43376000,09:02:56.000,20260306-AP605-00008,20260306-AP605-0002,AP604,hedge_entry,sell,9931.0,1,2,fill,quote_key=43376000,LONG_PENDING_HEDGE
20260306,43378000,09:02:58.000,20260306-AP605-00009,20260306-AP605-0002,AP605,target_exit,sell,,1,2,submit,,FLATTENING
20260306,43378000,09:02:58.000,20260306-AP605-00009,20260306-AP605-0002,AP605,target_exit,sell,10534.0,1,2,fill,,FLATTENING
20260306,43378000,09:02:58.000,20260306-AP605-00010,20260306-AP605-0002,AP604,hedge_exit,buy,,1,2,submit,,FLATTENING
20260306,43378000,09:02:58.000,20260306-AP605-00010,20260306-AP605-0002,AP604,hedge_exit,buy,9955.0,1,2,fill,quote_key=43378000,FLATTENING
20260306,43380000,09:03:00.000,20260306-AP605-00011,,AP605,target_buy,buy,10300.0,1,3,submit,initial_quote,FLAT_QUOTING
20260306,43380000,09:03:00.000,20260306-AP605-00012,,AP605,target_sell,sell,10784.0,1,3,submit,initial_quote,FLAT_QUOTING
20260306,43381000,09:03:01.000,20260306-AP605-00011,,AP605,target_buy,buy,10300.0,1,3,ack,,FLAT_QUOTING
20260306,43381000,09:03:01.000,20260306-AP605-00012,,AP605,target_sell,sell,10784.0,1,3,ack,,FLAT_QUOTING
20260306,43387000,09:03:07.000,20260306-AP605-00011,,AP605,target_buy,buy,10300.0,1,3,fill,interval_vwap,FLAT_QUOTING
20260306,43387000,09:03:07.000,20260306-AP605-00012,,AP605,target_sell,sell,10784.0,1,3,cancel_requested,opposite_target_fill,FLAT_QUOTING
20260306,43388000,09:03:08.000,20260306-AP605-00012,,AP605,target_sell,sell,10784.0,1,3,cancel_ack,opposite_target_fill,LONG_PENDING_HEDGE
20260306,43388000,09:03:08.000,20260306-AP605-00013,20260306-AP605-0003,AP604,hedge_entry,sell,,1,3,submit,,LONG_PENDING_HEDGE
20260306,43388000,09:03:08.000,20260306-AP605-00013,20260306-AP605-0003,AP604,hedge_entry,sell,9954.0,1,3,fill,quote_key=43388000,LONG_PENDING_HEDGE
20260306,43390000,09:03:10.000,20260306-AP605-00014,20260306-AP605-0003,AP605,target_exit,sell,,1,3,submit,,FLATTENING
20260306,43390000,09:03:10.000,20260306-AP605-00014,20260306-AP605-0003,AP605,target_exit,sell,10557.0,1,3,fill,,FLATTENING
20260306,43390000,09:03:10.000,20260306-AP605-00015,20260306-AP605-0003,AP604,hedge_exit,buy,,1,3,submit,,FLATTENING
20260306,43390000,09:03:10.000,20260306-AP605-00015,20260306-AP605-0003,AP604,hedge_exit,buy,9982.0,1,3,fill,quote_key=43390000,FLATTENING
20260306,43392000,09:03:12.000,20260306-AP605-00016,,AP605,target_buy,buy,10307.0,1,4,submit,initial_quote,FLAT_QUOTING
20260306,43392000,09:03:12.000,20260306-AP605-00017,,AP605,target_sell,sell,10791.0,1,4,submit,initial_quote,FLAT_QUOTING
20260306,43393000,09:03:13.000,20260306-AP605-00016,,AP605,target_buy,buy,10307.0,1,4,ack,,FLAT_QUOTING
20260306,43393000,09:03:13.000,20260306-AP605-00017,,AP605,target_sell,sell,10791.0,1,4,ack,,FLAT_QUOTING
20260306,43618000,09:06:58.000,20260306-AP605-00016,,AP605,target_buy,buy,10307.0,1,4,fill,interval_vwap,FLAT_QUOTING
20260306,43618000,09:06:58.000,20260306-AP605-00017,,AP605,target_sell,sell,10791.0,1,4,cancel_requested,opposite_target_fill,FLAT_QUOTING
20260306,43619000,09:06:59.000,20260306-AP605-00017,,AP605,target_sell,sell,10791.0,1,4,cancel_ack,opposite_target_fill,LONG_PENDING_HEDGE
20260306,43619000,09:06:59.000,20260306-AP605-00018,20260306-AP605-0004,AP604,hedge_entry,sell,,1,4,submit,,LONG_PENDING_HEDGE
20260306,43619000,09:06:59.000,20260306-AP605-00018,20260306-AP605-0004,AP604,hedge_entry,sell,9829.0,1,4,fill,quote_key=43619000,LONG_PENDING_HEDGE
20260306,43621000,09:07:01.000,20260306-AP605-00019,20260306-AP605-0004,AP605,target_exit,sell,,1,4,submit,,FLATTENING
20260306,43621000,09:07:01.000,20260306-AP605-00019,20260306-AP605-0004,AP605,target_exit,sell,10471.0,1,4,fill,,FLATTENING
20260306,43621000,09:07:01.000,20260306-AP605-00020,20260306-AP605-0004,AP604,hedge_exit,buy,,1,4,submit,,FLATTENING
20260306,43621000,09:07:01.000,20260306-AP605-00020,20260306-AP605-0004,AP604,hedge_exit,buy,9874.0,1,4,fill,quote_key=43621000,FLATTENING
20260306,43623000,09:07:03.000,20260306-AP605-00021,,AP605,target_buy,buy,10225.0,1,5,submit,initial_quote,FLAT_QUOTING
20260306,43623000,09:07:03.000,20260306-AP605-00022,,AP605,target_sell,sell,10709.0,1,5,submit,initial_quote,FLAT_QUOTING
20260306,43624000,09:07:04.000,20260306-AP605-00021,,AP605,target_buy,buy,10225.0,1,5,ack,,FLAT_QUOTING
20260306,43624000,09:07:04.000,20260306-AP605-00022,,AP605,target_sell,sell,10709.0,1,5,ack,,FLAT_QUOTING
20260306,44742000,09:25:42.000,20260306-AP605-00021,,AP605,target_buy,buy,10225.0,1,5,cancel_requested,reanchor,REPLACE_PENDING
20260306,44742000,09:25:42.000,20260306-AP605-00022,,AP605,target_sell,sell,10709.0,1,5,cancel_requested,reanchor,REPLACE_PENDING
20260306,44743000,09:25:43.000,20260306-AP605-00021,,AP605,target_buy,buy,10225.0,1,5,cancel_ack,reanchor,REPLACE_PENDING
20260306,44743000,09:25:43.000,20260306-AP605-00022,,AP605,target_sell,sell,10709.0,1,5,cancel_ack,reanchor,REPLACE_PENDING
20260306,44743000,09:25:43.000,20260306-AP605-00023,,AP605,target_buy,buy,10176.0,1,6,submit,reanchor_replace,REPLACE_PENDING
20260306,44743000,09:25:43.000,20260306-AP605-00024,,AP605,target_sell,sell,10660.0,1,6,submit,reanchor_replace,REPLACE_PENDING
20260306,44744000,09:25:44.000,20260306-AP605-00023,,AP605,target_buy,buy,10176.0,1,6,ack,,REPLACE_PENDING
20260306,44744000,09:25:44.000,20260306-AP605-00024,,AP605,target_sell,sell,10660.0,1,6,ack,,REPLACE_PENDING
20260306,47410000,10:10:10.000,20260306-AP605-00023,,AP605,target_buy,buy,10176.0,1,6,cancel_requested,data_gap,PAUSED
20260306,47410000,10:10:10.000,20260306-AP605-00024,,AP605,target_sell,sell,10660.0,1,6,cancel_requested,data_gap,PAUSED
20260306,47411000,10:10:11.000,20260306-AP605-00023,,AP605,target_buy,buy,10176.0,1,6,cancel_ack,data_gap,PAUSED
20260306,47411000,10:10:11.000,20260306-AP605-00024,,AP605,target_sell,sell,10660.0,1,6,cancel_ack,data_gap,PAUSED
20260306,47412000,10:10:12.000,20260306-AP605-00025,,AP605,target_buy,buy,10145.0,1,7,submit,initial_quote,FLAT_QUOTING
20260306,47412000,10:10:12.000,20260306-AP605-00026,,AP605,target_sell,sell,10629.0,1,7,submit,initial_quote,FLAT_QUOTING
20260306,47413000,10:10:13.000,20260306-AP605-00025,,AP605,target_buy,buy,10145.0,1,7,ack,,FLAT_QUOTING
20260306,47413000,10:10:13.000,20260306-AP605-00026,,AP605,target_sell,sell,10629.0,1,7,ack,,FLAT_QUOTING
20260306,47625000,10:13:45.000,20260306-AP605-00025,,AP605,target_buy,buy,10145.0,1,7,cancel_requested,data_gap,PAUSED
20260306,47625000,10:13:45.000,20260306-AP605-00026,,AP605,target_sell,sell,10629.0,1,7,cancel_requested,data_gap,PAUSED
20260306,47626000,10:13:46.000,20260306-AP605-00025,,AP605,target_buy,buy,10145.0,1,7,cancel_ack,data_gap,PAUSED
20260306,47626000,10:13:46.000,20260306-AP605-00026,,AP605,target_sell,sell,10629.0,1,7,cancel_ack,data_gap,PAUSED
20260306,47628000,10:13:48.000,20260306-AP605-00027,,AP605,target_buy,buy,10142.0,1,8,submit,initial_quote,FLAT_QUOTING
20260306,47628000,10:13:48.000,20260306-AP605-00028,,AP605,target_sell,sell,10626.0,1,8,submit,initial_quote,FLAT_QUOTING
20260306,47629000,10:13:49.000,20260306-AP605-00027,,AP605,target_buy,buy,10142.0,1,8,ack,,FLAT_QUOTING
20260306,47629000,10:13:49.000,20260306-AP605-00028,,AP605,target_sell,sell,10626.0,1,8,ack,,FLAT_QUOTING
20260306,47700000,10:15:00.000,20260306-AP605-00027,,AP605,target_buy,buy,10142.0,1,8,cancel_requested,fair_invalid_or_session_guard,PAUSED
20260306,47700000,10:15:00.000,20260306-AP605-00028,,AP605,target_sell,sell,10626.0,1,8,cancel_requested,fair_invalid_or_session_guard,PAUSED
20260306,48600000,10:30:00.000,20260306-AP605-00027,,AP605,target_buy,buy,10142.0,1,8,cancel_ack,fair_invalid_or_session_guard,PAUSED
20260306,48600000,10:30:00.000,20260306-AP605-00028,,AP605,target_sell,sell,10626.0,1,8,cancel_ack,fair_invalid_or_session_guard,PAUSED
20260306,48661000,10:31:01.000,20260306-AP605-00029,,AP605,target_buy,buy,10155.0,1,9,submit,initial_quote,FLAT_QUOTING
20260306,48661000,10:31:01.000,20260306-AP605-00030,,AP605,target_sell,sell,10639.0,1,9,submit,initial_quote,FLAT_QUOTING
20260306,48662000,10:31:02.000,20260306-AP605-00029,,AP605,target_buy,buy,10155.0,1,9,ack,,FLAT_QUOTING
20260306,48662000,10:31:02.000,20260306-AP605-00030,,AP605,target_sell,sell,10639.0,1,9,ack,,FLAT_QUOTING
20260306,49610000,10:46:50.000,20260306-AP605-00029,,AP605,target_buy,buy,10155.0,1,9,cancel_requested,data_gap,PAUSED
20260306,49610000,10:46:50.000,20260306-AP605-00030,,AP605,target_sell,sell,10639.0,1,9,cancel_requested,data_gap,PAUSED
20260306,49611000,10:46:51.000,20260306-AP605-00029,,AP605,target_buy,buy,10155.0,1,9,cancel_ack,data_gap,PAUSED
20260306,49611000,10:46:51.000,20260306-AP605-00030,,AP605,target_sell,sell,10639.0,1,9,cancel_ack,data_gap,PAUSED
20260306,49613000,10:46:53.000,20260306-AP605-00031,,AP605,target_buy,buy,10143.0,1,10,submit,initial_quote,FLAT_QUOTING
20260306,49613000,10:46:53.000,20260306-AP605-00032,,AP605,target_sell,sell,10627.0,1,10,submit,initial_quote,FLAT_QUOTING
20260306,49614000,10:46:54.000,20260306-AP605-00031,,AP605,target_buy,buy,10143.0,1,10,ack,,FLAT_QUOTING
20260306,49614000,10:46:54.000,20260306-AP605-00032,,AP605,target_sell,sell,10627.0,1,10,ack,,FLAT_QUOTING
20260306,49712000,10:48:32.000,20260306-AP605-00031,,AP605,target_buy,buy,10143.0,1,10,cancel_requested,data_gap,PAUSED
20260306,49712000,10:48:32.000,20260306-AP605-00032,,AP605,target_sell,sell,10627.0,1,10,cancel_requested,data_gap,PAUSED
20260306,49713000,10:48:33.000,20260306-AP605-00031,,AP605,target_buy,buy,10143.0,1,10,cancel_ack,data_gap,PAUSED
20260306,49713000,10:48:33.000,20260306-AP605-00032,,AP605,target_sell,sell,10627.0,1,10,cancel_ack,data_gap,PAUSED
20260306,49714000,10:48:34.000,20260306-AP605-00033,,AP605,target_buy,buy,10140.0,1,11,submit,initial_quote,FLAT_QUOTING
20260306,49714000,10:48:34.000,20260306-AP605-00034,,AP605,target_sell,sell,10624.0,1,11,submit,initial_quote,FLAT_QUOTING
20260306,49715000,10:48:35.000,20260306-AP605-00033,,AP605,target_buy,buy,10140.0,1,11,ack,,FLAT_QUOTING
20260306,49715000,10:48:35.000,20260306-AP605-00034,,AP605,target_sell,sell,10624.0,1,11,ack,,FLAT_QUOTING
20260306,50294000,10:58:14.000,20260306-AP605-00033,,AP605,target_buy,buy,10140.0,1,11,cancel_requested,data_gap,PAUSED
20260306,50294000,10:58:14.000,20260306-AP605-00034,,AP605,target_sell,sell,10624.0,1,11,cancel_requested,data_gap,PAUSED
20260306,50295000,10:58:15.000,20260306-AP605-00033,,AP605,target_buy,buy,10140.0,1,11,cancel_ack,data_gap,PAUSED
20260306,50295000,10:58:15.000,20260306-AP605-00034,,AP605,target_sell,sell,10624.0,1,11,cancel_ack,data_gap,PAUSED
20260306,50296000,10:58:16.000,20260306-AP605-00035,,AP605,target_buy,buy,10157.0,1,12,submit,initial_quote,FLAT_QUOTING
20260306,50296000,10:58:16.000,20260306-AP605-00036,,AP605,target_sell,sell,10641.0,1,12,submit,initial_quote,FLAT_QUOTING
20260306,50297000,10:58:17.000,20260306-AP605-00035,,AP605,target_buy,buy,10157.0,1,12,ack,,FLAT_QUOTING
20260306,50297000,10:58:17.000,20260306-AP605-00036,,AP605,target_sell,sell,10641.0,1,12,ack,,FLAT_QUOTING
20260306,51513000,11:18:33.000,20260306-AP605-00035,,AP605,target_buy,buy,10157.0,1,12,cancel_requested,data_gap,PAUSED
20260306,51513000,11:18:33.000,20260306-AP605-00036,,AP605,target_sell,sell,10641.0,1,12,cancel_requested,data_gap,PAUSED
20260306,51515000,11:18:35.000,20260306-AP605-00035,,AP605,target_buy,buy,10157.0,1,12,cancel_ack,data_gap,PAUSED
20260306,51515000,11:18:35.000,20260306-AP605-00036,,AP605,target_sell,sell,10641.0,1,12,cancel_ack,data_gap,PAUSED
20260306,51516000,11:18:36.000,20260306-AP605-00037,,AP605,target_buy,buy,10151.0,1,13,submit,initial_quote,FLAT_QUOTING
20260306,51516000,11:18:36.000,20260306-AP605-00038,,AP605,target_sell,sell,10635.0,1,13,submit,initial_quote,FLAT_QUOTING
20260306,51517000,11:18:37.000,20260306-AP605-00037,,AP605,target_buy,buy,10151.0,1,13,ack,,FLAT_QUOTING
20260306,51517000,11:18:37.000,20260306-AP605-00038,,AP605,target_sell,sell,10635.0,1,13,ack,,FLAT_QUOTING
20260306,51596000,11:19:56.000,20260306-AP605-00037,,AP605,target_buy,buy,10151.0,1,13,cancel_requested,data_gap,PAUSED
20260306,51596000,11:19:56.000,20260306-AP605-00038,,AP605,target_sell,sell,10635.0,1,13,cancel_requested,data_gap,PAUSED
20260306,51597000,11:19:57.000,20260306-AP605-00037,,AP605,target_buy,buy,10151.0,1,13,cancel_ack,data_gap,PAUSED
20260306,51597000,11:19:57.000,20260306-AP605-00038,,AP605,target_sell,sell,10635.0,1,13,cancel_ack,data_gap,PAUSED
20260306,51598000,11:19:58.000,20260306-AP605-00039,,AP605,target_buy,buy,10151.0,1,14,submit,initial_quote,FLAT_QUOTING
20260306,51598000,11:19:58.000,20260306-AP605-00040,,AP605,target_sell,sell,10635.0,1,14,submit,initial_quote,FLAT_QUOTING
20260306,51599000,11:19:59.000,20260306-AP605-00039,,AP605,target_buy,buy,10151.0,1,14,ack,,FLAT_QUOTING
20260306,51599000,11:19:59.000,20260306-AP605-00040,,AP605,target_sell,sell,10635.0,1,14,ack,,FLAT_QUOTING
20260306,51824000,11:23:44.000,20260306-AP605-00039,,AP605,target_buy,buy,10151.0,1,14,cancel_requested,data_gap,PAUSED
20260306,51824000,11:23:44.000,20260306-AP605-00040,,AP605,target_sell,sell,10635.0,1,14,cancel_requested,data_gap,PAUSED
20260306,51825000,11:23:45.000,20260306-AP605-00039,,AP605,target_buy,buy,10151.0,1,14,cancel_ack,data_gap,PAUSED
20260306,51825000,11:23:45.000,20260306-AP605-00040,,AP605,target_sell,sell,10635.0,1,14,cancel_ack,data_gap,PAUSED
20260306,51826000,11:23:46.000,20260306-AP605-00041,,AP605,target_buy,buy,10154.0,1,15,submit,initial_quote,FLAT_QUOTING
20260306,51826000,11:23:46.000,20260306-AP605-00042,,AP605,target_sell,sell,10638.0,1,15,submit,initial_quote,FLAT_QUOTING
20260306,51827000,11:23:47.000,20260306-AP605-00041,,AP605,target_buy,buy,10154.0,1,15,ack,,FLAT_QUOTING
20260306,51827000,11:23:47.000,20260306-AP605-00042,,AP605,target_sell,sell,10638.0,1,15,ack,,FLAT_QUOTING
20260306,51885000,11:24:45.000,20260306-AP605-00041,,AP605,target_buy,buy,10154.0,1,15,cancel_requested,data_gap,PAUSED
20260306,51885000,11:24:45.000,20260306-AP605-00042,,AP605,target_sell,sell,10638.0,1,15,cancel_requested,data_gap,PAUSED
20260306,51886000,11:24:46.000,20260306-AP605-00041,,AP605,target_buy,buy,10154.0,1,15,cancel_ack,data_gap,PAUSED
20260306,51886000,11:24:46.000,20260306-AP605-00042,,AP605,target_sell,sell,10638.0,1,15,cancel_ack,data_gap,PAUSED
20260306,51887000,11:24:47.000,20260306-AP605-00043,,AP605,target_buy,buy,10152.0,1,16,submit,initial_quote,FLAT_QUOTING
20260306,51887000,11:24:47.000,20260306-AP605-00044,,AP605,target_sell,sell,10636.0,1,16,submit,initial_quote,FLAT_QUOTING
20260306,51890000,11:24:50.000,20260306-AP605-00043,,AP605,target_buy,buy,10152.0,1,16,ack,,FLAT_QUOTING
20260306,51890000,11:24:50.000,20260306-AP605-00044,,AP605,target_sell,sell,10636.0,1,16,ack,,FLAT_QUOTING
20260306,52200000,11:30:00.000,20260306-AP605-00043,,AP605,target_buy,buy,10152.0,1,16,cancel_requested,fair_invalid_or_session_guard,PAUSED
20260306,52200000,11:30:00.000,20260306-AP605-00044,,AP605,target_sell,sell,10636.0,1,16,cancel_requested,fair_invalid_or_session_guard,PAUSED
20260306,59400000,13:30:00.000,20260306-AP605-00043,,AP605,target_buy,buy,10152.0,1,16,cancel_ack,fair_invalid_or_session_guard,PAUSED
20260306,59400000,13:30:00.000,20260306-AP605-00044,,AP605,target_sell,sell,10636.0,1,16,cancel_ack,fair_invalid_or_session_guard,PAUSED
20260306,59461000,13:31:01.000,20260306-AP605-00045,,AP605,target_buy,buy,10149.0,1,17,submit,initial_quote,FLAT_QUOTING
20260306,59461000,13:31:01.000,20260306-AP605-00046,,AP605,target_sell,sell,10633.0,1,17,submit,initial_quote,FLAT_QUOTING
20260306,59462000,13:31:02.000,20260306-AP605-00045,,AP605,target_buy,buy,10149.0,1,17,ack,,FLAT_QUOTING
20260306,59462000,13:31:02.000,20260306-AP605-00046,,AP605,target_sell,sell,10633.0,1,17,ack,,FLAT_QUOTING
20260306,60171000,13:42:51.000,20260306-AP605-00045,,AP605,target_buy,buy,10149.0,1,17,cancel_requested,data_gap,PAUSED
20260306,60171000,13:42:51.000,20260306-AP605-00046,,AP605,target_sell,sell,10633.0,1,17,cancel_requested,data_gap,PAUSED
20260306,60172000,13:42:52.000,20260306-AP605-00045,,AP605,target_buy,buy,10149.0,1,17,cancel_ack,data_gap,PAUSED
20260306,60172000,13:42:52.000,20260306-AP605-00046,,AP605,target_sell,sell,10633.0,1,17,cancel_ack,data_gap,PAUSED
20260306,60180000,13:43:00.000,20260306-AP605-00047,,AP605,target_buy,buy,10155.0,1,18,submit,initial_quote,FLAT_QUOTING
20260306,60180000,13:43:00.000,20260306-AP605-00048,,AP605,target_sell,sell,10639.0,1,18,submit,initial_quote,FLAT_QUOTING
20260306,60181000,13:43:01.000,20260306-AP605-00047,,AP605,target_buy,buy,10155.0,1,18,ack,,FLAT_QUOTING
20260306,60181000,13:43:01.000,20260306-AP605-00048,,AP605,target_sell,sell,10639.0,1,18,ack,,FLAT_QUOTING
20260306,60426000,13:47:06.000,20260306-AP605-00047,,AP605,target_buy,buy,10155.0,1,18,cancel_requested,data_gap,PAUSED
20260306,60426000,13:47:06.000,20260306-AP605-00048,,AP605,target_sell,sell,10639.0,1,18,cancel_requested,data_gap,PAUSED
20260306,60428000,13:47:08.000,20260306-AP605-00047,,AP605,target_buy,buy,10155.0,1,18,cancel_ack,data_gap,PAUSED
20260306,60428000,13:47:08.000,20260306-AP605-00048,,AP605,target_sell,sell,10639.0,1,18,cancel_ack,data_gap,PAUSED
20260306,60481000,13:48:01.000,20260306-AP605-00049,,AP605,target_buy,buy,10158.0,1,19,submit,initial_quote,FLAT_QUOTING
20260306,60481000,13:48:01.000,20260306-AP605-00050,,AP605,target_sell,sell,10642.0,1,19,submit,initial_quote,FLAT_QUOTING
20260306,60482000,13:48:02.000,20260306-AP605-00049,,AP605,target_buy,buy,10158.0,1,19,ack,,FLAT_QUOTING
20260306,60482000,13:48:02.000,20260306-AP605-00050,,AP605,target_sell,sell,10642.0,1,19,ack,,FLAT_QUOTING
20260306,62064000,14:14:24.000,20260306-AP605-00049,,AP605,target_buy,buy,10158.0,1,19,cancel_requested,reanchor,REPLACE_PENDING
20260306,62064000,14:14:24.000,20260306-AP605-00050,,AP605,target_sell,sell,10642.0,1,19,cancel_requested,reanchor,REPLACE_PENDING
20260306,62065000,14:14:25.000,20260306-AP605-00049,,AP605,target_buy,buy,10158.0,1,19,cancel_ack,reanchor,REPLACE_PENDING
20260306,62065000,14:14:25.000,20260306-AP605-00050,,AP605,target_sell,sell,10642.0,1,19,cancel_ack,reanchor,REPLACE_PENDING
20260306,62065000,14:14:25.000,20260306-AP605-00051,,AP605,target_buy,buy,10109.0,1,20,submit,reanchor_replace,REPLACE_PENDING
20260306,62065000,14:14:25.000,20260306-AP605-00052,,AP605,target_sell,sell,10593.0,1,20,submit,reanchor_replace,REPLACE_PENDING
20260306,62066000,14:14:26.000,20260306-AP605-00051,,AP605,target_buy,buy,10109.0,1,20,ack,,REPLACE_PENDING
20260306,62066000,14:14:26.000,20260306-AP605-00052,,AP605,target_sell,sell,10593.0,1,20,ack,,REPLACE_PENDING
20260306,64800000,15:00:00.000,20260306-AP605-00051,,AP605,target_buy,buy,10109.0,1,20,cancel_requested,fair_invalid_or_session_guard,PAUSED
20260306,64800000,15:00:00.000,20260306-AP605-00052,,AP605,target_sell,sell,10593.0,1,20,cancel_requested,fair_invalid_or_session_guard,PAUSED
20260306,64800000,15:00:00.000,20260306-AP605-00051,,AP605,target_buy,buy,10109.0,1,20,expired,end_of_day,PAUSED
20260306,64800000,15:00:00.000,20260306-AP605-00052,,AP605,target_sell,sell,10593.0,1,20,expired,end_of_day,PAUSED
20260309,43261000,09:01:01.000,20260309-AP605-00001,,AP605,target_buy,buy,10214.0,1,1,submit,initial_quote,FLAT_QUOTING
20260309,43261000,09:01:01.000,20260309-AP605-00002,,AP605,target_sell,sell,10698.0,1,1,submit,initial_quote,FLAT_QUOTING
20260309,43262000,09:01:02.000,20260309-AP605-00001,,AP605,target_buy,buy,10214.0,1,1,ack,,FLAT_QUOTING
20260309,43262000,09:01:02.000,20260309-AP605-00002,,AP605,target_sell,sell,10698.0,1,1,ack,,FLAT_QUOTING
20260309,43346000,09:02:26.000,20260309-AP605-00002,,AP605,target_sell,sell,10698.0,1,1,fill,interval_vwap,FLAT_QUOTING
20260309,43346000,09:02:26.000,20260309-AP605-00001,,AP605,target_buy,buy,10214.0,1,1,cancel_requested,opposite_target_fill,FLAT_QUOTING
20260309,43347000,09:02:27.000,20260309-AP605-00001,,AP605,target_buy,buy,10214.0,1,1,cancel_ack,opposite_target_fill,SHORT_PENDING_HEDGE
20260309,43347000,09:02:27.000,20260309-AP605-00003,20260309-AP605-0001,AP604,hedge_entry,buy,,1,1,submit,,SHORT_PENDING_HEDGE
20260309,43347000,09:02:27.000,20260309-AP605-00003,20260309-AP605-0001,AP604,hedge_entry,buy,,1,1,quote_unavailable,,SHORT_PENDING_HEDGE
20260309,43347000,09:02:27.000,20260309-AP605-00004,20260309-AP605-0001,AP605,target_exit,buy,,1,1,submit,,EMERGENCY_FLATTEN
20260309,43347000,09:02:27.000,20260309-AP605-00004,20260309-AP605-0001,AP605,target_exit,buy,10535.0,1,1,fill,,EMERGENCY_FLATTEN
20260309,43354000,09:02:34.000,20260309-AP605-00005,,AP605,target_buy,buy,10245.0,1,2,submit,initial_quote,FLAT_QUOTING
20260309,43354000,09:02:34.000,20260309-AP605-00006,,AP605,target_sell,sell,10729.0,1,2,submit,initial_quote,FLAT_QUOTING
20260309,43355000,09:02:35.000,20260309-AP605-00005,,AP605,target_buy,buy,10245.0,1,2,ack,,FLAT_QUOTING
20260309,43355000,09:02:35.000,20260309-AP605-00006,,AP605,target_sell,sell,10729.0,1,2,ack,,FLAT_QUOTING
20260309,43355000,09:02:35.000,20260309-AP605-00006,,AP605,target_sell,sell,10729.0,1,2,fill,interval_vwap,FLAT_QUOTING
20260309,43355000,09:02:35.000,20260309-AP605-00005,,AP605,target_buy,buy,10245.0,1,2,cancel_requested,opposite_target_fill,FLAT_QUOTING
20260309,43356000,09:02:36.000,20260309-AP605-00005,,AP605,target_buy,buy,10245.0,1,2,cancel_ack,opposite_target_fill,SHORT_PENDING_HEDGE
20260309,43356000,09:02:36.000,20260309-AP605-00007,20260309-AP605-0002,AP604,hedge_entry,buy,,1,2,submit,,SHORT_PENDING_HEDGE
20260309,43356000,09:02:36.000,20260309-AP605-00007,20260309-AP605-0002,AP604,hedge_entry,buy,9861.0,1,2,fill,quote_key=43356000,SHORT_PENDING_HEDGE
20260309,43358000,09:02:38.000,20260309-AP605-00008,20260309-AP605-0002,AP605,target_exit,buy,,1,2,submit,,FLATTENING
20260309,43358000,09:02:38.000,20260309-AP605-00008,20260309-AP605-0002,AP605,target_exit,buy,10521.0,1,2,fill,,FLATTENING
20260309,43358000,09:02:38.000,20260309-AP605-00009,20260309-AP605-0002,AP604,hedge_exit,sell,,1,2,submit,,FLATTENING
20260309,43358000,09:02:38.000,20260309-AP605-00009,20260309-AP605-0002,AP604,hedge_exit,sell,9783.0,1,2,fill,quote_key=43358000,FLATTENING
20260309,43360000,09:02:40.000,20260309-AP605-00010,,AP605,target_buy,buy,10247.0,1,3,submit,initial_quote,FLAT_QUOTING
20260309,43360000,09:02:40.000,20260309-AP605-00011,,AP605,target_sell,sell,10731.0,1,3,submit,initial_quote,FLAT_QUOTING
20260309,43361000,09:02:41.000,20260309-AP605-00010,,AP605,target_buy,buy,10247.0,1,3,ack,,FLAT_QUOTING
20260309,43361000,09:02:41.000,20260309-AP605-00011,,AP605,target_sell,sell,10731.0,1,3,ack,,FLAT_QUOTING
20260309,43397000,09:03:17.000,20260309-AP605-00011,,AP605,target_sell,sell,10731.0,1,3,fill,interval_vwap,FLAT_QUOTING
20260309,43397000,09:03:17.000,20260309-AP605-00010,,AP605,target_buy,buy,10247.0,1,3,cancel_requested,opposite_target_fill,FLAT_QUOTING
20260309,43398000,09:03:18.000,20260309-AP605-00010,,AP605,target_buy,buy,10247.0,1,3,cancel_ack,opposite_target_fill,SHORT_PENDING_HEDGE
20260309,43398000,09:03:18.000,20260309-AP605-00012,20260309-AP605-0003,AP604,hedge_entry,buy,,1,3,submit,,SHORT_PENDING_HEDGE
20260309,43398000,09:03:18.000,20260309-AP605-00012,20260309-AP605-0003,AP604,hedge_entry,buy,9861.0,1,3,fill,quote_key=43398000,SHORT_PENDING_HEDGE
20260309,43400000,09:03:20.000,20260309-AP605-00013,20260309-AP605-0003,AP605,target_exit,buy,,1,3,submit,,FLATTENING
20260309,43400000,09:03:20.000,20260309-AP605-00013,20260309-AP605-0003,AP605,target_exit,buy,10576.0,1,3,fill,,FLATTENING
20260309,43400000,09:03:20.000,20260309-AP605-00014,20260309-AP605-0003,AP604,hedge_exit,sell,,1,3,submit,,FLATTENING
20260309,43400000,09:03:20.000,20260309-AP605-00014,20260309-AP605-0003,AP604,hedge_exit,sell,9832.0,1,3,fill,quote_key=43400000,FLATTENING
20260309,43402000,09:03:22.000,20260309-AP605-00015,,AP605,target_buy,buy,10353.0,1,4,submit,initial_quote,FLAT_QUOTING
20260309,43402000,09:03:22.000,20260309-AP605-00016,,AP605,target_sell,sell,10837.0,1,4,submit,initial_quote,FLAT_QUOTING
20260309,43403000,09:03:23.000,20260309-AP605-00015,,AP605,target_buy,buy,10353.0,1,4,ack,,FLAT_QUOTING
20260309,43403000,09:03:23.000,20260309-AP605-00016,,AP605,target_sell,sell,10837.0,1,4,ack,,FLAT_QUOTING
20260309,43407000,09:03:27.000,20260309-AP605-00016,,AP605,target_sell,sell,10837.0,1,4,fill,interval_vwap,FLAT_QUOTING
20260309,43407000,09:03:27.000,20260309-AP605-00015,,AP605,target_buy,buy,10353.0,1,4,cancel_requested,opposite_target_fill,FLAT_QUOTING
20260309,43408000,09:03:28.000,20260309-AP605-00015,,AP605,target_buy,buy,10353.0,1,4,cancel_ack,opposite_target_fill,SHORT_PENDING_HEDGE
20260309,43408000,09:03:28.000,20260309-AP605-00017,20260309-AP605-0004,AP604,hedge_entry,buy,,1,4,submit,,SHORT_PENDING_HEDGE
20260309,43408000,09:03:28.000,20260309-AP605-00017,20260309-AP605-0004,AP604,hedge_entry,buy,9935.0,1,4,fill,quote_key=43408000,SHORT_PENDING_HEDGE
20260309,43410000,09:03:30.000,20260309-AP605-00018,20260309-AP605-0004,AP605,target_exit,buy,,1,4,submit,,FLATTENING
20260309,43410000,09:03:30.000,20260309-AP605-00018,20260309-AP605-0004,AP605,target_exit,buy,10582.0,1,4,fill,,FLATTENING
20260309,43410000,09:03:30.000,20260309-AP605-00019,20260309-AP605-0004,AP604,hedge_exit,sell,,1,4,submit,,FLATTENING
20260309,43410000,09:03:30.000,20260309-AP605-00019,20260309-AP605-0004,AP604,hedge_exit,sell,9836.0,1,4,fill,quote_key=43410000,FLATTENING
20260309,43412000,09:03:32.000,20260309-AP605-00020,,AP605,target_buy,buy,10335.0,1,5,submit,initial_quote,FLAT_QUOTING
20260309,43412000,09:03:32.000,20260309-AP605-00021,,AP605,target_sell,sell,10819.0,1,5,submit,initial_quote,FLAT_QUOTING
20260309,43413000,09:03:33.000,20260309-AP605-00020,,AP605,target_buy,buy,10335.0,1,5,ack,,FLAT_QUOTING
20260309,43413000,09:03:33.000,20260309-AP605-00021,,AP605,target_sell,sell,10819.0,1,5,ack,,FLAT_QUOTING
20260309,43420000,09:03:40.000,20260309-AP605-00021,,AP605,target_sell,sell,10819.0,1,5,fill,interval_vwap,FLAT_QUOTING
20260309,43420000,09:03:40.000,20260309-AP605-00020,,AP605,target_buy,buy,10335.0,1,5,cancel_requested,opposite_target_fill,FLAT_QUOTING
20260309,43421000,09:03:41.000,20260309-AP605-00020,,AP605,target_buy,buy,10335.0,1,5,cancel_ack,opposite_target_fill,SHORT_PENDING_HEDGE
20260309,43421000,09:03:41.000,20260309-AP605-00022,20260309-AP605-0005,AP604,hedge_entry,buy,,1,5,submit,,SHORT_PENDING_HEDGE
20260309,43421000,09:03:41.000,20260309-AP605-00022,20260309-AP605-0005,AP604,hedge_entry,buy,9884.0,1,5,fill,quote_key=43421000,SHORT_PENDING_HEDGE
20260309,43423000,09:03:43.000,20260309-AP605-00023,20260309-AP605-0005,AP605,target_exit,buy,,1,5,submit,,FLATTENING
20260309,43423000,09:03:43.000,20260309-AP605-00023,20260309-AP605-0005,AP605,target_exit,buy,10571.0,1,5,fill,,FLATTENING
20260309,43423000,09:03:43.000,20260309-AP605-00024,20260309-AP605-0005,AP604,hedge_exit,sell,,1,5,submit,,FLATTENING
20260309,43423000,09:03:43.000,20260309-AP605-00024,20260309-AP605-0005,AP604,hedge_exit,sell,9827.0,1,5,fill,quote_key=43423000,FLATTENING
20260309,43425000,09:03:45.000,20260309-AP605-00025,,AP605,target_buy,buy,10331.0,1,6,submit,initial_quote,FLAT_QUOTING
20260309,43425000,09:03:45.000,20260309-AP605-00026,,AP605,target_sell,sell,10815.0,1,6,submit,initial_quote,FLAT_QUOTING
20260309,43426000,09:03:46.000,20260309-AP605-00025,,AP605,target_buy,buy,10331.0,1,6,ack,,FLAT_QUOTING
20260309,43426000,09:03:46.000,20260309-AP605-00026,,AP605,target_sell,sell,10815.0,1,6,ack,,FLAT_QUOTING
20260309,43436000,09:03:56.000,20260309-AP605-00026,,AP605,target_sell,sell,10815.0,1,6,fill,interval_vwap,FLAT_QUOTING
20260309,43436000,09:03:56.000,20260309-AP605-00025,,AP605,target_buy,buy,10331.0,1,6,cancel_requested,opposite_target_fill,FLAT_QUOTING
20260309,43437000,09:03:57.000,20260309-AP605-00025,,AP605,target_buy,buy,10331.0,1,6,cancel_ack,opposite_target_fill,SHORT_PENDING_HEDGE
20260309,43437000,09:03:57.000,20260309-AP605-00027,20260309-AP605-0006,AP604,hedge_entry,buy,,1,6,submit,,SHORT_PENDING_HEDGE
20260309,43437000,09:03:57.000,20260309-AP605-00027,20260309-AP605-0006,AP604,hedge_entry,buy,9883.0,1,6,fill,quote_key=43437000,SHORT_PENDING_HEDGE
20260309,43439000,09:03:59.000,20260309-AP605-00028,20260309-AP605-0006,AP605,target_exit,buy,,1,6,submit,,FLATTENING
20260309,43439000,09:03:59.000,20260309-AP605-00028,20260309-AP605-0006,AP605,target_exit,buy,10585.0,1,6,fill,,FLATTENING
20260309,43439000,09:03:59.000,20260309-AP605-00029,20260309-AP605-0006,AP604,hedge_exit,sell,,1,6,submit,,FLATTENING
20260309,43439000,09:03:59.000,20260309-AP605-00029,20260309-AP605-0006,AP604,hedge_exit,sell,9840.0,1,6,fill,quote_key=43439000,FLATTENING
20260309,43441000,09:04:01.000,20260309-AP605-00030,,AP605,target_buy,buy,10327.0,1,7,submit,initial_quote,FLAT_QUOTING
20260309,43441000,09:04:01.000,20260309-AP605-00031,,AP605,target_sell,sell,10811.0,1,7,submit,initial_quote,FLAT_QUOTING
20260309,43442000,09:04:02.000,20260309-AP605-00030,,AP605,target_buy,buy,10327.0,1,7,ack,,FLAT_QUOTING
20260309,43442000,09:04:02.000,20260309-AP605-00031,,AP605,target_sell,sell,10811.0,1,7,ack,,FLAT_QUOTING
20260309,43457000,09:04:17.000,20260309-AP605-00031,,AP605,target_sell,sell,10811.0,1,7,fill,interval_vwap,FLAT_QUOTING
20260309,43457000,09:04:17.000,20260309-AP605-00030,,AP605,target_buy,buy,10327.0,1,7,cancel_requested,opposite_target_fill,FLAT_QUOTING
20260309,43458000,09:04:18.000,20260309-AP605-00030,,AP605,target_buy,buy,10327.0,1,7,cancel_ack,opposite_target_fill,SHORT_PENDING_HEDGE
20260309,43458000,09:04:18.000,20260309-AP605-00032,20260309-AP605-0007,AP604,hedge_entry,buy,,1,7,submit,,SHORT_PENDING_HEDGE
20260309,43458000,09:04:18.000,20260309-AP605-00032,20260309-AP605-0007,AP604,hedge_entry,buy,9883.0,1,7,fill,quote_key=43458000,SHORT_PENDING_HEDGE
20260309,43460000,09:04:20.000,20260309-AP605-00033,20260309-AP605-0007,AP605,target_exit,buy,,1,7,submit,,FLATTENING
20260309,43460000,09:04:20.000,20260309-AP605-00033,20260309-AP605-0007,AP605,target_exit,buy,10607.0,1,7,fill,,FLATTENING
20260309,43460000,09:04:20.000,20260309-AP605-00034,20260309-AP605-0007,AP604,hedge_exit,sell,,1,7,submit,,FLATTENING
20260309,43460000,09:04:20.000,20260309-AP605-00034,20260309-AP605-0007,AP604,hedge_exit,sell,9864.0,1,7,fill,quote_key=43460000,FLATTENING
20260309,43462000,09:04:22.000,20260309-AP605-00035,,AP605,target_buy,buy,10369.0,1,8,submit,initial_quote,FLAT_QUOTING
20260309,43462000,09:04:22.000,20260309-AP605-00036,,AP605,target_sell,sell,10853.0,1,8,submit,initial_quote,FLAT_QUOTING
20260309,43463000,09:04:23.000,20260309-AP605-00035,,AP605,target_buy,buy,10369.0,1,8,ack,,FLAT_QUOTING
20260309,43463000,09:04:23.000,20260309-AP605-00036,,AP605,target_sell,sell,10853.0,1,8,ack,,FLAT_QUOTING
20260309,43464000,09:04:24.000,20260309-AP605-00036,,AP605,target_sell,sell,10853.0,1,8,fill,interval_vwap,FLAT_QUOTING
20260309,43464000,09:04:24.000,20260309-AP605-00035,,AP605,target_buy,buy,10369.0,1,8,cancel_requested,opposite_target_fill,FLAT_QUOTING
20260309,43465000,09:04:25.000,20260309-AP605-00035,,AP605,target_buy,buy,10369.0,1,8,cancel_ack,opposite_target_fill,SHORT_PENDING_HEDGE
20260309,43465000,09:04:25.000,20260309-AP605-00037,20260309-AP605-0008,AP604,hedge_entry,buy,,1,8,submit,,SHORT_PENDING_HEDGE
20260309,43465000,09:04:25.000,20260309-AP605-00037,20260309-AP605-0008,AP604,hedge_entry,buy,9915.0,1,8,fill,quote_key=43465000,SHORT_PENDING_HEDGE
20260309,43467000,09:04:27.000,20260309-AP605-00038,20260309-AP605-0008,AP605,target_exit,buy,,1,8,submit,,FLATTENING
20260309,43467000,09:04:27.000,20260309-AP605-00038,20260309-AP605-0008,AP605,target_exit,buy,10612.0,1,8,fill,,FLATTENING
20260309,43467000,09:04:27.000,20260309-AP605-00039,20260309-AP605-0008,AP604,hedge_exit,sell,,1,8,submit,,FLATTENING
20260309,43467000,09:04:27.000,20260309-AP605-00039,20260309-AP605-0008,AP604,hedge_exit,sell,9871.0,1,8,fill,quote_key=43467000,FLATTENING
20260309,43469000,09:04:29.000,20260309-AP605-00040,,AP605,target_buy,buy,10363.0,1,9,submit,initial_quote,FLAT_QUOTING
20260309,43469000,09:04:29.000,20260309-AP605-00041,,AP605,target_sell,sell,10847.0,1,9,submit,initial_quote,FLAT_QUOTING
20260309,43470000,09:04:30.000,20260309-AP605-00040,,AP605,target_buy,buy,10363.0,1,9,ack,,FLAT_QUOTING
20260309,43470000,09:04:30.000,20260309-AP605-00041,,AP605,target_sell,sell,10847.0,1,9,ack,,FLAT_QUOTING
20260309,44080000,09:14:40.000,20260309-AP605-00040,,AP605,target_buy,buy,10363.0,1,9,cancel_requested,reanchor,REPLACE_PENDING
20260309,44080000,09:14:40.000,20260309-AP605-00041,,AP605,target_sell,sell,10847.0,1,9,cancel_requested,reanchor,REPLACE_PENDING
20260309,44081000,09:14:41.000,20260309-AP605-00040,,AP605,target_buy,buy,10363.0,1,9,cancel_ack,reanchor,REPLACE_PENDING
20260309,44081000,09:14:41.000,20260309-AP605-00041,,AP605,target_sell,sell,10847.0,1,9,cancel_ack,reanchor,REPLACE_PENDING
20260309,44081000,09:14:41.000,20260309-AP605-00042,,AP605,target_buy,buy,10314.0,1,10,submit,reanchor_replace,REPLACE_PENDING
20260309,44081000,09:14:41.000,20260309-AP605-00043,,AP605,target_sell,sell,10798.0,1,10,submit,reanchor_replace,REPLACE_PENDING
20260309,44082000,09:14:42.000,20260309-AP605-00042,,AP605,target_buy,buy,10314.0,1,10,ack,,REPLACE_PENDING
20260309,44082000,09:14:42.000,20260309-AP605-00043,,AP605,target_sell,sell,10798.0,1,10,ack,,REPLACE_PENDING
20260309,44388000,09:19:48.000,20260309-AP605-00042,,AP605,target_buy,buy,10314.0,1,10,cancel_requested,reanchor,REPLACE_PENDING
20260309,44388000,09:19:48.000,20260309-AP605-00043,,AP605,target_sell,sell,10798.0,1,10,cancel_requested,reanchor,REPLACE_PENDING
20260309,44389000,09:19:49.000,20260309-AP605-00042,,AP605,target_buy,buy,10314.0,1,10,cancel_ack,reanchor,REPLACE_PENDING
20260309,44389000,09:19:49.000,20260309-AP605-00043,,AP605,target_sell,sell,10798.0,1,10,cancel_ack,reanchor,REPLACE_PENDING
20260309,44389000,09:19:49.000,20260309-AP605-00044,,AP605,target_buy,buy,10265.0,1,11,submit,reanchor_replace,REPLACE_PENDING
20260309,44389000,09:19:49.000,20260309-AP605-00045,,AP605,target_sell,sell,10749.0,1,11,submit,reanchor_replace,REPLACE_PENDING
20260309,44390000,09:19:50.000,20260309-AP605-00044,,AP605,target_buy,buy,10265.0,1,11,ack,,REPLACE_PENDING
20260309,44390000,09:19:50.000,20260309-AP605-00045,,AP605,target_sell,sell,10749.0,1,11,ack,,REPLACE_PENDING
20260309,44633000,09:23:53.000,20260309-AP605-00044,,AP605,target_buy,buy,10265.0,1,11,cancel_requested,reanchor,REPLACE_PENDING
20260309,44633000,09:23:53.000,20260309-AP605-00045,,AP605,target_sell,sell,10749.0,1,11,cancel_requested,reanchor,REPLACE_PENDING
20260309,44634000,09:23:54.000,20260309-AP605-00044,,AP605,target_buy,buy,10265.0,1,11,cancel_ack,reanchor,REPLACE_PENDING
20260309,44634000,09:23:54.000,20260309-AP605-00045,,AP605,target_sell,sell,10749.0,1,11,cancel_ack,reanchor,REPLACE_PENDING
20260309,44634000,09:23:54.000,20260309-AP605-00046,,AP605,target_buy,buy,10216.0,1,12,submit,reanchor_replace,REPLACE_PENDING
20260309,44634000,09:23:54.000,20260309-AP605-00047,,AP605,target_sell,sell,10700.0,1,12,submit,reanchor_replace,REPLACE_PENDING
20260309,44635000,09:23:55.000,20260309-AP605-00046,,AP605,target_buy,buy,10216.0,1,12,ack,,REPLACE_PENDING
20260309,44635000,09:23:55.000,20260309-AP605-00047,,AP605,target_sell,sell,10700.0,1,12,ack,,REPLACE_PENDING
20260309,46730000,09:58:50.000,20260309-AP605-00046,,AP605,target_buy,buy,10216.0,1,12,cancel_requested,data_gap,PAUSED
20260309,46730000,09:58:50.000,20260309-AP605-00047,,AP605,target_sell,sell,10700.0,1,12,cancel_requested,data_gap,PAUSED
20260309,46731000,09:58:51.000,20260309-AP605-00046,,AP605,target_buy,buy,10216.0,1,12,cancel_ack,data_gap,PAUSED
20260309,46731000,09:58:51.000,20260309-AP605-00047,,AP605,target_sell,sell,10700.0,1,12,cancel_ack,data_gap,PAUSED
20260309,46732000,09:58:52.000,20260309-AP605-00048,,AP605,target_buy,buy,10146.0,1,13,submit,initial_quote,FLAT_QUOTING
20260309,46732000,09:58:52.000,20260309-AP605-00049,,AP605,target_sell,sell,10630.0,1,13,submit,initial_quote,FLAT_QUOTING
20260309,46733000,09:58:53.000,20260309-AP605-00048,,AP605,target_buy,buy,10146.0,1,13,ack,,FLAT_QUOTING
20260309,46733000,09:58:53.000,20260309-AP605-00049,,AP605,target_sell,sell,10630.0,1,13,ack,,FLAT_QUOTING
20260309,47700000,10:15:00.000,20260309-AP605-00048,,AP605,target_buy,buy,10146.0,1,13,cancel_requested,fair_invalid_or_session_guard,PAUSED
20260309,47700000,10:15:00.000,20260309-AP605-00049,,AP605,target_sell,sell,10630.0,1,13,cancel_requested,fair_invalid_or_session_guard,PAUSED
20260309,48600000,10:30:00.000,20260309-AP605-00048,,AP605,target_buy,buy,10146.0,1,13,cancel_ack,fair_invalid_or_session_guard,PAUSED
20260309,48600000,10:30:00.000,20260309-AP605-00049,,AP605,target_sell,sell,10630.0,1,13,cancel_ack,fair_invalid_or_session_guard,PAUSED
20260309,48661000,10:31:01.000,20260309-AP605-00050,,AP605,target_buy,buy,10171.0,1,14,submit,initial_quote,FLAT_QUOTING
20260309,48661000,10:31:01.000,20260309-AP605-00051,,AP605,target_sell,sell,10655.0,1,14,submit,initial_quote,FLAT_QUOTING
20260309,48662000,10:31:02.000,20260309-AP605-00050,,AP605,target_buy,buy,10171.0,1,14,ack,,FLAT_QUOTING
20260309,48662000,10:31:02.000,20260309-AP605-00051,,AP605,target_sell,sell,10655.0,1,14,ack,,FLAT_QUOTING
20260309,50735000,11:05:35.000,20260309-AP605-00050,,AP605,target_buy,buy,10171.0,1,14,cancel_requested,reanchor,REPLACE_PENDING
20260309,50735000,11:05:35.000,20260309-AP605-00051,,AP605,target_sell,sell,10655.0,1,14,cancel_requested,reanchor,REPLACE_PENDING
20260309,50736000,11:05:36.000,20260309-AP605-00050,,AP605,target_buy,buy,10171.0,1,14,cancel_ack,reanchor,REPLACE_PENDING
20260309,50736000,11:05:36.000,20260309-AP605-00051,,AP605,target_sell,sell,10655.0,1,14,cancel_ack,reanchor,REPLACE_PENDING
20260309,50736000,11:05:36.000,20260309-AP605-00052,,AP605,target_buy,buy,10122.0,1,15,submit,reanchor_replace,REPLACE_PENDING
20260309,50736000,11:05:36.000,20260309-AP605-00053,,AP605,target_sell,sell,10606.0,1,15,submit,reanchor_replace,REPLACE_PENDING
20260309,50737000,11:05:37.000,20260309-AP605-00052,,AP605,target_buy,buy,10122.0,1,15,ack,,REPLACE_PENDING
20260309,50737000,11:05:37.000,20260309-AP605-00053,,AP605,target_sell,sell,10606.0,1,15,ack,,REPLACE_PENDING
20260309,59400000,13:30:00.000,20260309-AP605-00052,,AP605,target_buy,buy,10122.0,1,15,cancel_requested,data_gap,PAUSED
20260309,59400000,13:30:00.000,20260309-AP605-00053,,AP605,target_sell,sell,10606.0,1,15,cancel_requested,data_gap,PAUSED
20260309,59401000,13:30:01.000,20260309-AP605-00052,,AP605,target_buy,buy,10122.0,1,15,cancel_ack,data_gap,PAUSED
20260309,59401000,13:30:01.000,20260309-AP605-00053,,AP605,target_sell,sell,10606.0,1,15,cancel_ack,data_gap,PAUSED
20260309,59461000,13:31:01.000,20260309-AP605-00054,,AP605,target_buy,buy,10062.0,1,16,submit,initial_quote,FLAT_QUOTING
20260309,59461000,13:31:01.000,20260309-AP605-00055,,AP605,target_sell,sell,10546.0,1,16,submit,initial_quote,FLAT_QUOTING
20260309,59462000,13:31:02.000,20260309-AP605-00054,,AP605,target_buy,buy,10062.0,1,16,ack,,FLAT_QUOTING
20260309,59462000,13:31:02.000,20260309-AP605-00055,,AP605,target_sell,sell,10546.0,1,16,ack,,FLAT_QUOTING
20260309,61279000,14:01:19.000,20260309-AP605-00054,,AP605,target_buy,buy,10062.0,1,16,cancel_requested,data_gap,PAUSED
20260309,61279000,14:01:19.000,20260309-AP605-00055,,AP605,target_sell,sell,10546.0,1,16,cancel_requested,data_gap,PAUSED
20260309,61280000,14:01:20.000,20260309-AP605-00054,,AP605,target_buy,buy,10062.0,1,16,cancel_ack,data_gap,PAUSED
20260309,61280000,14:01:20.000,20260309-AP605-00055,,AP605,target_sell,sell,10546.0,1,16,cancel_ack,data_gap,PAUSED
20260309,61281000,14:01:21.000,20260309-AP605-00056,,AP605,target_buy,buy,10024.0,1,17,submit,initial_quote,FLAT_QUOTING
20260309,61281000,14:01:21.000,20260309-AP605-00057,,AP605,target_sell,sell,10508.0,1,17,submit,initial_quote,FLAT_QUOTING
20260309,61282000,14:01:22.000,20260309-AP605-00056,,AP605,target_buy,buy,10024.0,1,17,ack,,FLAT_QUOTING
20260309,61282000,14:01:22.000,20260309-AP605-00057,,AP605,target_sell,sell,10508.0,1,17,ack,,FLAT_QUOTING
20260309,62010000,14:13:30.000,20260309-AP605-00056,,AP605,target_buy,buy,10024.0,1,17,cancel_requested,data_gap,PAUSED
20260309,62010000,14:13:30.000,20260309-AP605-00057,,AP605,target_sell,sell,10508.0,1,17,cancel_requested,data_gap,PAUSED
20260309,62011000,14:13:31.000,20260309-AP605-00056,,AP605,target_buy,buy,10024.0,1,17,cancel_ack,data_gap,PAUSED
20260309,62011000,14:13:31.000,20260309-AP605-00057,,AP605,target_sell,sell,10508.0,1,17,cancel_ack,data_gap,PAUSED
20260309,62012000,14:13:32.000,20260309-AP605-00058,,AP605,target_buy,buy,10040.0,1,18,submit,initial_quote,FLAT_QUOTING
20260309,62012000,14:13:32.000,20260309-AP605-00059,,AP605,target_sell,sell,10524.0,1,18,submit,initial_quote,FLAT_QUOTING
20260309,62013000,14:13:33.000,20260309-AP605-00058,,AP605,target_buy,buy,10040.0,1,18,ack,,FLAT_QUOTING
20260309,62013000,14:13:33.000,20260309-AP605-00059,,AP605,target_sell,sell,10524.0,1,18,ack,,FLAT_QUOTING
20260309,62029000,14:13:49.000,20260309-AP605-00058,,AP605,target_buy,buy,10040.0,1,18,cancel_requested,data_gap,PAUSED
20260309,62029000,14:13:49.000,20260309-AP605-00059,,AP605,target_sell,sell,10524.0,1,18,cancel_requested,data_gap,PAUSED
20260309,62030000,14:13:50.000,20260309-AP605-00058,,AP605,target_buy,buy,10040.0,1,18,cancel_ack,data_gap,PAUSED
20260309,62030000,14:13:50.000,20260309-AP605-00059,,AP605,target_sell,sell,10524.0,1,18,cancel_ack,data_gap,PAUSED
20260309,62031000,14:13:51.000,20260309-AP605-00060,,AP605,target_buy,buy,10042.0,1,19,submit,initial_quote,FLAT_QUOTING
20260309,62031000,14:13:51.000,20260309-AP605-00061,,AP605,target_sell,sell,10526.0,1,19,submit,initial_quote,FLAT_QUOTING
20260309,62032000,14:13:52.000,20260309-AP605-00060,,AP605,target_buy,buy,10042.0,1,19,ack,,FLAT_QUOTING
20260309,62032000,14:13:52.000,20260309-AP605-00061,,AP605,target_sell,sell,10526.0,1,19,ack,,FLAT_QUOTING
20260309,62047000,14:14:07.000,20260309-AP605-00060,,AP605,target_buy,buy,10042.0,1,19,cancel_requested,data_gap,PAUSED
20260309,62047000,14:14:07.000,20260309-AP605-00061,,AP605,target_sell,sell,10526.0,1,19,cancel_requested,data_gap,PAUSED
20260309,62048000,14:14:08.000,20260309-AP605-00060,,AP605,target_buy,buy,10042.0,1,19,cancel_ack,data_gap,PAUSED
20260309,62048000,14:14:08.000,20260309-AP605-00061,,AP605,target_sell,sell,10526.0,1,19,cancel_ack,data_gap,PAUSED
20260309,62049000,14:14:09.000,20260309-AP605-00062,,AP605,target_buy,buy,10036.0,1,20,submit,initial_quote,FLAT_QUOTING
20260309,62049000,14:14:09.000,20260309-AP605-00063,,AP605,target_sell,sell,10520.0,1,20,submit,initial_quote,FLAT_QUOTING
20260309,62050000,14:14:10.000,20260309-AP605-00062,,AP605,target_buy,buy,10036.0,1,20,ack,,FLAT_QUOTING
20260309,62050000,14:14:10.000,20260309-AP605-00063,,AP605,target_sell,sell,10520.0,1,20,ack,,FLAT_QUOTING
20260309,62753000,14:25:53.000,20260309-AP605-00062,,AP605,target_buy,buy,10036.0,1,20,cancel_requested,data_gap,PAUSED
20260309,62753000,14:25:53.000,20260309-AP605-00063,,AP605,target_sell,sell,10520.0,1,20,cancel_requested,data_gap,PAUSED
20260309,62755000,14:25:55.000,20260309-AP605-00062,,AP605,target_buy,buy,10036.0,1,20,cancel_ack,data_gap,PAUSED
20260309,62755000,14:25:55.000,20260309-AP605-00063,,AP605,target_sell,sell,10520.0,1,20,cancel_ack,data_gap,PAUSED
20260309,62760000,14:26:00.000,20260309-AP605-00064,,AP605,target_buy,buy,10040.0,1,21,submit,initial_quote,FLAT_QUOTING
20260309,62760000,14:26:00.000,20260309-AP605-00065,,AP605,target_sell,sell,10524.0,1,21,submit,initial_quote,FLAT_QUOTING
20260309,62762000,14:26:02.000,20260309-AP605-00064,,AP605,target_buy,buy,10040.0,1,21,ack,,FLAT_QUOTING
20260309,62762000,14:26:02.000,20260309-AP605-00065,,AP605,target_sell,sell,10524.0,1,21,ack,,FLAT_QUOTING
20260309,63399000,14:36:39.000,20260309-AP605-00064,,AP605,target_buy,buy,10040.0,1,21,cancel_requested,data_gap,PAUSED
20260309,63399000,14:36:39.000,20260309-AP605-00065,,AP605,target_sell,sell,10524.0,1,21,cancel_requested,data_gap,PAUSED
20260309,63400000,14:36:40.000,20260309-AP605-00064,,AP605,target_buy,buy,10040.0,1,21,cancel_ack,data_gap,PAUSED
20260309,63400000,14:36:40.000,20260309-AP605-00065,,AP605,target_sell,sell,10524.0,1,21,cancel_ack,data_gap,PAUSED
20260309,63402000,14:36:42.000,20260309-AP605-00066,,AP605,target_buy,buy,10069.0,1,22,submit,initial_quote,FLAT_QUOTING
20260309,63402000,14:36:42.000,20260309-AP605-00067,,AP605,target_sell,sell,10553.0,1,22,submit,initial_quote,FLAT_QUOTING
20260309,63403000,14:36:43.000,20260309-AP605-00066,,AP605,target_buy,buy,10069.0,1,22,ack,,FLAT_QUOTING
20260309,63403000,14:36:43.000,20260309-AP605-00067,,AP605,target_sell,sell,10553.0,1,22,ack,,FLAT_QUOTING
20260309,63933000,14:45:33.000,20260309-AP605-00066,,AP605,target_buy,buy,10069.0,1,22,cancel_requested,data_gap,PAUSED
20260309,63933000,14:45:33.000,20260309-AP605-00067,,AP605,target_sell,sell,10553.0,1,22,cancel_requested,data_gap,PAUSED
20260309,63934000,14:45:34.000,20260309-AP605-00066,,AP605,target_buy,buy,10069.0,1,22,cancel_ack,data_gap,PAUSED
20260309,63934000,14:45:34.000,20260309-AP605-00067,,AP605,target_sell,sell,10553.0,1,22,cancel_ack,data_gap,PAUSED
20260309,63936000,14:45:36.000,20260309-AP605-00068,,AP605,target_buy,buy,10062.0,1,23,submit,initial_quote,FLAT_QUOTING
20260309,63936000,14:45:36.000,20260309-AP605-00069,,AP605,target_sell,sell,10546.0,1,23,submit,initial_quote,FLAT_QUOTING
20260309,63937000,14:45:37.000,20260309-AP605-00068,,AP605,target_buy,buy,10062.0,1,23,ack,,FLAT_QUOTING
20260309,63937000,14:45:37.000,20260309-AP605-00069,,AP605,target_sell,sell,10546.0,1,23,ack,,FLAT_QUOTING
20260309,63949000,14:45:49.000,20260309-AP605-00068,,AP605,target_buy,buy,10062.0,1,23,cancel_requested,data_gap,PAUSED
20260309,63949000,14:45:49.000,20260309-AP605-00069,,AP605,target_sell,sell,10546.0,1,23,cancel_requested,data_gap,PAUSED
20260309,63950000,14:45:50.000,20260309-AP605-00068,,AP605,target_buy,buy,10062.0,1,23,cancel_ack,data_gap,PAUSED
20260309,63950000,14:45:50.000,20260309-AP605-00069,,AP605,target_sell,sell,10546.0,1,23,cancel_ack,data_gap,PAUSED
20260309,63951000,14:45:51.000,20260309-AP605-00070,,AP605,target_buy,buy,10063.0,1,24,submit,initial_quote,FLAT_QUOTING
20260309,63951000,14:45:51.000,20260309-AP605-00071,,AP605,target_sell,sell,10547.0,1,24,submit,initial_quote,FLAT_QUOTING
20260309,63952000,14:45:52.000,20260309-AP605-00070,,AP605,target_buy,buy,10063.0,1,24,ack,,FLAT_QUOTING
20260309,63952000,14:45:52.000,20260309-AP605-00071,,AP605,target_sell,sell,10547.0,1,24,ack,,FLAT_QUOTING
20260309,64057000,14:47:37.000,20260309-AP605-00070,,AP605,target_buy,buy,10063.0,1,24,cancel_requested,data_gap,PAUSED
20260309,64057000,14:47:37.000,20260309-AP605-00071,,AP605,target_sell,sell,10547.0,1,24,cancel_requested,data_gap,PAUSED
20260309,64058000,14:47:38.000,20260309-AP605-00070,,AP605,target_buy,buy,10063.0,1,24,cancel_ack,data_gap,PAUSED
20260309,64058000,14:47:38.000,20260309-AP605-00071,,AP605,target_sell,sell,10547.0,1,24,cancel_ack,data_gap,PAUSED
20260309,64059000,14:47:39.000,20260309-AP605-00072,,AP605,target_buy,buy,10075.0,1,25,submit,initial_quote,FLAT_QUOTING
20260309,64059000,14:47:39.000,20260309-AP605-00073,,AP605,target_sell,sell,10559.0,1,25,submit,initial_quote,FLAT_QUOTING
20260309,64060000,14:47:40.000,20260309-AP605-00072,,AP605,target_buy,buy,10075.0,1,25,ack,,FLAT_QUOTING
20260309,64060000,14:47:40.000,20260309-AP605-00073,,AP605,target_sell,sell,10559.0,1,25,ack,,FLAT_QUOTING
20260309,64800000,15:00:00.000,20260309-AP605-00072,,AP605,target_buy,buy,10075.0,1,25,cancel_requested,fair_invalid_or_session_guard,PAUSED
20260309,64800000,15:00:00.000,20260309-AP605-00073,,AP605,target_sell,sell,10559.0,1,25,cancel_requested,fair_invalid_or_session_guard,PAUSED
20260309,64800000,15:00:00.000,20260309-AP605-00072,,AP605,target_buy,buy,10075.0,1,25,expired,end_of_day,PAUSED
20260309,64800000,15:00:00.000,20260309-AP605-00073,,AP605,target_sell,sell,10559.0,1,25,expired,end_of_day,PAUSED
